season,player_id,first_name,last_name,full_name,position,team_name,team_short,age,height_inches,weight_lbs,college,years_pro,jersey_num,birth_day,birth_month,birth_year,overall,archetype,iteration,handedness,x_factor,ability_1,ability_2,ability_3,ability_4,ability_5,ability_6,accel_rating,agility_rating,awareness_rating,bcv_rating,block_shed_rating,break_sack_rating,break_tackle_rating,carry_rating,catch_rating,change_of_direction_rating,cit_rating,finesse_moves_rating,hit_power_rating,impact_block_rating,injury_rating,juke_move_rating,jump_rating,kick_acc_rating,kick_power_rating,kick_ret_rating,lead_block_rating,man_cover_rating,pass_block_finesse_rating,pass_block_power_rating,pass_block_rating,play_action_rating,play_rec_rating,power_moves_rating,press_rating,pursuit_rating,release_rating,route_run_deep_rating,route_run_med_rating,route_run_short_rating,run_block_finesse_rating,run_block_power_rating,run_block_rating,running_style,spec_catch_rating,speed_rating,spin_move_rating,stamina_rating,stiff_arm_rating,strength_rating,tackle_rating,throw_acc_deep_rating,throw_acc_mid_rating,throw_acc_short_rating,throw_on_run_rating,throw_power_rating,throw_under_pressure_rating,tough_rating,truck_rating,zone_cover_rating
m27-1,21586,Ja'Marr,Chase,Ja'Marr Chase,WR,Cincinnati Bengals,Bengals,26,72,205,LSU,5,1,1,3,2000,99,Deep Threat - WR,Launch Ratings,1,Double Me,Mid In Elite,Runoff Elite,Mid Out Elite,Acrobat,Quick Jump,,95,92,99,98,37,29,88,71,98,96,94,10,27,46,92,90,98,17,24,60,27,13,20,26,37,10,17,10,15,36,99,98,97,95,27,31,53,Default,97,96,83,96,76,73,39,10,15,20,19,33,22,88,71,17
m27-1,22694,Jaxon,Smith-Njigba,Jaxon Smith-Njigba,WR,Seattle Seahawks,Seahawks,24,73,200,Ohio State,3,11,14,2,2002,99,Deep Threat - WR,Launch Ratings,1,Double Me,Deep Out Elite,Mid Out Elite,Quick Jump,,,,95,96,98,93,25,18,81,72,97,94,93,10,20,48,87,86,89,11,16,70,31,16,22,24,31,6,17,10,10,27,98,97,99,97,24,27,50,Default,98,93,76,94,61,63,24,6,10,15,10,29,16,82,45,14
m27-1,13197,Josh,Allen,Josh Allen,QB,Buffalo Bills,Bills,30,77,237,Wyoming,8,17,21,5,1996,99,Improviser - QB,Launch Ratings,1,Bazooka,Fastbreak,Dashing Deadeye,Extender,Gunslinger,,,90,84,96,97,23,94,86,63,40,81,20,9,11,26,99,81,92,14,22,13,17,12,10,15,14,97,15,9,9,33,18,13,15,22,10,10,17,Default Stride Bread Loaf,23,87,78,98,83,81,32,93,90,97,98,98,94,98,76,18
m27-1,20051,Matthew,Stafford,Matthew Stafford,QB,Los Angeles Rams,Rams,38,75,214,Georgia,17,9,7,2,1988,99,Field General - QB,Launch Ratings,1,Dots,Long Range Deadeye,No-Look Deadeye,Lofting Deadeye,,,,73,70,99,71,26,73,52,62,26,66,15,10,12,27,88,55,75,25,28,10,17,10,22,24,25,90,17,10,10,29,15,12,14,15,19,17,22,Default,15,79,39,90,36,66,28,94,97,99,90,95,84,98,47,22
m27-1,12520,Myles,Garrett,Myles Garrett,REDG,Los Angeles Rams,Rams,30,76,272,Texas AM,9,95,29,12,1995,99,Power Rusher - DE,Launch Ratings,1,Unstoppable Force,Edge Threat,Demoralizer,El Toro,Enforcer,Quick Jump,,90,86,97,39,96,12,34,55,52,71,21,93,84,90,93,36,94,20,20,10,17,51,45,45,45,10,94,99,44,97,31,4,8,15,45,45,45,Long Stride Default,25,86,40,93,48,96,92,27,30,31,23,55,16,87,36,51
m27-1,22093,Trey,McBride,Trey McBride,TE,Arizona Cardinals,Cardinals,26,76,246,Colorado St.,4,85,22,11,1999,99,Vertical Threat - TE,Launch Ratings,1,YAC 'Em Up,Deep In Elite,Mid Out Elite,Short In Elite,,,,90,84,99,88,45,17,80,75,99,79,93,29,32,67,93,78,94,20,22,35,52,15,62,61,62,6,32,25,10,41,85,78,83,88,63,60,64,Long Stride Default,92,88,75,97,77,76,38,6,10,15,10,33,10,87,71,20
m27-1,23026,Christian,Gonzalez,Christian Gonzalez,CB,New England Patriots,Patriots,24,74,201,Oregon,3,0,28,6,2002,98,Manto Man - CB,Launch Ratings,1,Universal Coverage,Lurker,Short Route KO,One Step Ahead,,,,93,94,98,75,53,10,67,60,74,95,62,37,49,48,90,74,95,42,46,55,15,98,24,25,30,6,98,28,86,77,40,20,27,37,27,32,32,Default Stride Loose,73,96,66,90,57,59,76,6,10,15,10,35,10,78,42,90
m27-1,22691,Jahmyr,Gibbs,Jahmyr Gibbs,HB,Detroit Lions,Lions,24,69,199,Alabama,3,0,20,3,2002,98,Elusive Back - HB,Launch Ratings,1,First One Free,Evasive,Human Joystick,,,,,95,93,88,92,30,25,84,96,74,92,64,10,28,32,90,96,81,10,14,80,29,12,29,34,51,10,16,10,16,37,65,63,69,73,24,16,30,Default,64,98,94,88,72,72,30,13,17,21,15,26,14,84,82,15
m27-1,21476,Micah,Parsons,Micah Parsons,REDG,Green Bay Packers,Packers,27,75,245,Penn State,5,1,26,5,1999,98,Smaller Speed Rusher - DE,Launch Ratings,1,Dual Threat,Secure Tackler,Edge Threat,Out My Way,Recuperation,Quick Jump,,94,89,98,71,80,12,57,69,62,76,44,97,84,84,92,71,85,20,20,60,20,59,45,45,45,6,96,92,57,94,36,31,36,40,45,45,45,Default Stride Loose,47,89,61,86,58,91,89,6,6,6,6,30,15,87,62,64
m27-1,21540,Penei,Sewell,Penei Sewell,LT,Detroit Lions,Lions,25,78,335,Oregon,5,58,9,10,2000,98,Power - OT,Launch Ratings,1,,Screen Protector,Tough Nut,Run Protector,,,,73,59,98,20,35,13,15,35,44,58,17,16,33,96,94,10,70,20,23,10,97,12,86,94,90,6,19,24,10,37,15,5,17,28,99,99,99,Default Stride Awkward,15,73,10,95,25,97,32,6,6,6,6,18,14,91,30,12
m27-1,22811,Puka,Nacua,Puka Nacua,WR,Los Angeles Rams,Rams,25,73,216,BYU,3,12,29,5,2001,98,Slot - WR,Launch Ratings,1,Double Me,Short In Elite,Mid In Elite,Route Technician,Quick Jump,,,92,92,97,96,20,21,86,76,98,94,98,10,21,55,83,89,93,25,29,35,35,10,20,25,30,29,15,10,15,29,92,92,96,98,33,36,62,Default,99,93,84,98,72,69,28,6,10,15,33,25,29,95,53,16
m27-1,12556,Christian,McCaffrey,Christian McCaffrey,HB,San Francisco 49ers,49ers,30,71,205,Stanford,9,23,7,6,1996,97,Receiving Back - HB,Launch Ratings,1,Ankle Breaker,Evasive,Route Technician,Backfield Mismatch,,,,92,93,99,98,32,38,93,95,83,92,72,10,27,45,83,91,90,23,29,88,47,12,32,36,60,31,27,10,15,44,76,69,78,82,22,22,38,None,75,90,85,97,80,74,36,33,41,45,47,52,37,94,67,17
m27-1,13203,Fred,Warner,Fred Warner,MIKE,San Francisco 49ers,49ers,29,75,230,BYU,8,54,19,11,1996,97,Field General - MLB,Launch Ratings,0,Universal Coverage,Outmatched,Mid Zone KO,Enforcer,Lurker,,,91,82,99,56,79,12,21,63,78,81,60,62,85,81,95,59,94,10,13,10,23,77,45,45,45,6,99,52,58,99,20,5,5,15,45,45,45,Short Stride Bread Loaf,60,87,53,97,34,80,91,6,6,6,6,14,10,93,46,86
m27-1,20948,Joe,Burrow,Joe Burrow,QB,Cincinnati Bengals,Bengals,29,76,215,LSU,6,9,10,12,1996,97,Field General - QB,Launch Ratings,1,Run & Gun,Sideline Deadeye,Fearless,Gunslinger,,,,85,83,99,86,30,91,69,62,40,78,19,10,29,29,88,64,74,17,21,10,20,29,15,25,15,86,27,10,25,38,18,15,19,28,20,30,15,Long Stride Default,26,83,68,97,49,68,36,95,99,98,91,88,97,97,57,33
m27-1,927,Lane,Johnson,Lane Johnson,RT,Philadelphia Eagles,Eagles,36,78,325,Oklahoma,13,65,8,5,1990,97,Power - OT,Launch Ratings,1,,Nasty Streak,Tough Nut,,,,,77,74,99,60,56,39,30,67,64,58,58,60,60,95,82,54,82,22,25,10,96,12,92,95,95,39,29,53,10,55,45,25,33,46,96,98,97,Default,57,76,50,88,55,93,60,50,54,59,52,65,41,91,65,20
m27-1,20571,Maxx,Crosby,Maxx Crosby,LEDG,Las Vegas Raiders,Raiders,29,77,255,Eastern Michigan,7,98,22,8,1997,97,Smaller Speed Rusher - DE,Launch Ratings,1,Relentless,Edge Threat,Swim Club,No Outsiders,,,,88,86,98,41,92,12,27,41,41,73,29,96,88,86,94,34,85,12,17,20,20,40,45,44,45,6,96,90,25,98,25,16,20,25,45,46,45,Long Stride Loose,31,86,30,97,39,89,95,6,6,6,6,22,10,86,34,48
m27-1,21764,Patrick,Surtain II,Patrick Surtain II,CB,Denver Broncos,Broncos,26,74,202,Alabama,5,2,14,4,2000,97,Manto Man - CB,Launch Ratings,1,Shutdown,Outside Shade,Short Route KO,Lurker,,,,92,90,98,75,54,15,55,64,76,91,63,48,67,55,92,73,92,11,19,55,19,97,35,35,35,6,98,36,95,81,31,20,24,30,35,35,35,Long Stride Loose,72,94,62,96,46,63,75,6,6,6,6,28,13,86,32,96
m27-1,21286,Derrick,Brown,Derrick Brown,DT,Carolina Panthers,Panthers,28,77,320,Auburn,6,95,15,4,1998,96,Power Rusher - DT,Launch Ratings,1,,Swim Club,Unpredictable,Interior Threat,,,,76,70,97,53,95,33,38,56,53,58,47,68,84,93,95,52,68,14,22,30,42,24,44,48,48,25,95,86,23,86,39,33,38,42,46,50,50,Long Stride Default,49,75,50,88,52,98,96,27,30,35,36,41,31,95,60,30
m27-1,12545,Garett,Bolles,Garett Bolles,LT,Denver Broncos,Broncos,34,77,300,Utah,9,72,27,5,1992,96,Pass Protector - OT,Launch Ratings,1,,Secure Protector,,,,,,75,72,97,28,34,12,17,29,36,56,30,27,42,86,88,19,70,20,22,10,82,12,98,94,96,6,26,33,10,39,22,8,16,26,91,88,90,Default Stride Awkward,25,74,15,95,26,87,38,6,6,6,6,25,14,88,37,15
m27-1,12836,George,Kittle,George Kittle,TE,San Francisco 49ers,49ers,32,76,250,Iowa,9,85,9,10,1993,96,Possession - TE,Launch Ratings,1,YAC 'Em Up,Short Out Elite,Short In Elite,,,,,86,83,96,92,31,18,78,75,94,76,89,18,38,78,85,82,90,22,19,31,65,15,58,62,62,10,35,20,20,36,81,74,78,82,71,76,77,Default Stride Loose,89,87,64,94,83,82,34,10,15,20,10,30,14,98,84,24
m27-1,17777,Joe,Thuney,Joe Thuney,LG,Chicago Bears,Bears,33,77,301,N.C. State,10,62,18,11,1992,96,Pass Protector - G,Launch Ratings,1,,Post Up,Nasty Streak,Pass Protector,,,,75,67,99,18,33,12,8,33,26,56,15,10,48,90,97,14,71,11,11,10,79,12,94,94,94,6,10,10,10,35,15,5,5,15,87,83,85,Default Stride Awkward,15,72,10,97,19,90,29,6,6,6,6,25,16,94,31,12
m27-1,20928,Jonathan,Taylor,Jonathan Taylor,HB,Indianapolis Colts,Colts,27,70,226,Wisconsin,6,28,19,1,1999,96,Power Back - HB,Launch Ratings,1,Freight Train,Arm Bar,Tank,Clutch,,,,93,86,96,95,25,28,96,97,71,87,55,10,25,37,91,93,84,15,17,45,32,12,24,29,58,14,13,10,14,33,51,49,56,64,24,27,34,Default,59,94,81,96,94,82,27,15,20,25,17,29,15,92,88,19
m27-1,9800,Trent,Williams,Trent Williams,LT,San Francisco 49ers,49ers,38,77,320,Oklahoma,16,71,19,7,1988,96,Power - OT,Launch Ratings,1,,Edge Protector,All Day,Nasty Streak,Post Up,,,75,71,97,10,32,12,7,40,20,58,15,10,60,99,88,10,83,10,11,10,99,10,90,95,92,6,19,10,10,33,15,5,5,15,96,95,96,Default Stride Awkward,51,78,10,91,10,95,39,6,6,6,6,12,14,98,10,14
m27-1,21606,Amon-Ra,St. Brown,Amon-Ra St. Brown,WR,Detroit Lions,Lions,26,72,202,USC,5,14,24,10,1999,95,Slot - WR,Launch Ratings,1,Double Me,Short Out Elite,Short In Elite,Quick Jump,,,,91,91,96,92,33,27,78,75,99,87,92,10,23,48,90,87,91,14,20,74,26,12,23,27,30,24,19,10,20,36,89,89,98,97,25,33,44,Default,90,90,79,94,62,67,34,25,34,40,35,48,32,85,57,19
m27-1,22690,Bijan,Robinson,Bijan Robinson,HB,Atlanta Falcons,Falcons,24,71,215,Texas,3,7,30,1,2002,95,Elusive Back - HB,Launch Ratings,0,First One Free,Juke Box,Energizer,Backfield Mismatch,Human Joystick,,,92,92,89,92,32,37,93,91,75,95,63,10,34,51,94,97,90,19,23,71,49,13,39,46,51,20,22,10,18,37,66,61,66,72,39,40,46,Default,61,91,93,95,82,81,36,23,31,36,30,37,22,90,84,15
m27-1,10698,Cam,Heyward,Cam Heyward,DT,Pittsburgh Steelers,Steelers,37,77,295,Ohio State,15,97,6,5,1989,95,Power Rusher - DT,Launch Ratings,1,Fearmonger,Inside Stuff,Unpredictable,El Toro,,,,73,67,96,29,96,12,11,39,48,58,10,74,92,94,92,10,74,11,12,10,17,22,45,45,45,6,97,88,10,89,12,2,3,10,45,45,45,Long Stride Loose,22,75,10,94,46,94,95,6,6,6,6,21,18,95,36,32
m27-1,21551,Creed,Humphrey,Creed Humphrey,C,Kansas City Chiefs,Chiefs,28,76,302,Oklahoma,5,52,28,6,1998,95,Power - C,Launch Ratings,0,,Linchpin,Tough Nut,,,,,78,66,96,10,26,12,8,34,25,57,15,10,25,93,94,10,80,11,14,10,93,7,90,96,93,6,25,10,10,30,21,6,8,15,96,91,94,Default Stride Awkward,21,73,10,94,10,90,39,6,6,6,6,24,14,98,18,11
m27-1,20549,Jeffery,Simmons,Jeffery Simmons,DT,Tennessee Titans,Titans,29,76,305,Mississippi St.,7,98,28,7,1997,95,Power Rusher - DT,Launch Ratings,1,,El Toro,Run Stopper,Interior Threat,,,,82,75,96,23,92,12,16,29,43,63,29,89,89,87,90,32,78,16,15,48,20,29,45,45,45,6,95,93,17,91,25,30,32,40,45,45,45,Long Stride Loose,32,78,28,87,23,97,87,6,6,6,6,20,10,89,26,39
m27-1,21842,Quinn,Meinerz,Quinn Meinerz,RG,Denver Broncos,Broncos,27,75,320,Wisc-Whitewater,5,77,15,11,1998,95,Power - G,Launch Ratings,1,,Run Protector,Post Up,Threat Detector,,,,78,66,96,18,33,12,33,22,25,56,10,27,41,93,90,18,78,13,19,10,96,12,86,89,88,6,26,30,10,27,15,3,7,15,99,95,97,Default Stride Awkward,12,75,20,93,31,95,32,6,6,6,6,21,15,92,35,17
m27-1,20971,Tristan,Wirfs,Tristan Wirfs,LT,Tampa Bay Buccaneers,Buccaneers,27,77,320,Iowa,6,78,24,1,1999,95,Pass Protector - OT,Launch Ratings,1,,Tough Nut,Threat Detector,Pass Protector,,,,77,65,96,22,25,12,20,37,48,57,18,10,38,95,95,16,87,12,15,10,93,12,96,94,94,6,17,10,10,30,32,20,29,35,91,87,92,Long Stride Loose,18,76,13,93,34,94,38,6,6,6,6,11,10,93,36,13
m27-1,22702,Will,Anderson Jr,Will Anderson Jr,LEDG,Houston Texans,Texans,24,76,243,Alabama,3,51,2,9,2001,95,Smaller Speed Rusher - DE,Launch Ratings,1,,Edge Threat,Secure Tackler,Quick Jump,,,,90,86,97,57,85,17,32,50,59,75,48,97,89,80,94,57,81,12,15,10,35,31,35,35,35,6,97,91,44,89,21,10,15,20,45,45,45,Default Stride Loose,55,87,55,87,55,90,87,6,6,6,6,21,12,91,48,40
m27-1,17676,Chris,Jones,Chris Jones,DT,Kansas City Chiefs,Chiefs,32,78,310,Mississippi St.,10,95,3,7,1994,94,Power Rusher - DT,Launch Ratings,1,Momentum Shift,Under Pressure,El Toro,Goal Line Stuff,,,,78,73,97,27,87,12,10,29,29,61,14,90,86,95,93,31,63,17,17,9,19,23,45,44,44,6,94,95,13,92,15,3,6,13,45,46,44,Default Stride High and Tight,16,73,21,88,29,96,88,6,6,6,6,23,16,93,33,29
m27-1,22054,James,Cook III,James Cook III,HB,Buffalo Bills,Bills,26,71,190,Georgia,4,4,25,9,1999,94,Elusive Back - HB,Launch Ratings,1,,Juke Box,Backfield Mismatch,,,,,94,94,90,91,35,20,87,90,70,92,52,10,37,38,89,95,81,14,19,74,43,24,26,21,51,10,31,10,17,47,62,57,65,68,29,24,42,Default,54,93,89,89,71,67,40,10,14,20,10,27,17,84,64,34
m27-1,13202,Jessie,Bates III,Jessie Bates III,FS,Atlanta Falcons,Falcons,29,73,210,Wake Forest,8,3,26,2,1997,94,Zone - S,Launch Ratings,1,Shutdown,Deep In Zone KO,Lurker,,,,,90,87,96,77,56,10,48,69,83,84,65,37,85,61,92,78,85,12,18,78,20,85,35,35,35,10,95,25,66,93,13,10,15,20,35,35,35,Default,70,90,69,97,36,59,81,10,10,10,10,25,23,88,41,93
m27-1,20961,Justin,Jefferson,Justin Jefferson,WR,Minnesota Vikings,Vikings,27,73,195,LSU,6,18,16,6,1999,94,Deep Threat - WR,Launch Ratings,1,Double Me,Short In Elite,Route Technician,Deep Out Elite,Quick Jump,,,92,95,89,94,24,23,81,73,91,97,96,24,43,52,94,95,97,12,18,61,34,18,13,18,25,24,19,18,18,41,94,96,95,94,24,26,48,Long Stride Loose,97,91,81,97,75,64,36,24,30,35,33,43,29,87,65,26
m27-1,13092,Lamar,Jackson,Lamar Jackson,QB,Baltimore Ravens,Ravens,29,74,210,Louisville,8,8,7,1,1997,94,Improviser - QB,Launch Ratings,1,Truzz,Fastbreak,Juke Box,Gift-Wrapped,,,,94,93,92,98,16,96,82,70,64,94,17,10,27,29,92,91,91,19,12,10,21,12,13,13,13,98,10,12,10,38,17,13,15,20,14,14,14,Short Stride Default,15,95,83,93,80,63,35,82,94,92,95,93,95,96,39,12
m27-1,17541,Laremy,Tunsil,Laremy Tunsil,LT,Washington Commanders,Commanders,32,77,313,Ole Miss,10,78,2,8,1994,94,Pass Protector - OT,Launch Ratings,1,,Screen Protector,Secure Protector,,,,,67,66,95,18,27,12,12,31,26,53,22,14,26,94,92,17,71,17,20,9,85,11,93,95,94,6,18,18,9,29,22,6,9,19,83,82,82,Default Stride Awkward,20,71,13,90,26,92,35,6,6,6,6,22,14,89,32,13
m27-1,20565,Nick,Bosa,Nick Bosa,LEDG,San Francisco 49ers,49ers,28,76,266,Ohio State,7,97,23,10,1997,94,Power Rusher - DE,Launch Ratings,1,Relentless,Extra Credit,Max Effort,Edge Threat,Quick Jump,,,90,87,93,30,91,12,21,38,45,72,27,96,84,87,82,38,81,17,17,10,18,30,45,44,45,6,91,94,31,95,16,6,10,17,45,45,45,Long Stride Loose,23,80,32,87,34,94,89,6,6,6,6,25,14,90,31,42
m27-1,13081,Quenton,Nelson,Quenton Nelson,LG,Indianapolis Colts,Colts,30,77,330,Notre Dame,8,56,19,3,1996,94,Power - G,Launch Ratings,0,,Puller Elite,Nasty Streak,,,,,68,67,97,16,27,12,11,35,19,57,10,10,28,95,96,12,67,15,21,10,94,9,88,85,86,6,18,10,10,36,12,10,10,10,95,97,96,Long Stride Awkward,12,73,10,90,10,97,34,6,6,6,6,27,15,91,37,10
m27-1,22265,Trent,McDuffie,Trent McDuffie,CB,Los Angeles Rams,Rams,25,71,193,Washington,4,22,13,9,2000,94,Manto Man - CB,Launch Ratings,1,,Deep Route KO,Inside Shade,,,,,94,94,95,63,57,15,53,59,69,91,52,38,67,46,91,73,91,21,22,68,15,94,34,33,33,6,97,29,88,83,17,11,16,26,34,33,34,Short Stride Loose,61,93,66,91,23,61,74,6,6,6,6,27,10,86,26,92
m27-1,13091,Vita,Vea,Vita Vea,DT,Tampa Bay Buccaneers,Buccaneers,31,76,347,Washington,8,50,5,2,1995,94,Power Rusher - DT,Launch Ratings,1,Fearmonger,El Toro,Unpredictable,Swim Club,,,,75,71,92,55,94,18,49,68,40,60,24,74,89,97,92,59,70,16,15,10,42,28,45,45,45,10,94,87,22,83,15,16,17,26,48,52,52,Long Stride Default,18,79,43,85,54,99,92,13,16,20,13,24,12,97,68,35
m27-1,22145,Aidan,Hutchinson,Aidan Hutchinson,LEDG,Detroit Lions,Lions,26,78,265,Michigan,4,97,9,8,2000,93,Smaller Speed Rusher - DE,Launch Ratings,0,Unstoppable Force,Edge Threat,B.O.G.O.,No Outsiders,Quick Jump,,,88,86,95,46,85,12,33,59,64,72,56,95,85,89,91,52,85,12,14,10,30,43,45,45,45,6,93,89,31,96,52,38,44,50,45,45,45,Long Stride Default,62,83,46,96,50,87,87,6,8,10,6,24,18,92,48,53
m27-1,20964,Andrew,Thomas,Andrew Thomas,LT,NY Giants,Giants,27,77,315,Georgia,6,78,22,1,1999,93,Pass Protector - OT,Launch Ratings,1,,Pass Protector,Threat Detector,,,,,64,63,91,17,27,12,8,33,46,57,20,10,30,93,83,22,78,22,24,10,86,12,93,96,94,6,13,10,10,24,19,10,14,29,87,85,86,Default Stride Awkward,42,68,11,91,27,90,31,6,6,6,6,23,14,86,33,15
m27-1,21017,Antoine,Winfield Jr,Antoine Winfield Jr,FS,Tampa Bay Buccaneers,Buccaneers,28,69,203,Minnesota,6,31,16,8,1998,93,Run Support - S,Launch Ratings,1,Shutdown,Lurker,,,,,,91,88,95,82,63,21,72,67,77,85,71,57,86,64,88,83,89,20,20,83,18,81,35,35,35,6,96,46,68,90,33,15,20,30,35,35,35,Short Stride Default,73,93,73,94,53,59,80,6,6,6,6,35,13,87,52,88
m27-1,14678,Brock,Bowers,Brock Bowers,TE,Las Vegas Raiders,Raiders,23,75,235,Georgia,2,89,13,12,2002,93,Vertical Threat - TE,Launch Ratings,1,Double Me,Deep Out Elite,Tank,Route Technician,,,,91,86,95,84,46,12,74,74,97,82,87,31,51,66,91,77,84,16,23,35,58,23,57,53,57,6,18,29,26,55,83,75,80,86,60,55,60,Long Stride Default,93,90,67,92,74,75,49,6,10,15,10,36,15,94,74,29
m27-1,20932,CeeDee,Lamb,CeeDee Lamb,WR,Dallas Cowboys,Cowboys,27,74,200,Oklahoma,6,88,8,4,1999,93,Deep Threat - WR,Launch Ratings,1,YAC 'Em Up,Mid Out Elite,Short Out Elite,Quick Jump,,,,91,94,93,97,30,35,86,76,88,93,92,10,29,46,93,93,96,33,48,80,33,18,25,27,39,21,16,10,17,31,97,95,93,93,19,24,51,Short Stride High and Tight,96,89,86,93,80,70,38,21,26,31,32,37,25,91,71,25
m27-1,20369,Chris,Lindstrom,Chris Lindstrom,RG,Atlanta Falcons,Falcons,29,75,307,Boston College,7,63,28,2,1997,93,Power - G,Launch Ratings,1,,Tough Nut,Run Protector,,,,,79,67,97,14,15,12,8,19,26,57,18,10,28,91,94,14,75,25,25,10,99,12,81,86,83,6,10,10,10,23,12,5,6,16,95,92,96,Default Stride Awkward,14,76,10,91,27,92,32,6,6,6,6,23,10,92,31,12
m27-1,13101,Denzel,Ward,Denzel Ward,CB,Cleveland Browns,Browns,29,71,190,Ohio State,8,21,28,4,1997,93,Manto Man - CB,Launch Ratings,1,,Lurker,Deep Route KO,,,,,94,94,95,66,50,18,60,66,78,95,48,33,72,51,88,80,92,13,18,67,17,94,35,35,35,6,92,26,86,72,26,20,26,30,35,35,35,Short Stride Loose,66,93,66,92,28,61,51,8,10,15,6,31,15,86,19,90
m27-1,17557,Derrick,Henry,Derrick Henry,HB,Baltimore Ravens,Ravens,32,75,247,Alabama,10,22,4,1,1994,93,Power Back - HB,Launch Ratings,1,Freight Train,Arm Bar,Steamroller,Tank,Backlash,,,87,83,95,97,36,29,92,89,66,78,47,12,33,47,96,84,88,20,21,36,49,14,38,43,66,15,20,11,16,41,47,41,49,56,31,35,42,None,55,93,74,93,98,87,44,23,29,40,32,42,26,97,91,19
m27-1,13080,Derwin,James Jr,Derwin James Jr,SS,Los Angeles Chargers,Chargers,30,74,215,Florida State,8,3,3,8,1996,93,Run Support - S,Launch Ratings,0,Reinforcement,Secure Tackler,Flat Zone KO,Lumberjack,,,,91,87,93,73,68,24,59,72,78,85,56,67,92,73,90,77,93,15,19,78,20,86,35,35,35,15,92,69,83,91,24,17,22,27,35,35,35,Default Stride Loose,67,90,67,95,47,80,78,10,13,18,22,34,10,91,46,85
m27-1,20552,Dexter,Lawrence II,Dexter Lawrence II,DT,Cincinnati Bengals,Bengals,28,76,350,Clemson,7,97,12,11,1997,93,Power Rusher - DT,Launch Ratings,1,,El Toro,Interior Threat,,,,,78,70,95,35,91,12,17,42,40,56,23,79,82,96,93,23,74,15,15,40,43,13,45,45,45,6,93,92,14,91,12,12,14,18,45,45,45,Long Stride Loose,22,80,19,89,31,97,90,6,6,6,6,19,10,91,46,24
m27-1,12635,Patrick,Mahomes,Patrick Mahomes,QB,Kansas City Chiefs,Chiefs,30,74,225,Texas Tech,9,15,17,9,1995,93,Field General - QB,Launch Ratings,1,Bazooka,Dashing Deadeye,Red Zone Deadeye,No-Look Deadeye,,,,86,85,98,93,24,92,78,66,59,86,32,10,18,27,96,77,74,10,20,10,23,17,10,10,10,96,22,10,10,37,22,15,17,27,10,10,23,Default,30,85,66,98,65,70,26,82,89,94,96,97,88,99,75,19
m27-1,13082,Roquan,Smith,Roquan Smith,MIKE,Baltimore Ravens,Ravens,29,73,232,Georgia,8,0,8,4,1997,93,Field General - MLB,Launch Ratings,1,Reinforcement,Secure Tackler,Mid Zone KO,Deflator,,,,88,87,91,41,79,12,36,54,72,82,40,60,88,87,95,47,81,22,14,10,22,71,45,45,45,10,92,68,56,97,22,11,12,13,45,45,45,Default Stride Loose,39,86,31,98,35,80,96,6,8,10,13,25,10,95,39,77
m27-1,12562,T.J.,Watt,T.J. Watt,LEDG,Pittsburgh Steelers,Steelers,31,76,252,Wisconsin,9,90,11,10,1994,93,Power Rusher - DE,Launch Ratings,1,Unstoppable Force,Secure Tackler,Edge Threat,No Outsiders,,,,86,84,98,49,91,12,23,53,72,70,52,91,87,79,91,46,88,50,57,6,16,59,45,45,45,6,98,86,43,93,22,7,14,24,45,45,45,Long Stride Loose,57,83,37,88,54,86,91,6,6,6,6,25,16,95,52,65
m27-1,2540,Danielle,Hunter,Danielle Hunter,REDG,Houston Texans,Texans,31,77,263,LSU,11,55,29,10,1994,92,Smaller Speed Rusher - DE,Launch Ratings,1,,Edge Threat,Max Effort,Instant Rebate,,,,87,82,97,35,82,12,24,46,36,71,10,95,77,87,88,40,88,11,15,10,14,38,45,45,45,6,94,87,30,91,12,2,3,10,45,45,45,Default Stride Loose,12,87,55,86,28,82,87,6,6,6,6,15,12,81,44,50
m27-1,22269,Derek,Stingley Jr,Derek Stingley Jr,CB,Houston Texans,Texans,25,72,190,LSU,4,24,20,6,2001,92,Zone - CB,Launch Ratings,1,Shutdown,Lurker,Deep Out Zone KO,,,,,93,94,95,78,49,25,65,63,83,91,71,44,69,47,87,84,93,19,20,72,18,91,34,33,25,10,95,36,84,75,44,30,35,45,34,33,25,Default Stride Loose,82,93,74,97,45,63,58,18,21,26,22,36,12,75,45,93
m27-1,21761,DeVonta,Smith,DeVonta Smith,WR,Philadelphia Eagles,Eagles,27,72,170,Alabama,5,6,14,11,1998,92,Slot - WR,Launch Ratings,1,,Runoff Elite,Mid Out Elite,,,,,95,93,96,91,38,19,73,74,96,94,86,14,31,38,90,83,89,15,18,82,24,29,19,21,31,19,24,11,19,52,86,91,90,92,25,19,42,Default,90,92,77,92,58,49,36,14,19,25,17,31,19,87,46,36
m27-1,14501,Drake,Maye,Drake Maye,QB,New England Patriots,Patriots,24,76,223,North Carolina,2,10,30,8,2002,92,Field General - QB,Launch Ratings,1,Pro Reads,Long Range Deadeye,Fearless,Sideline Deadeye,,,,89,82,93,85,18,80,67,65,34,78,15,10,16,12,92,73,72,46,55,10,30,12,15,15,15,83,17,10,10,32,15,12,14,15,12,12,31,Default,15,89,62,87,55,62,20,92,92,94,85,94,93,90,43,15
m27-1,22068,Drake,London,Drake London,WR,Atlanta Falcons,Falcons,25,76,213,USC,4,5,24,7,2001,92,Slot - WR,Launch Ratings,0,,Acrobat,Short Out Elite,Quick Jump,,,,92,88,94,84,23,21,83,73,97,88,94,10,25,48,89,82,97,17,14,38,29,11,20,25,33,10,15,10,14,29,95,80,85,86,21,24,47,Long Stride Default,95,88,76,89,73,77,42,10,15,20,12,25,14,88,76,18
m27-1,22226,Kyle,Hamilton,Kyle Hamilton,SS,Baltimore Ravens,Ravens,25,76,221,Notre Dame,4,14,16,3,2001,92,Run Support - S,Launch Ratings,1,,Out My Way,Outmatched,,,,,91,88,92,70,71,35,57,68,78,81,68,68,88,67,89,73,91,21,22,35,34,87,35,35,35,15,95,52,88,89,44,32,34,37,35,35,35,Long Stride Default,72,88,65,91,55,72,80,20,24,28,33,36,20,87,55,84
m27-1,20547,Quinnen,Williams,Quinnen Williams,DT,Dallas Cowboys,Cowboys,28,75,303,Alabama,7,92,20,12,1997,92,Power Rusher - DT,Launch Ratings,1,,Unpredictable,Run Stopper,Interior Threat,,,,82,78,93,26,93,12,16,39,44,62,31,79,85,91,91,29,75,17,17,9,39,18,45,44,44,6,93,86,14,88,15,5,8,13,45,46,45,Long Stride Loose,36,83,24,81,44,94,86,6,6,6,6,23,12,90,41,30
m27-1,21541,Rashawn,Slater,Rashawn Slater,LT,Los Angeles Chargers,Chargers,27,76,315,Northwestern,5,70,26,3,1999,92,Pass Protector - OT,Launch Ratings,1,,Secure Protector,All Day,Threat Detector,,,,80,68,85,12,25,12,12,24,25,59,15,24,21,94,85,10,80,15,11,10,82,12,92,96,95,6,24,30,10,29,12,5,10,12,86,80,84,Default Stride Awkward,15,74,10,89,15,93,35,6,6,6,6,10,15,88,25,9
m27-1,13085,Saquon,Barkley,Saquon Barkley,HB,Philadelphia Eagles,Eagles,29,72,227,Penn State,8,26,9,2,1997,92,Elusive Back - HB,Launch Ratings,1,Phenom,Human Joystick,Evasive,Energizer,,,,94,93,87,87,24,31,84,96,74,92,62,25,17,37,91,90,96,14,19,81,34,15,33,38,60,18,21,17,10,36,69,65,67,75,31,35,36,Default,73,95,88,94,88,81,28,29,34,41,36,41,18,90,84,13
m27-1,21023,Xavier,McKinney,Xavier McKinney,SS,Green Bay Packers,Packers,27,72,201,Alabama,6,29,9,8,1999,92,Run Support - S,Launch Ratings,1,Shutdown,Lurker,Mid Zone KO,,,,,89,87,94,62,63,15,38,62,79,84,50,54,84,64,89,71,86,12,15,40,14,80,35,35,35,6,96,46,77,88,20,10,10,10,35,35,35,Default Stride Loose,72,88,62,94,47,67,83,6,6,6,6,25,10,91,37,88
m27-1,21142,Zack,Baun,Zack Baun,WILL,Philadelphia Eagles,Eagles,29,74,225,Wisconsin,6,53,30,12,1996,92,Pass Coverage - OLB,Launch Ratings,1,,Demoralizer,Outmatched,,,,,87,83,94,58,77,52,46,61,66,74,43,79,86,87,93,68,79,19,21,10,19,75,44,43,45,41,94,72,56,94,18,16,22,30,44,44,45,Default Stride Loose,54,89,58,93,41,80,93,33,40,46,45,47,40,90,34,84
m27-1,23024,Brian,Branch,Brian Branch,SS,Detroit Lions,Lions,24,72,203,Alabama,3,32,22,10,2001,91,Run Support - S,Launch Ratings,1,,Mid Zone KO,Lurker,,,,,92,85,90,78,64,20,65,67,77,83,63,55,89,65,92,72,89,17,18,76,22,86,34,33,30,16,91,44,74,95,45,37,41,46,34,33,35,Default Stride Loose,66,88,65,91,42,60,78,16,21,25,15,27,15,91,45,87
m27-1,17567,Dak,Prescott,Dak Prescott,QB,Dallas Cowboys,Cowboys,33,74,238,Mississippi St.,10,4,29,7,1993,91,Improviser - QB,Launch Ratings,1,Run & Gun,Extender,Fearless,Inside Deadeye,,,,83,81,94,85,29,87,74,68,42,79,20,9,40,39,89,68,79,22,26,13,29,12,18,14,21,87,21,9,9,40,19,15,17,18,35,38,39,Default,20,84,51,96,67,75,46,89,90,93,94,92,92,97,72,18
m27-1,17542,DeForest,Buckner,DeForest Buckner,DT,Indianapolis Colts,Colts,32,79,295,Oregon,10,99,17,3,1994,91,Power Rusher - DT,Launch Ratings,1,,Under Pressure,El Toro,,,,,76,80,94,38,90,12,13,44,40,64,18,87,87,90,93,28,80,19,20,11,38,33,44,46,46,6,93,78,22,89,17,3,6,14,45,44,45,Long Stride Loose,21,75,23,88,33,90,93,6,6,6,6,22,17,92,45,42
m27-1,23023,Devon,Witherspoon,Devon Witherspoon,CB,Seattle Seahawks,Seahawks,25,72,180,Illinois,3,21,11,12,2000,91,Manto Man - CB,Launch Ratings,0,,Short Route KO,Inside Shade,,,,,93,91,90,72,56,12,62,59,75,91,68,46,83,49,91,75,89,17,20,62,11,88,22,22,28,6,92,32,82,87,22,12,15,25,35,34,34,Default Stride Loose,67,91,67,93,34,60,77,6,10,15,10,35,10,97,25,86
m27-1,13479,Jordan,Mailata,Jordan Mailata,LT,Philadelphia Eagles,Eagles,29,80,365,No College,8,68,31,3,1997,91,Power - OT,Launch Ratings,1,,All Day,Edge Protector,Run Protector,,,,70,68,94,62,36,12,44,64,57,57,55,15,60,93,91,51,75,13,18,10,98,12,87,90,89,6,16,15,10,57,20,20,25,30,93,90,91,Default,48,76,37,94,57,97,52,6,6,6,6,39,15,93,74,17
m27-1,20488,Josh,Jacobs,Josh Jacobs,HB,Green Bay Packers,Packers,28,70,220,Alabama,7,8,11,2,1998,91,Power Back - HB,Launch Ratings,1,,Bruiser,Steamroller,,,,,89,85,91,94,28,39,94,94,72,83,53,10,25,54,93,88,84,10,15,77,38,22,36,40,56,19,20,10,20,36,51,41,55,62,27,33,39,Default,55,90,80,92,91,83,34,23,31,37,27,36,19,95,90,30
m27-1,22227,Kerby,Joseph,Kerby Joseph,FS,Detroit Lions,Lions,25,73,210,Illinois,4,31,14,11,2000,91,Zone - S,Launch Ratings,1,,Lurker,Deep In Zone KO,,,,,91,86,94,74,53,15,65,63,84,84,63,29,77,49,89,77,91,20,21,44,23,78,25,25,25,6,96,23,65,86,27,29,31,33,24,24,24,Default Stride Loose,70,88,65,93,42,64,76,6,6,6,6,25,9,70,50,90
m27-1,13098,Kolton,Miller,Kolton Miller,LT,Las Vegas Raiders,Raiders,30,80,325,UCLA,8,74,9,10,1995,91,Pass Protector - OT,Launch Ratings,1,,,,,,,,78,71,92,12,31,12,13,30,22,57,15,10,30,88,89,10,77,12,10,10,84,12,91,93,93,6,13,10,10,27,14,10,12,15,81,85,83,Long Stride Default,15,75,10,93,10,88,31,6,6,6,6,12,14,86,23,16
m27-1,10857,Mike,Evans,Mike Evans,WR,San Francisco 49ers,49ers,33,77,231,Texas AM,12,5,21,8,1993,91,Deep Threat - WR,Launch Ratings,1,Double Me,Deep Out Elite,Mid In Elite,Red Zone Threat,Quick Jump,,,88,80,90,89,35,22,82,80,93,81,97,10,15,63,87,83,97,24,25,55,49,40,23,25,45,10,15,10,20,25,90,85,86,89,35,38,60,Default Stride Loose,96,89,75,93,84,78,39,15,20,25,15,35,20,94,72,27
m27-1,22142,Nik,Bonitto,Nik Bonitto,REDG,Denver Broncos,Broncos,26,75,240,Oklahoma,4,15,26,9,1999,91,Smaller Speed Rusher - DE,Launch Ratings,1,,Edge Threat,Quick Jump,,,,,92,84,95,44,78,41,26,49,60,76,37,93,78,70,92,44,85,12,14,10,21,38,45,45,45,26,93,85,34,89,14,5,5,10,45,45,45,Default Stride Loose,39,87,45,72,32,82,85,25,30,32,35,39,28,74,32,52
m27-1,20435,Terry,McLaurin,Terry McLaurin,WR,Washington Commanders,Commanders,30,72,210,Ohio State,7,17,15,9,1995,91,Deep Threat - WR,Launch Ratings,1,Double Me,Deep In Elite,Acrobat,Quick Jump,,,,91,86,94,88,41,22,82,76,95,87,91,11,34,45,93,88,88,14,16,40,22,16,11,15,37,6,19,11,16,53,91,90,88,88,15,20,47,Short Stride Default,93,95,78,93,56,67,41,6,10,15,10,32,18,95,50,24
m27-1,890,Travis,Kelce,Travis Kelce,TE,Kansas City Chiefs,Chiefs,36,77,250,Cincinnati,13,87,5,10,1989,91,Possession - TE,Launch Ratings,1,,Deep Out Elite,3rd Down Threat,,,,,84,84,99,86,40,40,75,72,90,74,86,20,15,70,97,78,89,32,35,6,59,12,61,62,63,29,15,20,10,42,77,71,76,84,63,62,65,Long Stride High and Tight,91,84,69,92,84,79,45,49,53,64,47,70,33,94,77,14
m27-1,21648,Trey,Smith,Trey Smith,RG,Kansas City Chiefs,Chiefs,27,78,321,Tennessee,5,65,16,6,1999,91,Power - G,Launch Ratings,1,,Screen Protector,Post Up,,,,,75,69,90,10,25,12,5,32,24,53,10,10,31,96,92,10,76,22,24,10,95,10,78,88,83,6,10,28,10,24,12,5,5,10,94,90,92,Default Stride Awkward,12,71,10,90,25,95,32,6,6,6,6,25,14,92,31,11
m27-1,21365,Aaron,Brewer,Aaron Brewer,C,Miami Dolphins,Dolphins,28,73,295,Texas State,6,55,28,10,1997,90,Agile - C,Launch Ratings,1,,,,,,,,63,64,95,25,18,12,12,22,31,55,15,15,15,88,86,25,72,12,14,10,94,15,84,81,84,6,15,22,10,24,25,15,15,27,97,91,95,Default Stride Awkward,20,74,30,87,31,88,31,6,6,6,6,12,13,84,27,17
m27-1,12549,Budda,Baker,Budda Baker,SS,Arizona Cardinals,Cardinals,30,70,195,Washington,9,3,10,1,1996,90,Run Support - S,Launch Ratings,1,Reinforcement,Mid Zone KO,Secure Tackler,Flat Zone KO,,,,90,89,91,76,62,27,57,72,75,89,71,53,89,68,91,81,86,20,20,66,23,77,35,35,35,15,90,46,77,91,47,36,41,51,35,35,35,Short Stride Loose,75,90,72,96,36,72,80,10,10,15,15,25,17,93,36,80
m27-1,14500,Caleb,Williams,Caleb Williams,QB,Chicago Bears,Bears,24,73,226,USC,2,18,18,11,2001,90,Improviser - QB,Launch Ratings,1,Brick Wall,Extender,Fearless,Long Range Deadeye,,,,93,90,85,86,23,95,69,61,41,86,15,10,19,20,95,76,83,23,20,28,15,13,19,25,12,84,27,10,10,31,15,15,15,15,15,24,17,Default,15,91,69,95,56,65,23,88,84,87,97,97,86,93,54,18
m27-1,21534,Christian,Darrisaw,Christian Darrisaw,LT,Minnesota Vikings,Vikings,27,77,315,Virginia Tech,5,71,2,6,1999,90,Pass Protector - OT,Launch Ratings,1,,Edge Protector,Post Up,,,,,72,67,93,15,34,12,8,25,26,54,25,16,33,97,86,10,70,13,17,10,88,12,88,93,91,6,15,21,10,25,15,5,5,15,88,84,86,Default Stride Awkward,15,73,10,90,20,92,29,6,6,6,6,13,10,85,33,13
m27-1,10823,Davante,Adams,Davante Adams,WR,Los Angeles Rams,Rams,33,73,204,Fresno State,12,17,24,12,1992,90,Deep Threat - WR,Launch Ratings,1,,Route Technician,Acrobat,Quick Jump,,,,88,93,95,90,52,22,84,76,88,93,91,10,15,45,94,90,95,30,25,45,25,18,17,13,38,6,26,10,25,43,96,89,91,91,9,17,45,Default Stride Loose,94,89,81,90,75,63,42,6,10,15,10,45,20,88,63,24
m27-1,11555,Demario,Davis,Demario Davis,MIKE,NY Jets,Jets,37,74,239,Arkansas St.,14,56,11,1,1989,90,Field General - MLB,Launch Ratings,1,Reinforcement,Secure Tackler,Outmatched,Out My Way,,,,86,77,95,20,77,12,25,62,63,71,15,64,91,89,98,25,86,20,26,10,24,70,45,45,45,6,94,57,40,93,12,5,5,15,45,45,45,Long Stride Default,15,88,15,94,45,85,90,6,6,6,6,25,16,93,45,78
m27-1,17538,Jalen,Ramsey,Jalen Ramsey,FS,Pittsburgh Steelers,Steelers,31,73,208,Florida State,10,5,24,10,1994,90,Hybrid - S,Launch Ratings,1,Bottleneck,One Step Ahead,Bench Press,,,,,92,89,87,72,70,34,68,71,83,88,55,41,82,65,90,78,94,17,18,80,22,87,34,33,21,16,85,35,98,79,27,12,24,36,34,33,34,Short Stride Default,72,93,69,94,57,71,78,21,26,33,24,27,17,90,42,85
m27-1,21009,Jaylon,Johnson,Jaylon Johnson,CB,Chicago Bears,Bears,27,72,195,Utah,6,1,19,4,1999,90,Zone - CB,Launch Ratings,1,,On The Ball,Deep Route KO,,,,,90,85,97,68,51,13,60,60,74,91,57,35,65,57,87,74,88,14,15,40,12,90,35,35,35,6,97,27,89,74,31,11,16,26,35,35,41,Long Stride Loose,65,89,68,92,46,67,55,6,6,6,6,27,13,95,40,95
m27-1,21034,Justin,Herbert,Justin Herbert,QB,Los Angeles Chargers,Chargers,28,78,236,Oregon,6,10,10,3,1998,90,Field General - QB,Launch Ratings,1,,Sideline Deadeye,High Point Deadeye,Roaming Deadeye,,,,87,80,90,80,26,82,64,68,39,72,12,10,33,23,92,67,84,16,20,12,18,11,17,12,17,91,16,10,14,41,14,10,13,17,13,19,24,Default,18,89,58,94,63,71,36,83,89,95,92,96,89,95,58,18
m27-1,22338,Kenneth,Walker,Kenneth Walker,HB,Kansas City Chiefs,Chiefs,25,69,211,Michigan St.,4,9,20,10,2000,90,Elusive Back - HB,Launch Ratings,1,,Arm Bar,Reach For It,,,,,93,92,87,89,33,28,92,98,67,90,46,10,32,35,84,87,83,12,15,73,31,12,30,34,54,22,15,10,15,38,48,41,47,54,30,23,33,Short Stride Default,45,93,76,90,84,81,36,11,15,20,18,27,11,92,88,18
m27-1,21196,Kevin,Dotson,Kevin Dotson,RG,Los Angeles Rams,Rams,29,76,330,UL Lafayette,6,69,18,9,1996,90,Power - G,Launch Ratings,1,,,,,,,,68,59,95,15,30,12,9,28,30,50,15,10,25,88,87,10,78,11,11,10,92,12,76,82,79,6,22,10,10,28,15,5,5,15,92,96,94,Default Stride Awkward,15,69,10,88,10,92,34,6,6,6,6,25,11,92,25,12
m27-1,13112,Mark,Andrews,Mark Andrews,TE,Baltimore Ravens,Ravens,30,77,247,Oklahoma,8,89,6,9,1995,90,Vertical Threat - TE,Launch Ratings,1,,Matchup Nightmare,,,,,,89,78,93,86,28,16,73,73,91,75,90,10,25,67,92,80,93,10,12,10,49,12,54,50,54,5,15,10,10,32,78,73,77,81,66,63,68,Long Stride Default,90,87,68,94,82,81,27,5,10,15,10,25,15,89,73,15
m27-1,21587,Nico,Collins,Nico Collins,WR,Houston Texans,Texans,27,76,222,Michigan,5,12,19,3,1999,90,Deep Threat - WR,Launch Ratings,1,Ankle Breaker,Mid In Elite,Deep In Elite,Quick Jump,,,,91,88,92,90,30,28,87,77,96,81,89,10,20,46,90,79,93,15,22,40,28,13,27,30,35,25,16,10,19,32,93,88,92,88,26,30,46,Long Stride Loose,88,93,74,88,73,67,26,20,25,30,33,39,26,83,64,19
m27-1,20982,Nnamdi,Madubuike,Nnamdi Madubuike,DT,Baltimore Ravens,Ravens,28,75,305,Texas AM,6,92,17,11,1997,90,Power Rusher - DT,Launch Ratings,1,,Inside Stuff,B.O.G.O.,,,,,82,74,85,17,89,12,10,30,44,63,25,87,85,85,91,25,70,12,15,10,27,22,45,45,45,6,86,76,20,88,15,3,7,15,45,45,45,Default Stride Loose,28,80,30,83,25,92,96,6,6,6,6,16,10,88,34,26
m27-1,22260,Sauce,Gardner,Sauce Gardner,CB,Indianapolis Colts,Colts,25,75,190,Cincinnati,4,1,31,8,2001,90,Manto Man - CB,Launch Ratings,1,,Inside Shade,Deep Out Zone KO,,,,,94,91,86,72,57,20,61,64,76,91,64,52,69,55,96,75,92,16,17,40,21,90,35,35,35,6,88,38,96,78,35,18,22,32,35,35,35,Long Stride Default,65,92,67,98,41,65,64,6,6,6,6,27,10,92,36,89
m27-1,12692,Trey,Hendrickson,Trey Hendrickson,REDG,Baltimore Ravens,Ravens,31,76,265,FAU,9,91,5,12,1994,90,Smaller Speed Rusher - DE,Launch Ratings,1,,Edge Threat,No Outsiders,,,,,86,83,91,45,78,12,28,41,44,67,30,94,84,83,92,39,81,17,17,10,18,36,45,44,45,6,90,85,37,94,16,6,10,17,45,45,45,Long Stride High and Tight,27,83,28,88,42,83,87,6,6,6,6,23,14,84,43,41
m27-1,20495,A.J.,Brown,A.J. Brown,WR,New England Patriots,Patriots,29,73,226,Ole Miss,7,1,30,6,1997,89,Deep Threat - WR,Launch Ratings,1,,Short In Elite,Runoff Elite,Quick Jump,,,,92,85,92,90,26,40,87,73,94,87,90,10,17,53,86,90,95,16,17,72,33,18,19,24,41,16,15,10,16,33,89,87,84,85,28,34,54,Default Stride Loose,94,91,82,92,87,79,23,25,29,34,40,41,30,90,77,27
m27-1,20566,Brian,Burns,Brian Burns,REDG,NY Giants,Giants,28,77,250,Florida State,7,0,23,4,1998,89,Smaller Speed Rusher - DE,Launch Ratings,1,,Max Effort,Adrenaline Rush,,,,,90,86,93,33,79,12,21,41,48,71,28,89,80,78,93,42,85,17,15,10,13,45,45,45,45,6,90,75,22,88,17,5,10,15,45,45,45,Long Stride Default,34,88,39,91,32,76,88,6,6,6,6,24,10,87,28,56
m27-1,14923,Cooper,DeJean,Cooper DeJean,CB,Philadelphia Eagles,Eagles,23,72,202,Iowa,2,33,9,2,2003,89,Zone - CB,Launch Ratings,1,,,,,,,,91,90,92,82,61,59,73,70,80,86,70,36,74,58,93,74,91,26,25,80,35,82,33,35,35,44,90,31,79,80,58,53,56,57,35,35,44,Default Stride Loose,71,92,71,92,55,65,77,47,53,57,58,55,38,88,58,91
m27-1,13128,Dallas,Goedert,Dallas Goedert,TE,Philadelphia Eagles,Eagles,31,77,256,S. Dakota St.,8,88,3,1,1995,89,Vertical Threat - TE,Launch Ratings,1,,Arm Bar,Short Out Elite,,,,,85,82,94,81,30,15,76,73,90,73,84,10,28,61,88,76,85,15,19,20,50,10,60,58,61,5,15,10,10,35,82,70,74,80,73,68,74,Long Stride Loose,85,86,73,90,81,78,37,5,10,15,10,27,15,85,76,17
m27-1,20444,Drue,Tranquill,Drue Tranquill,WILL,Kansas City Chiefs,Chiefs,31,74,234,Notre Dame,7,23,15,8,1995,89,Pass Coverage - OLB,Launch Ratings,1,,,,,,,,88,83,96,55,75,12,47,63,59,77,33,62,83,78,85,56,89,20,16,10,21,68,45,45,45,6,95,55,56,93,12,14,24,31,45,45,45,Default Stride Loose,35,87,44,94,42,80,93,6,6,6,6,22,15,93,25,74
m27-1,22365,George,Pickens,George Pickens,WR,Dallas Cowboys,Cowboys,25,75,200,Georgia,4,3,4,3,2001,89,Slot - WR,Launch Ratings,1,,Acrobat,Deep Elite,Mid Out Elite,,,,93,94,86,87,22,20,75,71,92,93,95,11,18,49,87,82,96,16,19,74,29,12,25,21,32,6,15,11,16,31,83,84,85,88,35,31,50,Default,98,91,80,93,46,61,24,6,10,15,10,28,15,81,37,17
m27-1,12349,Jake,Matthews,Jake Matthews,LT,Atlanta Falcons,Falcons,34,77,309,Texas AM,12,70,11,2,1992,89,Pass Protector - OT,Launch Ratings,1,,,,,,,,71,67,93,28,40,12,23,45,40,55,35,30,40,85,98,10,75,20,22,10,80,12,89,93,91,6,30,35,10,50,35,10,18,28,80,76,78,Default Stride Awkward,25,70,15,94,20,86,45,6,6,6,6,25,13,87,37,15
m27-1,22703,Jalen,Carter,Jalen Carter,DT,Philadelphia Eagles,Eagles,25,75,314,Georgia,3,98,4,4,2001,89,Power Rusher - DT,Launch Ratings,1,,Unpredictable,Mr. Big Stop,Quick Jump,,,,88,78,90,46,81,12,25,48,50,69,44,75,90,90,88,44,85,43,51,10,58,22,45,45,45,6,92,90,25,85,38,29,34,37,51,56,55,Default Stride Loose,40,82,40,86,48,94,82,6,6,6,6,21,17,89,51,28
m27-1,20410,Josh,Hines-Allen,Josh Hines-Allen,REDG,Jacksonville Jaguars,Jaguars,29,77,255,Kentucky,7,41,13,7,1997,89,Smaller Speed Rusher - DE,Launch Ratings,1,Unstoppable Force,Edge Threat,Unpredictable,,,,,87,84,94,53,82,12,37,67,74,73,61,89,82,88,93,55,92,17,15,20,12,52,45,45,45,6,92,83,58,89,44,36,40,48,45,45,45,Default Stride Loose,60,87,48,89,52,83,86,6,6,6,6,24,10,91,51,62
m27-1,22051,Kyren,Williams,Kyren Williams,HB,Los Angeles Rams,Rams,26,69,207,Notre Dame,4,23,26,8,2000,89,Power Back - HB,Launch Ratings,1,,Reach For It,Arm Bar,,,,,90,83,97,88,36,28,91,91,72,85,63,10,36,47,86,88,78,15,19,79,45,22,41,37,59,26,27,10,22,45,60,55,63,69,38,32,47,Default,63,88,77,95,90,79,42,27,33,38,34,44,29,85,93,30
m27-1,13084,Minkah,Fitzpatrick,Minkah Fitzpatrick,SS,NY Jets,Jets,29,73,207,Alabama,8,29,17,11,1996,89,Zone - S,Launch Ratings,0,,Deep Out Zone KO,,,,,,92,90,88,81,60,18,58,66,79,86,59,50,85,63,94,79,90,13,15,68,18,82,35,35,35,6,89,38,77,85,29,18,23,28,35,35,35,Short Stride Loose,62,91,69,93,55,64,77,6,6,6,6,15,16,88,47,88
m27-1,14932,Quinyon,Mitchell,Quinyon Mitchell,CB,Philadelphia Eagles,Eagles,25,72,195,Toledo,2,27,18,7,2001,89,Manto Man - CB,Launch Ratings,1,,Lurker,Flat Zone KO,,,,,94,90,90,77,49,28,66,75,78,89,72,30,70,55,92,75,90,19,21,66,29,87,14,13,26,19,89,25,80,75,44,23,26,28,19,21,25,Default Stride Loose,74,94,74,92,47,66,69,11,21,23,28,31,16,87,45,89
m27-1,22445,Tyler,Smith,Tyler Smith,LG,Dallas Cowboys,Cowboys,25,78,332,Tulsa,4,73,3,4,2001,89,Power - G,Launch Ratings,1,,,,,,,,80,59,89,15,20,10,9,39,35,59,15,10,32,92,94,10,69,18,20,10,88,10,83,86,84,6,20,10,10,25,12,5,10,15,89,89,89,Default Stride Awkward,15,71,10,90,30,97,30,6,6,6,8,24,6,89,25,12
m27-1,21002,A.J.,Terrell Jr,A.J. Terrell Jr,CB,Atlanta Falcons,Falcons,27,73,195,Clemson,6,24,23,9,1998,88,Zone - CB,Launch Ratings,1,,Inside Shade,Deep Route KO,Deep Out Zone KO,,,,91,89,91,67,50,15,58,58,70,89,55,43,56,50,91,75,85,12,19,40,19,87,35,35,35,6,92,28,95,76,38,20,26,31,35,35,35,Default Stride Loose,62,91,66,92,47,60,63,6,6,6,6,22,13,83,35,91
m27-1,13507,Charvarius,Ward Sr,Charvarius Ward Sr,CB,Indianapolis Colts,Colts,30,73,196,Mid Tenn St.,8,7,16,5,1996,88,Zone - CB,Launch Ratings,1,,Short Route KO,,,,,,85,85,95,66,46,33,63,61,73,84,55,47,54,56,88,79,87,12,15,42,16,88,35,35,23,21,94,41,92,78,39,21,28,31,35,35,35,Short Stride Loose,60,90,72,92,54,65,73,7,11,16,22,21,14,81,63,93
m27-1,22692,De'Von,Achane,De'Von Achane,HB,Miami Dolphins,Dolphins,24,69,188,Texas AM,3,28,13,10,2001,88,Elusive Back - HB,Launch Ratings,1,,Backfield Mismatch,,,,,,96,91,81,86,28,33,85,93,76,91,54,10,23,37,90,92,82,13,18,81,33,13,24,30,48,28,20,10,14,39,56,57,61,69,29,23,32,Default,54,96,76,85,69,68,30,30,35,40,34,44,27,87,69,19
m27-1,12622,Dion,Dawkins,Dion Dawkins,LT,Buffalo Bills,Bills,32,77,320,Temple,9,73,26,4,1994,88,Pass Protector - OT,Launch Ratings,1,,Run Protector,Tough Nut,,,,,71,78,97,17,27,12,8,28,41,52,10,10,40,91,95,22,66,22,24,10,90,12,86,90,88,6,13,10,10,24,19,10,14,25,82,87,84,Default Stride Awkward,12,75,11,92,27,92,31,6,6,6,6,23,14,86,33,15
m27-1,21517,Greg,Rousseau,Greg Rousseau,LEDG,Buffalo Bills,Bills,26,78,266,Miami,5,15,5,4,2000,88,Power Rusher - DE,Launch Ratings,1,,B.O.G.O.,Max Effort,,,,,89,81,92,49,87,12,29,48,51,68,40,82,83,83,90,42,83,19,20,9,29,35,44,46,44,6,90,87,31,89,31,21,26,30,45,44,44,Long Stride Loose,44,86,35,89,44,83,89,6,6,6,6,22,17,83,32,44
m27-1,17540,Jared,Goff,Jared Goff,QB,Detroit Lions,Lions,31,76,217,California,10,16,14,10,1994,88,Field General - QB,Launch Ratings,1,,Pocket Deadeye,,,,,,79,72,89,61,21,75,51,58,43,69,21,9,17,21,96,48,68,20,21,11,19,12,18,14,17,94,21,9,9,28,19,15,17,27,10,10,16,Default,24,74,44,91,34,64,27,80,96,96,85,90,84,93,34,18
m27-1,14752,Jared,Verse,Jared Verse,REDG,Cleveland Browns,Browns,25,76,265,Florida State,2,8,4,11,2000,88,Power Rusher - DE,Launch Ratings,1,,Max Effort,Under Pressure,,,,,90,82,88,38,81,17,37,62,67,70,60,80,83,85,91,38,84,17,18,10,24,45,45,45,45,6,85,88,33,87,39,32,39,44,45,45,45,Default Stride Loose,61,89,32,90,36,92,81,5,6,7,6,17,14,86,42,49
m27-1,12521,Jonathan,Allen,Jonathan Allen,DT,Cincinnati Bengals,Bengals,31,75,300,Alabama,9,93,16,1,1995,88,Power Rusher - DT,Launch Ratings,1,,Run Stopper,,,,,,75,69,89,25,84,12,10,40,35,51,25,74,81,91,93,28,74,8,9,10,18,24,45,45,45,6,89,88,16,86,12,2,3,10,45,45,45,Long Stride Default,30,72,30,87,34,93,95,6,6,6,6,21,17,85,28,29
m27-1,1599,Kyle,Juszczyk,Kyle Juszczyk,FB,San Francisco 49ers,49ers,35,74,235,Harvard,13,44,23,4,1991,88,Utility - FB,Launch Ratings,1,,Mid Out Elite,Matchup Nightmare,,,,,84,80,86,83,33,33,66,76,77,76,71,35,45,72,94,76,88,19,19,45,93,15,42,46,71,10,20,30,20,48,72,62,68,76,58,61,71,Default,73,85,72,91,85,79,45,10,15,20,10,35,25,87,85,20
m27-1,2527,Leonard,Williams,Leonard Williams,DT,Seattle Seahawks,Seahawks,32,77,310,USC,11,99,20,6,1994,88,Power Rusher - DT,Launch Ratings,1,,El Toro,B.O.G.O.,,,,,75,70,97,38,88,12,15,58,42,58,29,73,82,90,94,44,73,17,18,10,18,25,45,45,45,6,95,86,20,85,15,4,8,15,45,45,45,Default Stride Awkward,25,77,34,86,50,90,87,6,6,6,6,35,14,85,49,33
m27-1,22826,Sam,LaPorta,Sam LaPorta,TE,Detroit Lions,Lions,25,75,245,Iowa,3,87,12,1,2001,88,Vertical Threat - TE,Launch Ratings,1,,Mid In Elite,,,,,,88,85,87,76,57,25,72,74,95,77,86,43,61,65,88,77,84,12,17,37,53,31,56,59,60,23,43,48,29,61,78,68,78,82,57,62,62,Long Stride Default,84,86,71,87,76,74,59,17,22,25,21,31,22,90,72,36
m27-1,21488,Talanoa,Hufanga,Talanoa Hufanga,SS,Denver Broncos,Broncos,26,72,200,USC,5,9,1,2,2000,88,Run Support - S,Launch Ratings,1,,,,,,,,87,84,91,67,64,36,46,61,76,78,63,52,89,63,84,67,85,18,21,44,33,79,35,35,35,35,93,45,67,90,39,26,31,35,35,35,35,Default Stride Loose,65,89,63,90,43,58,78,30,32,35,29,38,34,85,44,84
m27-1,22274,Tyler,Linderbaum,Tyler Linderbaum,C,Las Vegas Raiders,Raiders,26,74,305,Iowa,4,65,7,4,2000,88,Agile - C,Launch Ratings,1,,,,,,,,81,69,94,20,44,14,18,35,28,59,14,36,33,86,92,10,72,21,23,10,95,10,83,80,83,6,36,39,10,42,15,5,10,15,93,88,91,Default Stride Awkward,15,78,10,92,28,85,41,6,6,6,6,21,10,93,25,10
m27-1,22768,Zay,Flowers,Zay Flowers,WR,Baltimore Ravens,Ravens,25,69,182,Boston College,3,4,11,9,2000,88,Slot - WR,Launch Ratings,1,,,,,,,,92,93,90,93,34,30,80,71,88,92,83,20,30,44,92,94,85,15,20,72,26,27,15,13,28,28,27,15,27,40,79,85,89,86,29,25,47,Short Stride Default,85,93,83,92,44,55,36,30,35,39,38,51,31,89,38,37
m27-1,21234,Alex,Highsmith,Alex Highsmith,REDG,Pittsburgh Steelers,Steelers,29,76,242,Charlotte,6,56,7,8,1997,87,Smaller Speed Rusher - DE,Launch Ratings,1,,Edge Threat,Deflator,,,,,86,81,88,31,86,12,16,46,56,73,24,89,80,83,92,32,81,10,14,10,12,55,45,45,45,6,87,78,45,89,14,5,5,10,45,45,45,Long Stride Loose,27,84,27,85,32,85,88,6,6,6,6,24,10,88,32,63
m27-1,23329,Brandon,Aubrey,Brandon Aubrey,K,Dallas Cowboys,Cowboys,31,75,218,Notre Dame,4,17,14,3,1995,87,Accurate - KP,Launch Ratings,1,,Zen Kicker,,,,,,76,74,72,31,15,15,15,28,30,62,15,10,29,21,88,34,72,97,99,10,17,15,13,14,17,15,13,10,10,40,15,12,14,15,12,12,15,Default Stride Awkward,15,81,30,82,10,49,28,21,26,31,21,37,16,76,10,18
m27-1,22326,Breece,Hall,Breece Hall,HB,NY Jets,Jets,25,71,220,Iowa State,4,20,31,5,2001,87,Elusive Back - HB,Launch Ratings,1,,,,,,,,91,90,89,85,29,31,85,86,70,91,59,10,24,44,89,92,92,15,18,42,45,13,33,37,56,19,17,10,16,33,58,51,60,69,35,32,43,Default,59,92,86,90,80,76,29,12,15,20,24,32,19,90,80,17
m27-1,13257,Brian,O'Neill,Brian O'Neill,RT,Minnesota Vikings,Vikings,30,79,310,Pittsburgh,8,75,15,9,1995,87,Pass Protector - OT,Launch Ratings,1,,,,,,,,75,75,96,26,27,12,18,51,37,57,18,10,28,85,91,31,73,13,19,11,86,12,87,88,88,6,10,10,10,28,16,10,14,18,88,85,87,Long Stride Loose,15,76,24,92,32,86,29,6,6,6,6,18,16,93,36,13
m27-1,22072,Chris,Olave,Chris Olave,WR,New Orleans Saints,Saints,26,72,187,Ohio State,4,12,27,6,2000,87,Deep Threat - WR,Launch Ratings,1,,,,,,,,94,91,87,79,20,22,68,69,95,92,86,10,16,39,86,75,82,19,19,75,21,21,18,13,28,6,29,10,20,38,84,86,87,86,21,15,37,Default Stride Loose,87,93,72,88,42,59,17,6,10,15,10,25,19,85,32,29
m27-1,13087,Courtland,Sutton,Courtland Sutton,WR,Denver Broncos,Broncos,30,76,216,SMU,8,14,10,10,1995,87,Deep Threat - WR,Launch Ratings,1,,Short Out Elite,Mid Out Elite,Quick Jump,,,,91,90,92,82,31,48,80,72,88,83,93,10,22,63,87,83,95,15,19,33,20,23,20,25,38,34,22,10,15,36,88,79,81,83,33,38,62,Long Stride Default,93,90,73,89,82,75,33,50,53,59,41,62,37,87,72,30
m27-1,22861,Darnell,Wright,Darnell Wright,RT,Chicago Bears,Bears,25,78,325,Tennessee,3,58,10,8,2001,87,Power - OT,Launch Ratings,1,,,,,,,,75,56,92,35,52,12,27,35,38,51,23,45,59,94,93,23,72,14,16,10,84,10,83,86,85,5,45,57,10,51,15,11,15,21,90,87,88,Long Stride Awkward,36,72,17,92,27,96,48,5,5,5,5,11,10,90,32,15
m27-1,11079,DeMarcus,Lawrence,DeMarcus Lawrence,LEDG,Seattle Seahawks,Seahawks,34,75,254,Boise State,12,0,28,4,1992,87,Power Rusher - DE,Launch Ratings,1,,No Outsiders,Instant Rebate,Edge Threat,,,,82,77,92,54,87,12,33,42,33,66,24,80,84,88,84,42,83,19,19,10,13,39,45,45,45,6,94,77,44,88,20,4,8,15,45,45,45,Default,25,84,32,84,42,87,86,6,6,6,6,25,14,95,45,50
m27-1,20475,Dre,Greenlaw,Dre Greenlaw,WILL,San Francisco 49ers,49ers,29,72,230,Arkansas,7,57,25,5,1997,87,Pass Coverage - OLB,Launch Ratings,0,,,,,,,,86,80,93,53,71,12,37,55,71,73,35,61,90,77,86,51,80,12,18,10,27,73,45,45,45,6,92,55,47,94,28,20,25,33,45,45,45,Default Stride Awkward,55,85,47,89,30,72,92,6,6,6,6,20,15,84,46,77
m27-1,20437,Erik,McCoy,Erik McCoy,C,New Orleans Saints,Saints,29,76,303,Texas AM,7,78,27,8,1997,87,Power - C,Launch Ratings,1,,,,,,,,76,61,90,10,23,12,9,30,30,57,10,12,22,86,86,10,76,21,22,10,91,11,89,87,88,6,28,15,10,25,12,5,5,10,90,86,88,Default Stride Awkward,12,73,10,88,10,89,35,6,6,6,6,22,15,88,20,13
m27-1,22705,Jack,Campbell,Jack Campbell,MIKE,Detroit Lions,Lions,26,77,249,Iowa,3,46,22,8,2000,87,Field General - MLB,Launch Ratings,1,,,,,,,,90,87,87,57,79,12,52,58,69,77,64,57,87,76,92,46,89,18,16,14,35,69,45,45,45,6,87,64,66,91,19,7,12,19,45,45,45,Long Stride High and Tight,66,85,40,90,64,76,91,6,6,6,6,25,16,96,54,74
m27-1,21451,Jaycee,Horn,Jaycee Horn,CB,Carolina Panthers,Panthers,26,73,200,South Carolina,5,8,26,11,1999,87,Manto Man - CB,Launch Ratings,1,,Medium Route KO,,,,,,92,87,88,71,48,17,54,65,77,88,63,41,68,50,84,74,94,14,23,55,19,87,35,35,35,6,90,30,87,76,27,17,24,34,35,35,35,Long Stride Loose,73,91,67,90,47,65,63,8,12,18,29,30,17,85,36,85
m27-1,14929,Kamari,Lassiter,Kamari Lassiter,CB,Houston Texans,Texans,23,72,180,Georgia,2,3,23,1,2003,87,Zone - CB,Launch Ratings,1,,,,,,,,90,94,91,70,48,21,65,54,67,88,57,30,75,42,93,77,87,12,16,64,15,85,24,23,30,15,91,26,74,77,41,55,50,49,28,27,35,Default Stride Loose,62,92,72,91,35,52,75,6,11,16,14,35,11,79,27,89
m27-1,21533,Sam,Cosmi,Sam Cosmi,RG,Washington Commanders,Commanders,27,78,309,Texas,5,76,16,2,1999,87,Agile - G,Launch Ratings,1,,,,,,,,80,71,88,19,21,12,9,52,54,56,55,19,33,84,88,11,74,19,18,9,95,11,84,80,82,6,25,20,10,31,39,10,12,38,93,86,90,Default Stride Awkward,50,76,12,89,18,87,35,6,6,6,6,22,15,84,22,14
m27-1,13097,Sam,Darnold,Sam Darnold,QB,Seattle Seahawks,Seahawks,29,75,225,USC,8,14,5,6,1997,87,Field General - QB,Launch Ratings,1,,,,,,,,81,80,82,81,31,72,58,57,37,76,16,10,28,22,90,66,67,14,18,10,19,24,19,14,19,85,20,10,20,39,12,11,13,14,10,15,25,Default,44,82,52,86,46,60,36,96,91,92,90,91,90,91,44,35
m27-1,20962,Tee,Higgins,Tee Higgins,WR,Cincinnati Bengals,Bengals,27,76,219,Clemson,6,5,18,1,1999,87,Deep Threat - WR,Launch Ratings,1,,Deep Out Elite,Acrobat,Quick Jump,,,,87,85,94,83,34,27,78,76,97,81,89,10,26,44,85,79,97,13,17,65,31,19,18,20,34,15,16,10,16,40,90,80,82,84,31,30,45,Long Stride Default,95,90,74,89,77,71,33,27,31,37,25,28,22,84,62,27
m27-1,21721,Travis,Etienne Jr,Travis Etienne Jr,HB,New Orleans Saints,Saints,27,70,215,Clemson,5,3,26,1,1999,87,Elusive Back - HB,Launch Ratings,1,,,,,,,,93,88,93,86,29,27,86,93,70,85,58,10,26,45,87,89,84,17,19,79,35,15,30,35,63,27,17,10,16,36,56,58,65,70,25,20,34,Default,61,92,80,87,74,70,34,34,40,46,38,49,31,88,77,19
m27-1,20419,Zach,Allen,Zach Allen,DT,Denver Broncos,Broncos,29,77,285,Boston College,7,99,20,8,1997,87,Power Rusher - DT,Launch Ratings,1,,El Toro,Interior Threat,,,,,79,74,93,46,82,12,36,42,50,65,49,75,84,84,91,40,78,12,15,10,34,35,45,45,49,6,95,86,20,84,28,20,25,30,45,45,50,Long Stride Default,46,76,32,92,46,94,85,6,6,6,6,22,10,87,47,47
m27-1,22434,Zach,Tom,Zach Tom,RT,Green Bay Packers,Packers,27,76,304,Wake Forest,4,50,26,3,1999,87,Pass Protector - OT,Launch Ratings,1,,,,,,,,83,73,90,24,28,13,20,24,26,59,19,10,24,82,92,10,80,14,13,10,85,9,93,83,89,6,25,12,10,27,15,5,10,15,90,82,87,Default Stride Awkward,23,74,10,87,21,81,28,6,6,6,6,19,11,75,23,9
m27-1,22132,Bernhard,Raimann,Bernhard Raimann,LT,Indianapolis Colts,Colts,28,78,303,Central Michigan,4,79,23,9,1997,86,Power - OT,Launch Ratings,1,,,,,,,,79,72,87,46,27,17,33,50,46,59,45,10,23,91,90,29,75,31,33,10,85,14,84,91,88,6,15,10,10,34,33,21,26,32,88,84,86,Long Stride Awkward,43,70,24,87,37,92,33,9,10,12,15,22,12,83,34,16
m27-1,14624,Bucky,Irving,Bucky Irving,HB,Tampa Bay Buccaneers,Buccaneers,24,70,195,Oregon,2,7,19,8,2002,86,Elusive Back - HB,Launch Ratings,1,,Juke Box,Human Joystick,,,,,91,89,81,86,26,24,87,92,70,89,55,10,20,31,88,94,79,25,25,76,31,15,30,34,44,15,15,10,20,31,61,58,64,69,23,17,28,Default,59,89,91,86,70,65,31,15,20,31,25,39,24,91,68,20
m27-1,2262,Chris,Boswell,Chris Boswell,K,Pittsburgh Steelers,Steelers,35,74,185,Rice,12,9,16,3,1991,86,Accurate - KP,Launch Ratings,1,,,,,,,,71,62,74,10,10,12,12,45,29,52,10,10,15,10,89,10,65,95,96,10,10,12,10,10,16,10,10,10,10,10,12,10,10,10,10,10,24,Default,12,72,10,84,10,44,35,27,33,37,10,29,20,49,15,12
m27-1,20583,Devin,Bush,Devin Bush,MIKE,Chicago Bears,Bears,28,71,234,Michigan,7,12,18,7,1998,86,Field General - MLB,Launch Ratings,1,,,,,,,,90,83,93,36,73,12,19,59,66,79,55,62,88,73,87,41,92,13,12,10,22,75,45,45,45,6,91,55,51,87,14,5,5,13,45,45,45,Default Stride Loose,57,87,34,85,36,74,88,6,6,6,6,14,10,86,33,76
m27-1,22183,Devin,Lloyd,Devin Lloyd,MIKE,Carolina Panthers,Panthers,27,75,235,Utah,4,55,30,9,1998,86,Field General - MLB,Launch Ratings,1,,Short Route KO,Lurker,,,,,90,79,88,68,78,18,53,65,75,75,58,66,86,86,92,61,84,38,41,10,24,69,45,45,45,6,90,58,51,92,33,28,30,32,45,45,45,Long Stride Default,70,86,46,93,46,78,87,10,12,16,15,28,10,88,47,74
m27-1,13468,Foyesade,Oluokun,Foyesade Oluokun,MIKE,Jacksonville Jaguars,Jaguars,31,74,230,Yale,8,23,2,8,1995,86,Field General - MLB,Launch Ratings,1,,Secure Tackler,Flat Zone KO,,,,,87,84,89,41,74,15,26,62,73,78,49,49,87,81,90,42,88,14,20,40,17,68,35,35,35,6,88,56,63,94,15,10,10,20,35,35,35,Default Stride Loose,47,87,32,94,36,70,90,10,10,15,6,28,10,86,34,76
m27-1,22376,Garrett,Wilson,Garrett Wilson,WR,NY Jets,Jets,26,72,183,Ohio State,4,5,22,7,2000,86,Deep Threat - WR,Launch Ratings,1,,Slot-O-Matic,Mid In Elite,,,,,93,93,86,91,20,19,82,69,88,92,86,10,19,41,93,91,88,13,17,78,23,14,21,18,30,6,17,10,14,30,78,86,84,84,23,19,44,Default,91,92,85,92,64,56,22,12,15,19,22,26,15,81,38,21
m27-1,17643,Hunter,Henry,Hunter Henry,TE,New England Patriots,Patriots,31,77,250,Arkansas,10,85,7,12,1994,86,Possession - TE,Launch Ratings,1,,,,,,,,86,76,98,78,46,15,56,72,92,71,85,17,27,73,89,69,87,19,21,18,58,14,60,61,62,6,22,17,17,43,80,69,72,76,61,65,66,Default,87,85,54,96,69,75,42,6,10,15,10,28,10,93,78,21
m27-1,22230,Jalen,Pitre,Jalen Pitre,CB,Houston Texans,Texans,27,71,198,Baylor,4,5,3,6,1999,86,Zone - CB,Launch Ratings,1,,,,,,,,93,91,90,72,54,15,52,63,77,89,64,48,82,55,90,72,84,32,34,45,25,84,35,35,35,11,93,38,66,83,24,20,25,30,35,35,35,Default,71,90,66,92,40,62,67,11,12,15,14,23,12,82,35,88
m27-1,20703,Jamel,Dean,Jamel Dean,CB,Pittsburgh Steelers,Steelers,29,73,206,Auburn,7,35,15,10,1996,86,Manto Man - CB,Launch Ratings,1,,,,,,,,90,84,89,71,52,13,53,59,71,84,59,39,68,54,85,71,90,28,33,65,19,86,35,35,35,6,87,30,88,78,26,22,25,34,35,35,35,Default,68,91,66,91,46,66,76,6,6,6,6,14,13,88,42,85
m27-1,21581,Javonte,Williams,Javonte Williams,HB,Dallas Cowboys,Cowboys,26,70,220,North Carolina,5,33,25,4,2000,86,Power Back - HB,Launch Ratings,1,,,,,,,,90,84,88,90,31,26,90,91,69,86,51,10,30,52,88,84,87,14,18,42,52,15,33,37,63,13,15,10,17,38,49,53,57,65,38,43,52,Default,53,88,75,90,84,82,35,10,10,10,18,32,15,88,94,20
m27-1,21760,Jaylen,Waddle,Jaylen Waddle,WR,Denver Broncos,Broncos,27,70,182,Alabama,5,17,25,11,1998,86,Deep Threat - WR,Launch Ratings,1,,,,,,,,96,96,89,89,27,28,78,75,89,95,88,10,19,48,88,86,90,16,19,84,22,14,19,22,32,20,16,10,10,34,80,81,83,80,29,20,49,Default Stride Loose,83,96,80,89,55,57,29,19,23,29,29,34,25,85,41,19
m27-1,20915,Jordan,Love,Jordan Love,QB,Green Bay Packers,Packers,27,76,219,Utah State,6,10,2,11,1998,86,Field General - QB,Launch Ratings,1,,Gift-Wrapped,Sideline Deadeye,,,,,86,77,87,77,26,77,53,67,21,71,15,10,23,21,89,65,85,27,42,12,16,16,17,15,18,85,16,10,12,31,14,13,14,15,15,18,19,Long Stride Loose,16,85,49,90,61,62,26,86,92,90,89,92,87,89,51,20
m27-1,17752,Kevin,Byard III,Kevin Byard III,FS,New England Patriots,Patriots,33,71,218,Mid Tenn St.,10,31,17,8,1993,86,Zone - S,Launch Ratings,0,,,,,,,,86,87,91,67,64,10,59,78,82,83,47,53,79,60,97,72,90,19,20,55,15,70,33,34,12,17,89,47,67,84,22,10,12,31,33,34,16,Default Stride Loose,68,88,60,96,48,73,80,36,26,31,18,44,26,90,52,81
m27-1,12344,Khalil,Mack,Khalil Mack,REDG,Los Angeles Chargers,Chargers,35,75,269,Buffalo,12,52,22,2,1991,86,Smaller Speed Rusher - DE,Launch Ratings,1,,Edge Threat,No Outsiders,Secure Tackler,,,,85,84,82,55,90,12,31,61,62,69,54,82,88,93,92,54,94,22,24,10,28,50,45,45,45,6,84,85,48,86,28,5,5,15,45,45,45,Default Stride Loose,53,84,60,87,51,87,87,6,6,6,6,32,12,92,55,59
m27-1,14644,Malik,Nabers,Malik Nabers,WR,NY Giants,Giants,23,72,199,LSU,2,1,28,7,2003,86,Deep Threat - WR,Launch Ratings,1,,Mid Out Elite,Mid In Elite,,,,,92,92,81,92,27,27,81,76,87,94,86,11,20,42,89,87,96,25,28,72,20,12,10,10,23,6,19,11,15,31,78,86,86,85,14,19,38,Short Stride Default,92,96,82,93,60,63,30,6,10,15,10,31,15,88,52,18
m27-1,21205,Mike,Onwenu,Mike Onwenu,RG,New England Patriots,Patriots,28,75,350,Michigan,6,71,10,12,1997,86,Power - G,Launch Ratings,1,,,,,,,,53,55,91,24,22,12,20,29,26,46,24,12,30,91,91,18,65,16,15,10,81,17,83,89,87,8,22,22,15,31,15,6,10,18,82,87,85,Default Stride Awkward,18,65,20,95,30,91,25,6,6,6,6,21,12,85,29,22
m27-1,21920,Milton,Williams,Milton Williams,DT,New England Patriots,Patriots,27,75,290,LA. Tech,5,97,6,4,1999,86,Power Rusher - DT,Launch Ratings,1,,Quick Jump,,,,,,85,81,89,18,78,12,15,28,29,66,24,77,76,83,91,23,89,13,14,10,31,17,45,45,45,6,87,86,15,83,15,5,9,17,45,45,45,Long Stride Awkward,18,82,20,77,25,92,86,6,6,6,6,22,10,87,26,25
m27-1,22409,Nate,Landman,Nate Landman,MIKE,Los Angeles Rams,Rams,27,75,235,Colorado,4,53,19,11,1998,86,Field General - MLB,Launch Ratings,1,,,,,,,,86,80,92,53,78,34,45,58,55,74,47,40,88,88,86,50,87,13,12,10,35,67,45,45,45,25,94,45,54,89,44,39,42,45,45,45,45,Default,47,82,46,89,45,76,91,35,40,42,33,42,21,92,49,72
m27-1,15359,Nick,Emmanwori,Nick Emmanwori,SS,Seattle Seahawks,Seahawks,22,75,220,South Carolina,1,3,7,2,2004,86,Run Support - S,Launch Ratings,1,,,,,,,,93,83,88,70,68,15,59,65,74,81,60,44,83,61,91,70,96,18,21,43,25,79,35,35,35,6,86,44,74,85,37,30,34,39,35,35,35,Default Stride Loose,65,93,62,92,48,70,77,6,6,6,6,25,12,91,51,76
m27-1,22699,Paris,Johnson Jr,Paris Johnson Jr,LT,Arizona Cardinals,Cardinals,25,78,325,Ohio State,3,70,3,7,2001,86,Pass Protector - OT,Launch Ratings,1,,,,,,,,80,75,86,15,46,12,15,35,32,58,26,40,41,89,93,10,79,26,30,10,88,10,87,89,89,6,35,44,10,35,13,10,12,21,85,80,83,Long Stride Awkward,23,73,10,87,21,89,40,6,6,6,6,22,10,87,25,12
m27-1,17545,Ronnie,Stanley,Ronnie Stanley,LT,Baltimore Ravens,Ravens,32,78,315,Notre Dame,10,79,18,3,1994,86,Power - OT,Launch Ratings,1,,Secure Protector,Edge Protector,,,,,66,68,97,15,27,12,8,32,24,55,22,14,42,89,79,22,71,17,20,9,86,11,87,85,87,6,18,18,9,29,22,6,9,19,84,88,86,Default Stride Awkward,20,70,13,87,19,92,31,6,6,6,6,22,16,76,27,13
m27-1,14741,Tanor,Bortolini,Tanor Bortolini,C,Indianapolis Colts,Colts,24,76,303,Wisconsin,2,60,18,6,2002,86,Agile - C,Launch Ratings,1,,,,,,,,82,78,90,10,25,7,6,40,25,70,10,20,38,86,91,10,79,12,9,10,88,12,80,77,79,5,21,22,9,33,13,6,7,10,93,90,91,Default Stride Awkward,12,74,10,90,10,88,37,5,6,7,5,21,8,82,10,12
m27-1,21997,Alaric,Jackson,Alaric Jackson,LT,Los Angeles Rams,Rams,28,79,338,Iowa,5,77,14,7,1998,85,Power - OT,Launch Ratings,1,,,,,,,,66,60,93,30,47,12,29,34,22,50,25,34,43,86,92,21,64,11,13,10,87,10,82,85,84,6,21,46,10,45,21,10,15,20,92,88,90,Long Stride Awkward,27,63,14,90,24,88,42,6,6,6,6,26,16,86,33,12
m27-1,20881,Alex,Singleton,Alex Singleton,MIKE,Denver Broncos,Broncos,32,74,240,Montana State,8,49,7,12,1993,85,Field General - MLB,Launch Ratings,1,,,,,,,,85,77,93,34,76,12,33,55,63,70,40,55,82,82,90,36,76,15,19,10,26,56,45,45,45,6,92,64,42,92,10,5,5,15,45,45,45,Default Stride Loose,45,85,31,90,28,72,93,6,6,6,6,20,12,99,36,68
m27-1,14793,Ashton,Jeanty,Ashton Jeanty,HB,Las Vegas Raiders,Raiders,22,69,211,Boise State,1,2,2,12,2003,85,Elusive Back - HB,Launch Ratings,1,,,,,,,,92,91,84,86,39,29,89,92,70,91,60,30,33,48,91,85,93,25,24,74,42,32,35,42,51,26,42,27,28,41,58,56,60,66,30,32,41,Default,61,90,79,93,87,80,37,18,21,24,21,31,27,93,87,35
m27-1,22383,Brock,Purdy,Brock Purdy,QB,San Francisco 49ers,49ers,26,73,220,Iowa State,4,13,27,12,1999,85,Field General - QB,Launch Ratings,1,,Fearless,Inside Deadeye,,,,,89,81,86,81,18,77,66,64,24,77,12,10,13,24,89,66,70,21,22,10,18,10,14,10,13,88,14,10,10,28,13,10,11,12,16,12,19,Default,15,79,62,90,30,63,25,85,95,91,88,87,91,85,51,12
m27-1,14758,Byron,Murphy II,Byron Murphy II,DT,Seattle Seahawks,Seahawks,23,73,308,Texas,2,91,8,9,2002,85,Power Rusher - DT,Launch Ratings,1,,,,,,,,81,67,89,53,82,12,38,42,46,64,22,79,82,87,91,45,80,18,20,10,26,25,45,45,45,6,88,84,29,87,28,20,23,29,45,45,45,Default Stride Awkward,25,77,41,83,48,91,89,6,6,6,6,25,10,88,53,34
m27-1,13171,Carlton,Davis III,Carlton Davis III,CB,New England Patriots,Patriots,29,73,206,Auburn,8,7,31,12,1996,85,Manto Man - CB,Launch Ratings,1,,,,,,,,89,81,90,56,52,15,48,65,76,80,63,35,68,55,86,67,82,15,19,40,19,85,35,35,35,6,91,24,93,75,23,10,15,20,35,35,35,Default Stride Loose,67,90,58,89,27,65,73,6,6,6,6,26,13,88,29,85
m27-1,20920,D'Andre,Swift,D'Andre Swift,HB,Chicago Bears,Bears,27,68,204,Georgia,6,4,14,1,1999,85,Elusive Back - HB,Launch Ratings,1,,,,,,,,90,89,92,87,28,23,83,91,71,87,61,16,30,41,87,87,93,12,18,63,33,16,35,32,56,17,17,22,16,36,59,61,66,73,19,23,32,Short Stride Default,59,90,80,89,77,68,31,15,25,30,28,38,19,87,75,13
m27-1,21101,Damien,Lewis,Damien Lewis,LG,Carolina Panthers,Panthers,29,74,327,LSU,6,68,21,3,1997,85,Power - G,Launch Ratings,1,,,,,,,,64,55,88,15,38,12,5,30,26,46,15,27,47,88,91,10,74,25,25,10,82,12,84,89,87,6,30,40,10,35,15,5,5,15,83,88,86,Default Stride Awkward,15,67,15,88,35,89,42,6,6,6,6,26,12,94,40,15
m27-1,20353,DK,Metcalf,DK Metcalf,WR,Pittsburgh Steelers,Steelers,28,76,229,Ole Miss,7,4,14,12,1997,85,Deep Threat - WR,Launch Ratings,1,,Deep Out Elite,,,,,,93,82,88,86,38,29,85,69,87,81,87,10,30,48,94,82,94,13,18,40,27,15,18,23,42,10,19,10,15,34,87,84,83,82,27,31,49,Long Stride Default,92,94,71,88,86,79,33,10,13,18,10,34,19,96,80,29
m27-1,20813,Jalen,Thompson,Jalen Thompson,FS,Dallas Cowboys,Cowboys,28,71,190,Wash. St.,7,34,18,7,1998,85,Zone - S,Launch Ratings,1,,,,,,,,92,83,87,51,58,10,44,58,78,84,50,54,70,58,89,70,81,21,21,60,14,73,35,35,35,6,85,50,68,83,15,10,10,20,35,35,35,Default Stride Loose,69,90,64,95,45,60,82,6,6,6,6,22,16,85,37,82
m27-1,22375,Jameson,Williams,Jameson Williams,WR,Detroit Lions,Lions,25,74,180,Alabama,4,1,26,3,2001,85,Deep Threat - WR,Launch Ratings,1,,,,,,,,96,95,84,93,25,21,76,68,82,95,77,10,22,42,91,87,82,17,18,82,23,15,22,19,25,13,16,10,14,33,75,83,85,80,25,20,45,Short Stride Loose,80,98,79,89,52,63,26,6,10,15,17,31,18,86,44,22
m27-1,14694,Joe,Alt,Joe Alt,RT,Los Angeles Chargers,Chargers,23,80,322,Notre Dame,2,76,28,2,2003,85,Power - OT,Launch Ratings,1,,,,,,,,77,72,88,45,35,49,36,59,57,63,54,36,45,87,94,39,70,14,15,15,87,15,85,89,88,31,32,34,14,24,47,25,35,42,85,85,85,Long Stride Awkward,56,71,40,88,57,89,44,38,43,45,35,54,31,95,48,13
m27-1,22706,Joey,Porter,Joey Porter,CB,Pittsburgh Steelers,Steelers,26,74,193,Penn State,3,24,26,7,2000,85,Manto Man - CB,Launch Ratings,1,,,,,,,,94,89,86,69,58,10,66,60,60,84,54,33,78,53,92,71,89,12,15,56,11,86,35,35,35,6,84,40,90,77,22,15,22,29,35,35,35,Long Stride Loose,62,90,63,90,55,67,65,10,11,15,6,26,11,91,52,80
m27-1,21131,Jonathan,Greenard,Jonathan Greenard,REDG,Philadelphia Eagles,Eagles,29,75,263,Florida,6,52,25,5,1997,85,Smaller Speed Rusher - DE,Launch Ratings,1,,Secure Tackler,Edge Threat,,,,,87,81,90,48,83,16,24,56,63,72,47,87,81,86,85,47,75,18,21,20,27,42,45,45,45,6,89,76,44,85,29,19,21,31,45,45,45,Long Stride Bread Loaf,47,86,43,80,44,81,83,6,6,6,6,23,11,82,32,52
m27-1,13259,Josh,Sweat,Josh Sweat,REDG,Arizona Cardinals,Cardinals,29,77,265,Florida State,8,10,29,3,1997,85,Smaller Speed Rusher - DE,Launch Ratings,1,,Edge Threat,Extra Credit,,,,,89,82,88,35,81,12,25,47,50,69,28,84,78,89,91,35,90,12,19,10,18,37,45,45,45,6,86,77,28,84,16,4,8,15,45,45,45,Long Stride Loose,30,85,26,81,42,81,88,6,6,6,6,20,18,84,27,49
m27-1,20602,Julian,Love,Julian Love,SS,Seattle Seahawks,Seahawks,28,71,195,Notre Dame,7,20,19,3,1998,85,Zone - S,Launch Ratings,1,,,,,,,,87,88,89,73,56,14,60,65,77,85,58,33,71,48,92,77,86,14,19,70,17,75,35,35,35,6,89,29,73,84,37,22,30,38,35,35,35,Default,63,89,68,94,32,62,75,6,6,6,6,29,12,85,32,83
m27-1,22933,Kobie,Turner,Kobie Turner,DT,Los Angeles Rams,Rams,27,74,294,Wake Forest,3,91,26,4,1999,85,Power Rusher - DT,Launch Ratings,1,,,,,,,,82,80,90,46,87,12,35,34,43,64,24,78,87,77,90,37,72,15,15,10,55,27,45,52,49,7,92,86,15,82,15,5,9,17,50,50,55,Default Stride Awkward,31,74,33,84,35,89,81,6,7,8,7,24,10,91,44,34
m27-1,21642,Landon,Dickerson,Landon Dickerson,LG,Philadelphia Eagles,Eagles,27,78,332,Alabama,5,69,30,9,1998,85,Power - G,Launch Ratings,1,,,,,,,,64,66,85,15,39,12,7,28,31,46,14,10,40,91,85,11,68,12,12,10,87,6,79,85,82,6,32,10,10,21,16,7,6,12,82,86,84,Default Stride Awkward,17,66,10,88,24,93,36,6,6,6,6,24,11,94,27,10
m27-1,12544,Marlon,Humphrey,Marlon Humphrey,CB,Baltimore Ravens,Ravens,30,72,205,Alabama,9,44,8,7,1996,85,Zone - CB,Launch Ratings,1,,,,,,,,92,85,88,68,61,16,56,62,78,87,56,51,77,62,88,76,85,25,30,62,20,81,35,35,35,6,89,37,96,79,15,10,11,15,35,35,35,Short Stride Default,68,91,61,96,36,74,70,6,6,6,6,22,10,79,29,84
m27-1,13391,Michael,Dickson,Michael Dickson,P,Seattle Seahawks,Seahawks,30,74,208,Texas,8,4,4,1,1996,85,Accurate - KP,Launch Ratings,1,,,,,,,,75,65,71,19,28,15,12,38,26,54,15,10,17,16,90,24,31,96,96,10,16,11,17,17,17,18,17,10,10,38,15,15,15,15,16,16,16,Default Stride Loose,15,77,16,86,10,47,30,18,24,29,22,36,20,72,12,16
m27-1,28142,Nick,Folk,Nick Folk,K,Atlanta Falcons,Falcons,41,73,222,Arizona,18,6,5,11,1984,85,Accurate - KP,Launch Ratings,1,,,,,,,,64,54,68,25,25,20,15,50,40,43,10,20,12,20,85,25,50,98,94,10,15,15,17,16,15,20,25,15,10,35,12,10,10,10,26,21,15,Default Stride Awkward,12,66,20,78,15,59,25,25,30,35,20,55,13,65,10,20
m27-1,22765,Rashee,Rice,Rashee Rice,WR,Kansas City Chiefs,Chiefs,26,74,203,SMU,3,4,22,4,2000,85,Slot - WR,Launch Ratings,1,,,,,,,,92,86,90,88,32,25,80,72,91,88,82,10,28,50,90,80,92,20,25,40,32,11,29,30,37,10,15,10,10,32,86,80,88,90,27,32,55,Long Stride Default,84,90,78,89,69,71,32,15,20,30,15,47,18,88,62,16
m27-1,13875,Robert,Spillane,Robert Spillane,MIKE,New England Patriots,Patriots,30,73,229,W. Michigan,8,14,14,12,1995,85,Field General - MLB,Launch Ratings,1,,,,,,,,85,77,94,43,73,12,31,60,74,72,42,50,83,79,88,46,79,12,18,10,16,68,45,45,45,6,96,56,46,89,12,5,5,15,45,45,45,Default Stride Loose,33,87,38,91,40,71,88,6,6,6,6,21,10,90,45,75
m27-1,21649,Spencer,Brown,Spencer Brown,RT,Buffalo Bills,Bills,28,80,311,Northern Iowa,5,79,28,2,1998,85,Power - OT,Launch Ratings,1,,,,,,,,79,74,85,27,34,12,24,50,55,56,49,38,45,91,89,10,77,25,25,10,89,12,78,83,80,6,33,49,10,51,23,5,14,33,87,89,88,Long Stride Awkward,49,73,10,86,30,91,42,6,6,6,6,23,10,85,35,15
m27-1,15097,Tetairoa,McMillan,Tetairoa McMillan,WR,Carolina Panthers,Panthers,23,76,213,Arizona,1,4,5,4,2003,85,Slot - WR,Launch Ratings,1,,Quick Jump,,,,,,91,90,91,87,39,52,78,73,87,88,87,34,41,49,92,77,95,17,27,71,34,27,17,24,26,36,28,31,22,46,88,82,87,87,35,35,45,Default,89,89,73,96,67,76,44,54,56,62,69,79,53,89,58,26
m27-1,22828,Tucker,Kraft,Tucker Kraft,TE,Green Bay Packers,Packers,25,77,259,S. Dakota St.,3,85,3,11,2000,85,Vertical Threat - TE,Launch Ratings,1,,,,,,,,89,82,90,89,49,41,77,72,91,76,77,41,52,68,83,72,82,18,29,10,59,26,58,62,62,44,37,35,27,53,72,67,74,79,59,63,63,Long Stride Default,78,88,64,86,75,76,53,35,39,44,43,52,38,82,75,35
m27-1,14706,Zach,Frazier,Zach Frazier,C,Pittsburgh Steelers,Steelers,25,75,310,West Virginia,2,54,29,8,2001,85,Agile - C,Launch Ratings,1,,,,,,,,69,56,89,17,23,5,9,30,30,54,13,12,33,86,88,10,71,14,22,10,92,8,87,86,87,6,32,15,8,27,12,5,9,10,89,86,88,Default Stride Awkward,11,64,10,91,22,88,31,5,6,7,5,22,15,97,30,9
m27-1,22085,Alec,Pierce,Alec Pierce,WR,Indianapolis Colts,Colts,26,75,211,Cincinnati,4,14,2,5,2000,84,Deep Threat - WR,Launch Ratings,0,,,,,,,,94,79,88,75,29,20,70,75,93,83,85,10,24,45,87,73,92,16,19,65,26,23,28,24,35,15,26,10,20,35,84,86,83,80,29,22,41,Long Stride Default,85,94,68,83,50,67,29,10,10,15,15,26,19,84,40,27
m27-1,20599,Byron,Murphy Jr,Byron Murphy Jr,CB,Minnesota Vikings,Vikings,28,71,190,Washington,7,7,18,1,1998,84,Zone - CB,Launch Ratings,1,,,,,,,,92,88,86,67,48,10,56,61,78,91,63,32,76,54,91,75,87,11,10,70,15,79,35,35,10,6,87,26,81,79,39,26,33,43,35,35,18,Short Stride Loose,66,92,65,92,34,60,59,6,6,6,6,25,10,81,30,85
m27-1,22938,Byron,Young,Byron Young,LEDG,Los Angeles Rams,Rams,28,74,260,Tennessee,3,0,13,3,1998,84,Smaller Speed Rusher - DE,Launch Ratings,1,,Quick Jump,,,,,,93,77,86,60,78,14,54,61,53,65,46,80,83,71,90,56,90,11,13,45,35,47,40,40,40,6,88,85,47,87,25,29,34,41,45,45,45,Default Stride Loose,47,92,49,86,53,74,87,6,6,6,6,25,9,80,55,54
m27-1,14939,Calen,Bullock,Calen Bullock,FS,Houston Texans,Texans,23,74,188,USC,2,2,30,4,2003,84,Zone - S,Launch Ratings,1,,,,,,,,92,87,85,76,59,17,70,64,78,88,69,35,79,52,93,75,80,22,19,60,15,72,24,25,30,6,84,25,66,82,40,20,27,37,27,29,32,Default Stride Loose,71,90,70,90,52,54,77,6,10,15,13,35,10,84,41,83
m27-1,21447,Camryn,Bynum,Camryn Bynum,FS,Indianapolis Colts,Colts,28,72,200,California,5,0,19,7,1998,84,Run Support - S,Launch Ratings,1,,,,,,,,88,83,85,72,57,15,43,59,74,87,55,42,73,60,92,72,82,11,10,52,20,75,35,35,35,6,86,36,72,88,46,33,35,41,35,35,35,Default Stride Loose,66,88,67,92,29,66,82,6,6,6,6,24,10,85,28,81
m27-1,15117,Colston,Loveland,Colston Loveland,TE,Chicago Bears,Bears,22,78,241,Michigan,1,84,9,4,2004,84,Vertical Threat - TE,Launch Ratings,1,,,,,,,,90,82,85,75,36,16,70,72,93,72,84,41,43,68,88,63,85,31,23,25,59,35,57,57,58,26,36,35,21,41,75,70,71,76,60,58,61,Long Stride High and Tight,86,86,55,92,69,78,38,10,27,15,23,23,34,93,70,36
m27-1,17746,D.J.,Reader,D.J. Reader,DT,NY Giants,Giants,32,75,335,Clemson,10,98,1,7,1994,84,Speed Rusher - DT,Launch Ratings,1,,,,,,,,61,57,89,18,85,12,10,30,29,53,14,64,80,88,82,16,73,17,17,9,35,18,45,44,44,6,91,77,13,87,15,3,5,13,45,46,45,Default Stride Loose,16,70,17,82,25,95,86,6,6,6,6,24,18,84,29,26
m27-1,13435,Dalton,Schultz,Dalton Schultz,TE,Houston Texans,Texans,30,77,244,Stanford,8,86,11,7,1996,84,Possession - TE,Launch Ratings,1,,,,,,,,84,79,89,76,31,12,63,72,96,73,84,10,27,72,93,72,79,14,16,38,59,12,59,56,59,5,16,10,12,34,74,65,70,77,65,62,65,Long Stride High and Tight,83,83,59,93,66,76,29,5,10,15,10,24,10,86,68,15
m27-1,13104,Daron,Payne,Daron Payne,DT,Washington Commanders,Commanders,29,75,320,Alabama,8,94,27,5,1997,84,Power Rusher - DT,Launch Ratings,1,,,,,,,,80,63,86,37,85,12,32,46,46,55,23,75,77,90,97,27,71,14,17,10,34,23,45,45,45,6,88,80,13,82,25,3,7,15,45,45,45,Long Stride Loose,20,77,23,83,39,95,81,6,6,6,6,26,17,92,43,29
m27-1,13184,DJ,Moore,DJ Moore,WR,Buffalo Bills,Bills,29,72,213,Maryland,8,2,14,4,1997,84,Deep Threat - WR,Launch Ratings,1,,,,,,,,91,92,83,95,22,23,85,73,91,88,89,10,18,41,95,92,95,13,18,80,20,18,25,22,30,15,22,10,29,36,85,80,81,81,21,27,53,Short Stride Loose,91,91,79,94,82,66,30,20,27,33,23,43,22,92,70,24
m27-1,20376,Elgton,Jenkins,Elgton Jenkins,C,Cleveland Browns,Browns,30,77,311,Mississippi St.,7,74,26,12,1995,84,Power - C,Launch Ratings,1,,,,,,,,72,62,88,15,39,12,11,25,26,54,15,25,42,86,85,20,70,14,19,10,76,12,85,86,85,6,23,30,10,40,20,5,5,10,78,76,77,Default Stride Awkward,15,73,22,89,15,89,38,6,6,6,6,24,10,87,29,15
m27-1,21921,Ernest,Jones IV,Ernest Jones IV,MIKE,Seattle Seahawks,Seahawks,26,74,230,South Carolina,5,13,22,11,1999,84,Field General - MLB,Launch Ratings,1,,,,,,,,87,73,85,47,80,12,35,62,73,73,47,45,87,91,89,60,91,13,16,10,36,63,46,46,46,6,86,65,45,91,38,27,32,38,49,47,49,Default Stride Loose,53,87,39,89,46,74,92,6,6,6,6,22,15,86,46,67
m27-1,12835,Grover,Stewart,Grover Stewart,DT,Indianapolis Colts,Colts,32,76,315,Albany St.,9,90,20,10,1993,84,Power Rusher - DT,Launch Ratings,1,,,,,,,,71,57,87,25,88,12,12,26,30,49,22,62,75,88,93,20,66,15,15,10,36,22,45,45,45,6,90,76,10,84,12,3,5,13,45,45,45,Default Stride Awkward,17,73,16,82,29,90,87,6,6,6,6,19,10,92,34,35
m27-1,2772,Jason,Myers,Jason Myers,K,Seattle Seahawks,Seahawks,35,70,190,Marist,11,5,12,5,1991,84,Accurate - KP,Launch Ratings,1,,,,,,,,71,47,69,19,10,13,12,34,30,45,10,10,12,15,85,14,40,94,95,10,15,10,15,15,20,20,15,10,10,28,12,10,10,10,15,15,20,Default Stride Awkward,12,69,23,80,16,43,20,25,30,35,20,45,13,50,15,25
m27-1,21684,Jonathon,Cooper,Jonathon Cooper,LEDG,Denver Broncos,Broncos,28,76,257,Ohio State,5,0,8,1,1998,84,Power Rusher - DE,Launch Ratings,1,,Quick Jump,,,,,,90,76,88,23,82,17,29,31,44,68,21,78,81,85,92,31,80,17,18,10,24,39,45,45,45,6,87,85,49,86,12,5,10,15,45,45,45,Default Stride Loose,23,85,23,86,36,82,85,5,6,7,6,17,14,77,27,50
m27-1,22693,Jordan,Addison,Jordan Addison,WR,Minnesota Vikings,Vikings,24,71,175,USC,3,3,27,1,2002,84,Slot - WR,Launch Ratings,1,,,,,,,,92,88,88,89,30,42,74,78,89,91,86,22,31,36,90,89,84,17,23,76,18,28,15,13,27,40,27,14,29,47,74,88,87,84,23,16,39,Short Stride Default,88,90,79,88,46,52,37,32,39,47,47,58,38,84,30,34
m27-1,13167,Justin,Reid,Justin Reid,FS,New Orleans Saints,Saints,29,73,207,Stanford,8,21,15,2,1997,84,Run Support - S,Launch Ratings,1,,,,,,,,90,90,86,57,62,13,24,63,73,85,63,46,85,66,90,71,87,78,93,55,20,73,35,35,35,15,86,39,71,86,22,10,10,20,35,35,35,Short Stride Loose,61,90,61,93,47,66,75,10,10,15,15,26,16,87,31,77
m27-1,22458,Leo,Chenal,Leo Chenal,WILL,Washington Commanders,Commanders,25,75,250,Wisconsin,4,54,26,10,2000,84,Run Stopper - OLB,Launch Ratings,1,,,,,,,,92,81,83,72,82,25,67,68,52,75,44,54,89,90,91,62,94,21,24,25,34,63,45,45,45,15,81,63,53,88,32,19,24,28,45,45,45,Default,45,87,54,85,63,82,86,15,18,21,21,25,18,90,55,69
m27-1,22112,Luke,Goedeke,Luke Goedeke,RT,Tampa Bay Buccaneers,Buccaneers,27,77,312,Central Michigan,4,67,21,11,1998,84,Pass Protector - OT,Launch Ratings,1,,,,,,,,66,64,89,41,29,10,34,48,47,57,40,27,30,89,89,26,76,25,23,10,88,10,85,89,86,6,33,32,10,34,33,29,38,43,88,83,86,Default Stride Awkward,41,66,24,89,35,88,35,6,6,6,6,30,6,85,37,12
m27-1,22698,Peter,Skoronski,Peter Skoronski,LG,Tennessee Titans,Titans,25,76,313,Northwestern,3,77,31,7,2001,84,Pass Protector - G,Launch Ratings,1,,,,,,,,80,58,87,24,22,15,25,29,36,59,22,16,22,88,95,19,83,30,32,10,81,10,88,84,87,7,26,24,10,30,18,5,10,14,82,86,84,Default Stride Awkward,15,67,15,88,26,89,25,8,8,8,6,25,7,87,27,9
m27-1,20551,Rashan,Gary,Rashan Gary,LEDG,Dallas Cowboys,Cowboys,28,77,277,Michigan,7,7,3,12,1997,84,Power Rusher - DE,Launch Ratings,1,,,,,,,,87,78,91,27,83,12,20,32,30,70,18,70,78,86,90,33,89,10,10,10,15,39,45,45,45,6,88,80,30,87,14,6,10,14,45,45,45,Long Stride Default,16,85,24,82,30,83,87,6,6,6,6,23,14,84,24,49
m27-1,21039,Rico,Dowdle,Rico Dowdle,HB,Pittsburgh Steelers,Steelers,28,72,215,South Carolina,6,13,14,6,1998,84,Elusive Back - HB,Launch Ratings,1,,Tank,,,,,,90,86,85,89,28,28,87,93,68,88,44,20,20,51,84,91,87,23,25,78,38,15,35,39,49,15,20,20,20,40,55,56,57,63,37,39,49,Default Stride Loose,54,89,81,84,74,75,36,26,30,36,30,39,22,84,83,20
m27-1,12636,Taylor,Moton,Taylor Moton,RT,Carolina Panthers,Panthers,32,77,325,W. Michigan,9,72,18,8,1994,84,Pass Protector - OT,Launch Ratings,1,,,,,,,,64,61,96,23,34,12,10,23,28,55,15,10,36,90,99,15,75,21,22,10,82,12,84,87,85,6,10,10,10,28,12,5,5,13,88,84,86,Default Stride Awkward,29,68,10,96,14,88,31,6,13,18,12,20,7,96,29,12
m27-1,21553,Trevor,Lawrence,Trevor Lawrence,QB,Jacksonville Jaguars,Jaguars,26,78,220,Clemson,5,16,6,10,1999,84,Field General - QB,Launch Ratings,1,,,,,,,,87,88,88,85,24,81,76,66,50,83,25,10,19,26,88,74,81,23,27,13,19,13,18,14,16,84,18,10,10,31,20,13,18,29,16,18,21,Long Stride High and Tight,28,89,75,92,54,69,27,81,88,91,83,92,87,91,60,18
m27-1,22368,Wan'Dale,Robinson,Wan'Dale Robinson,WR,Tennessee Titans,Titans,25,68,185,Kentucky,4,4,5,1,2001,84,Slot - WR,Launch Ratings,1,,,,,,,,93,92,86,83,32,24,76,78,93,90,81,10,29,43,87,83,83,17,21,76,24,24,16,12,29,16,31,10,23,37,70,83,85,87,23,18,40,Short Stride Default,81,91,76,95,51,61,34,10,14,19,18,27,19,82,52,30
m27-1,22105,Abraham,Lucas,Abraham Lucas,RT,Seattle Seahawks,Seahawks,27,78,322,Wash. St.,4,72,25,10,1998,83,Pass Protector - OT,Launch Ratings,1,,,,,,,,80,75,88,35,30,12,27,44,38,59,33,19,26,82,88,23,72,14,16,10,78,10,85,82,84,5,32,22,10,31,31,22,27,34,87,83,86,Default Stride Awkward,36,74,17,92,27,87,32,5,5,5,5,11,10,79,32,10
m27-1,21552,Alijah,Vera-Tucker,Alijah Vera-Tucker,LG,New England Patriots,Patriots,27,77,308,USC,5,75,17,6,1999,83,Agile - G,Launch Ratings,1,,,,,,,,73,61,82,10,25,12,5,35,25,55,10,10,24,93,77,10,78,20,20,10,91,12,81,85,83,6,10,10,10,30,12,5,5,10,88,81,85,Default Stride Awkward,12,75,10,88,10,91,36,6,6,6,6,25,16,90,15,12
m27-1,21522,Alim,McNeill,Alim McNeill,DT,Detroit Lions,Lions,26,74,315,N.C. State,5,54,11,5,2000,83,Power Rusher - DT,Launch Ratings,1,,,,,,,,80,63,89,43,82,12,33,46,48,55,30,73,79,86,90,36,75,19,23,15,38,19,45,45,47,6,89,82,19,80,29,17,22,27,49,47,50,Long Stride Loose,33,74,32,80,50,93,83,6,6,6,6,21,10,88,56,27
m27-1,20699,Andrew,Van Ginkel,Andrew Van Ginkel,REDG,Minnesota Vikings,Vikings,31,76,242,Wisconsin,7,43,1,7,1995,83,Smaller Speed Rusher - DE,Launch Ratings,1,,,,,,,,87,81,94,46,77,12,12,58,70,72,37,81,79,77,89,30,90,19,15,13,18,62,45,45,45,6,92,70,46,86,33,5,5,15,45,45,45,Default Stride Loose,43,86,37,85,51,76,82,6,6,6,6,25,10,93,51,70
m27-1,15159,Armand,Membou,Armand Membou,RT,NY Jets,Jets,22,76,332,Missouri,1,70,27,3,2004,83,Pass Protector - OT,Launch Ratings,1,,,,,,,,76,72,87,10,39,24,6,41,25,61,14,17,33,93,91,10,82,15,18,10,85,12,86,83,84,6,30,29,11,24,5,5,5,21,84,83,82,Long Stride Awkward,21,74,11,89,31,91,28,6,6,6,6,47,11,90,30,14
m27-1,20688,Azeez,Al-Shaair,Azeez Al-Shaair,MIKE,Houston Texans,Texans,29,74,228,FAU,7,0,4,8,1997,83,Field General - MLB,Launch Ratings,1,,,,,,,,86,77,89,33,75,13,22,46,61,72,48,53,89,82,85,31,80,20,16,10,17,68,45,45,45,6,88,58,50,88,18,9,12,17,45,45,45,Default Stride Loose,45,86,33,88,40,77,88,6,6,6,6,27,11,87,37,71
m27-1,13117,Baker,Mayfield,Baker Mayfield,QB,Tampa Bay Buccaneers,Buccaneers,31,73,215,Oklahoma,8,6,14,4,1995,83,Field General - QB,Launch Ratings,1,,Inside Deadeye,Fearless,,,,,84,82,83,84,28,82,78,61,64,78,23,10,25,32,95,74,73,16,20,10,26,10,10,12,16,88,15,10,10,33,15,13,17,28,10,15,29,Default Stride Loose,61,87,66,97,71,69,32,83,86,89,86,95,85,98,71,12
m27-1,21267,Brandon,Jones,Brandon Jones,FS,Denver Broncos,Broncos,28,72,191,Texas,6,22,2,4,1998,83,Run Support - S,Launch Ratings,1,,,,,,,,91,87,84,60,60,12,46,60,72,83,52,46,81,60,89,71,88,20,20,45,19,76,35,35,35,15,85,39,71,86,20,10,13,15,35,35,40,Default,63,88,62,90,47,58,77,10,10,15,15,25,20,93,20,77
m27-1,15266,Carson,Schwesinger,Carson Schwesinger,MIKE,Cleveland Browns,Browns,23,75,242,UCLA,1,49,24,2,2003,83,Field General - MLB,Launch Ratings,1,,,,,,,,90,83,87,54,75,22,40,64,68,79,58,64,83,73,90,58,93,21,23,10,25,68,45,45,45,6,85,58,52,87,34,29,32,36,45,45,45,Default,62,87,52,88,48,75,87,6,6,6,6,24,12,90,44,73
m27-1,22437,Charles,Cross,Charles Cross,LT,Seattle Seahawks,Seahawks,25,77,317,Mississippi St.,4,67,25,11,2000,83,Pass Protector - OT,Launch Ratings,1,,,,,,,,74,56,88,12,22,14,18,25,20,60,14,10,30,82,91,10,75,14,19,10,83,10,89,84,87,6,21,10,10,28,12,5,10,15,84,77,81,Default Stride Awkward,15,73,10,88,20,84,25,6,6,6,6,23,9,81,15,10
m27-1,12587,Chidobe,Awuzie,Chidobe Awuzie,CB,Baltimore Ravens,Ravens,31,72,202,Colorado,9,3,24,5,1995,83,Zone - CB,Launch Ratings,1,,,,,,,,92,86,86,67,54,14,54,68,72,85,57,51,79,47,87,78,91,22,26,69,17,83,35,35,35,6,86,36,78,77,27,16,23,34,35,35,35,Short Stride Default,71,89,68,91,42,69,66,6,6,6,6,32,12,84,32,85
m27-1,22487,Christian,Benford,Christian Benford,CB,Buffalo Bills,Bills,25,73,205,Villanova,4,47,21,9,2000,83,Zone - CB,Launch Ratings,1,,,,,,,,92,82,87,57,51,15,52,61,75,81,60,41,57,52,90,70,87,12,18,45,17,80,35,35,35,6,88,35,86,76,38,24,27,32,35,35,35,Default,66,89,63,90,40,65,73,6,6,6,6,30,10,84,37,84
m27-1,12558,Cooper,Kupp,Cooper Kupp,WR,Seattle Seahawks,Seahawks,33,74,208,Eastern Wash.,9,10,15,6,1993,83,Slot - WR,Launch Ratings,1,,,,,,,,90,90,85,95,28,22,80,76,92,89,87,10,26,56,89,88,82,20,22,84,34,15,34,39,46,37,22,10,10,31,85,81,85,84,28,32,63,Default,86,87,86,95,78,66,31,31,36,42,41,60,29,88,55,26
m27-1,15346,Craig,Woodson,Craig Woodson,SS,New England Patriots,Patriots,25,72,200,California,1,4,20,2,2001,83,Zone - S,Launch Ratings,1,,,,,,,,92,85,85,67,60,14,55,62,71,85,59,32,79,60,88,66,86,17,20,42,25,73,35,35,35,6,82,33,68,79,34,27,31,36,35,35,35,Default Stride Loose,62,91,59,92,45,59,77,6,6,6,6,24,12,85,48,81
m27-1,13159,D.J.,Reed,D.J. Reed,CB,Detroit Lions,Lions,29,69,188,Kansas State,8,4,11,11,1996,83,Zone - CB,Launch Ratings,1,,,,,,,,90,86,88,72,53,17,61,57,74,88,65,37,53,47,87,76,87,10,14,82,13,78,35,35,35,6,86,29,87,77,14,11,15,21,35,35,35,Long Stride Loose,64,89,70,95,42,52,71,5,10,15,6,22,12,75,29,84
m27-1,22485,DaRon,Bland,DaRon Bland,CB,Dallas Cowboys,Cowboys,27,72,197,Fresno State,4,26,12,7,1999,83,Manto Man - CB,Launch Ratings,1,,,,,,,,92,84,83,81,54,16,62,58,85,86,54,40,57,58,91,82,86,19,18,40,15,83,35,35,35,6,84,33,84,74,15,10,11,15,35,35,35,Long Stride Loose,59,91,69,91,36,60,66,6,6,6,6,22,10,86,26,80
m27-1,20489,David,Montgomery,David Montgomery,HB,Houston Texans,Texans,29,70,230,Iowa State,7,32,7,6,1997,83,Power Back - HB,Launch Ratings,1,,,,,,,,88,83,94,91,24,29,86,93,74,85,56,10,27,41,88,83,75,12,17,45,43,12,35,38,61,22,16,10,15,25,60,49,59,66,26,31,46,Default,54,87,76,90,80,77,30,27,40,50,31,52,21,91,89,13
m27-1,23031,DJ,Turner II,DJ Turner II,CB,Cincinnati Bengals,Bengals,25,71,185,Michigan,3,0,9,11,2000,83,Manto Man - CB,Launch Ratings,1,,,,,,,,97,92,77,65,40,15,60,53,69,93,48,35,44,33,88,77,91,15,18,65,15,83,35,35,35,15,76,25,71,65,27,11,16,22,35,35,35,Short Stride Loose,65,96,65,90,25,43,56,10,15,22,11,27,10,83,28,81
m27-1,20377,Hjalte,Froholdt,Hjalte Froholdt,C,Arizona Cardinals,Cardinals,30,77,310,Arkansas,7,72,20,8,1996,83,Power - C,Launch Ratings,1,,,,,,,,67,66,85,21,42,12,14,30,42,54,25,21,30,82,89,19,69,20,30,10,86,11,83,85,84,6,45,28,10,39,22,12,16,21,82,87,85,Default Stride Awkward,30,72,10,94,21,91,44,6,6,6,6,10,10,86,28,12
m27-1,22471,Jaylen,Warren,Jaylen Warren,HB,Pittsburgh Steelers,Steelers,27,68,215,Oklahoma St.,4,30,1,11,1998,83,Elusive Back - HB,Launch Ratings,1,,,,,,,,94,80,86,87,26,24,88,95,71,83,63,12,23,52,88,87,74,20,21,66,48,14,29,28,57,15,20,11,16,34,59,56,58,61,37,37,50,Short Stride High and Tight,59,90,82,83,75,75,34,18,21,24,19,27,17,86,78,19
m27-1,21500,Jeremiah,Owusu-Koramoah,Jeremiah Owusu-Koramoah,WILL,Cleveland Browns,Browns,26,74,221,Notre Dame,5,6,4,11,1999,83,Pass Coverage - OLB,Launch Ratings,1,,,,,,,,91,87,85,61,69,41,48,57,72,78,53,65,85,76,88,55,87,17,18,35,18,70,45,45,45,29,85,51,48,93,31,23,29,34,45,45,45,Default Stride Loose,56,87,53,88,40,65,83,30,36,40,47,43,32,88,38,75
m27-1,21470,Jevon,Holland,Jevon Holland,FS,NY Giants,Giants,26,73,210,Oregon,5,8,3,3,2000,83,Hybrid - S,Launch Ratings,1,,,,,,,,92,83,83,75,59,10,43,67,79,86,69,48,82,64,92,77,87,15,11,71,24,83,35,35,35,15,80,40,69,81,46,40,41,44,35,35,35,Default Stride Loose,75,91,64,93,34,65,73,10,10,15,15,23,11,84,33,83
m27-1,12555,Jourdan,Lewis,Jourdan Lewis,CB,Jacksonville Jaguars,Jaguars,31,70,195,Michigan,9,2,31,8,1995,83,Manto Man - CB,Launch Ratings,1,,,,,,,,87,84,94,73,58,16,66,65,73,83,73,36,66,61,89,78,85,26,26,81,10,84,35,35,35,6,92,27,82,78,26,15,22,32,35,35,35,Short Stride Default,77,88,73,88,38,67,69,6,6,6,6,24,10,84,38,80
m27-1,20749,Kaden,Elliss,Kaden Elliss,WILL,New Orleans Saints,Saints,31,74,238,Idaho,7,55,10,7,1995,83,Pass Coverage - OLB,Launch Ratings,1,,,,,,,,86,85,90,49,75,38,33,65,52,75,50,70,85,78,91,56,83,15,19,15,19,66,45,45,45,33,89,60,45,88,20,7,13,23,45,45,45,Default Stride Loose,53,85,42,91,36,75,88,37,41,46,44,66,47,87,38,74
m27-1,21012,Kam,Curl,Kam Curl,SS,Los Angeles Rams,Rams,27,74,207,Arkansas,6,3,31,3,1999,83,Run Support - S,Launch Ratings,1,,,,,,,,89,83,84,63,61,10,51,55,65,80,54,53,79,57,93,69,83,17,22,59,12,72,35,35,35,10,83,44,73,86,30,27,31,38,35,35,35,Short Stride Loose,62,89,58,97,36,70,83,10,10,10,10,20,10,91,34,77
m27-1,22074,Khalil,Shakir,Khalil Shakir,WR,Buffalo Bills,Bills,26,72,190,Boise State,4,10,3,2,2000,83,Slot - WR,Launch Ratings,1,,,,,,,,93,85,91,92,27,26,83,73,94,86,81,10,21,40,88,88,89,15,19,76,21,11,25,20,29,21,16,10,14,28,74,79,84,82,24,20,39,Default,85,90,79,89,52,63,25,21,27,31,29,39,27,80,45,17
m27-1,22261,Kyler,Gordon,Kyler Gordon,CB,Chicago Bears,Bears,26,71,200,Washington,4,6,17,12,1999,83,Zone - CB,Launch Ratings,1,,,,,,,,91,92,91,61,48,20,55,58,71,92,50,47,66,50,92,75,93,20,17,50,22,77,35,35,35,18,92,38,73,77,39,34,37,42,35,35,35,Default Stride Loose,69,88,68,90,32,66,65,12,15,20,22,23,16,79,35,82
m27-1,14651,Ladd,McConkey,Ladd McConkey,WR,Los Angeles Chargers,Chargers,24,72,185,Georgia,2,15,11,11,2001,83,Slot - WR,Launch Ratings,1,,Slot-O-Matic,Short In Elite,,,,,94,91,85,87,33,25,72,71,89,93,81,10,31,43,90,85,87,12,18,78,20,12,16,20,31,6,14,10,16,39,69,81,86,87,29,22,42,Short Stride Default,83,92,71,89,48,57,34,6,10,15,16,25,16,82,39,17
m27-1,21081,Michael,Pittman,Michael Pittman,WR,Pittsburgh Steelers,Steelers,28,76,223,USC,6,11,5,10,1997,83,Deep Threat - WR,Launch Ratings,1,,,,,,,,86,84,95,83,41,31,78,71,89,83,87,10,42,56,89,77,94,15,22,76,42,14,30,35,43,28,16,10,20,40,87,78,81,83,29,35,55,Default,93,88,71,91,75,71,55,28,33,39,39,48,29,92,68,20
m27-1,22700,Nolan,Smith Jr,Nolan Smith Jr,LEDG,Philadelphia Eagles,Eagles,25,74,238,Georgia,3,3,18,1,2001,83,Smaller Speed Rusher - DE,Launch Ratings,1,,Quick Jump,,,,,,92,87,84,50,74,21,36,49,50,81,43,79,84,83,88,55,93,20,20,25,23,47,35,35,35,11,81,70,37,85,19,11,15,20,40,40,40,Default Stride Loose,42,90,54,77,34,69,86,11,15,21,15,25,15,84,39,55
m27-1,13199,Poona,Ford,Poona Ford,DT,Los Angeles Rams,Rams,30,71,310,Texas,8,97,19,11,1995,83,Speed Rusher - DT,Launch Ratings,1,,,,,,,,67,63,90,15,86,12,10,31,37,53,15,79,79,84,92,10,73,12,17,10,37,25,45,45,45,6,92,67,15,82,15,3,7,15,45,45,45,Default Stride Awkward,15,71,10,82,35,88,86,6,6,6,6,26,18,90,20,30
m27-1,21398,Reggie,Gilliam,Reggie Gilliam,FB,New England Patriots,Patriots,29,73,255,Toledo,6,44,20,8,1997,83,Blocking - FB,Launch Ratings,1,,,,,,,,89,83,85,66,39,20,61,70,74,76,59,22,84,76,89,65,85,12,17,38,90,31,46,52,73,10,42,31,14,57,59,55,60,64,65,62,69,Default,57,87,54,88,69,81,54,16,21,26,25,34,21,93,72,36
m27-1,12930,Rigoberto,Sanchez,Rigoberto Sanchez,P,Indianapolis Colts,Colts,31,72,195,Hawaii,9,8,8,9,1994,83,Accurate - KP,Launch Ratings,1,,,,,,,,70,62,71,28,28,21,14,47,38,50,18,10,33,22,85,10,59,92,94,10,16,18,17,19,20,18,24,10,13,24,12,12,12,12,18,18,20,Default Stride Awkward,14,69,19,85,16,51,29,26,32,37,26,39,18,69,21,26
m27-1,20518,T.J.,Hockenson,T.J. Hockenson,TE,Minnesota Vikings,Vikings,29,77,248,Iowa,7,87,3,7,1997,83,Vertical Threat - TE,Launch Ratings,1,,,,,,,,85,81,88,80,47,17,71,79,85,79,83,46,51,66,87,70,89,34,38,10,57,27,55,57,59,10,34,37,26,56,76,67,73,75,63,61,63,Long Stride Default,88,83,69,90,77,80,46,10,15,20,10,28,15,89,68,36
m27-1,13348,Taron,Johnson,Taron Johnson,CB,Las Vegas Raiders,Raiders,30,71,192,Weber State,8,3,27,7,1996,83,Zone - CB,Launch Ratings,1,,,,,,,,92,82,91,63,60,10,50,58,73,83,62,36,48,49,90,73,81,11,10,38,15,79,35,40,10,6,92,29,85,77,28,24,31,38,35,35,40,Short Stride Loose,62,90,65,95,31,63,68,6,6,6,6,25,11,80,22,82
m27-1,22192,Terrel,Bernard,Terrel Bernard,MIKE,Buffalo Bills,Bills,27,73,224,Baylor,4,8,7,5,1999,83,Field General - MLB,Launch Ratings,1,,,,,,,,91,82,88,48,72,18,33,49,74,78,45,62,81,74,86,61,85,13,17,30,19,65,45,45,45,11,90,52,40,92,15,5,5,15,45,45,45,Default Stride Loose,51,85,51,89,44,67,86,15,17,22,15,21,12,88,39,72
m27-1,20473,Tony,Pollard,Tony Pollard,HB,Tennessee Titans,Titans,29,72,209,Memphis,7,20,30,4,1997,83,Elusive Back - HB,Launch Ratings,1,,,,,,,,93,84,85,89,30,26,81,90,74,85,62,15,30,34,89,90,85,10,14,87,30,40,32,31,62,10,29,12,24,42,64,62,63,67,29,24,32,Short Stride High and Tight,61,90,80,85,71,69,38,12,15,21,14,25,12,84,73,36
m27-1,15101,Travis,Hunter,Travis Hunter,CB,Jacksonville Jaguars,Jaguars,23,73,188,Colorado,1,12,18,5,2003,83,Manto Man - CB,Launch Ratings,1,,Ironman,Recuperation,,,,,94,95,74,86,55,33,76,70,85,96,83,44,71,58,87,86,96,23,26,78,32,82,35,35,35,21,76,35,80,77,79,81,80,82,28,30,42,Default,86,93,82,99,59,61,68,24,26,31,31,41,24,93,50,84
m27-1,13119,Tremaine,Edmunds,Tremaine Edmunds,MIKE,NY Giants,Giants,28,76,251,Virginia Tech,8,49,2,5,1998,83,Field General - MLB,Launch Ratings,1,,,,,,,,85,84,88,40,76,12,29,48,74,77,36,73,85,81,92,49,85,14,20,10,17,65,45,45,45,6,86,61,37,88,15,5,5,15,45,45,45,Long Stride Loose,48,85,43,90,39,75,89,6,6,6,6,18,10,88,28,72
m27-1,15102,Tyler,Warren,Tyler Warren,TE,Indianapolis Colts,Colts,24,78,256,Penn State,1,84,24,5,2002,83,Vertical Threat - TE,Launch Ratings,0,,Mid Out Elite,Short Out Elite,,,,,88,85,85,80,48,43,69,73,88,80,82,45,38,69,94,70,90,33,35,42,60,39,64,62,63,43,28,41,15,47,77,68,73,77,60,64,62,Long Stride High and Tight,82,84,64,90,70,80,46,41,50,56,38,63,44,92,68,24
m27-1,13481,Zach,Sieler,Zach Sieler,DT,Miami Dolphins,Dolphins,30,78,305,Ferris State,8,92,7,9,1995,83,Power Rusher - DT,Launch Ratings,1,,,,,,,,73,73,86,25,86,12,23,29,36,57,20,76,83,86,90,33,72,12,15,10,18,18,45,45,45,6,88,66,20,83,15,4,8,15,45,45,45,Long Stride Loose,26,78,27,84,38,89,84,6,6,6,6,22,16,88,39,29
m27-1,22732,Zach,Charbonnet,Zach Charbonnet,HB,Seattle Seahawks,Seahawks,25,73,220,UCLA,3,26,8,1,2001,83,Power Back - HB,Launch Ratings,1,,,,,,,,89,82,84,86,41,26,86,97,73,78,53,38,49,43,87,82,85,16,18,65,41,25,33,40,55,10,45,31,28,50,51,47,56,63,23,32,48,Default,52,88,76,86,81,79,50,10,14,18,20,23,11,83,92,31
m27-1,13124,Braden,Smith,Braden Smith,RT,Houston Texans,Texans,30,78,315,Auburn,8,71,25,3,1996,82,Power - OT,Launch Ratings,0,,,,,,,,68,58,91,17,20,12,8,29,19,52,10,10,62,84,87,10,81,14,14,15,88,10,77,82,79,6,22,20,10,27,15,5,5,10,89,85,87,Long Stride Awkward,12,66,10,90,15,92,55,6,6,6,6,22,15,93,29,17
m27-1,28363,Calais,Campbell,Calais Campbell,DT,Baltimore Ravens,Ravens,40,80,315,Miami,18,93,1,9,1986,82,Power Rusher - DT,Launch Ratings,1,,,,,,,,73,73,83,20,89,12,16,46,41,60,10,73,83,91,95,15,82,30,30,10,19,20,45,45,45,6,84,81,35,81,12,2,3,10,45,45,45,Default Stride Awkward,15,73,15,79,45,89,83,6,6,6,6,35,14,89,41,27
m27-1,16198,Caleb,Downs,Caleb Downs,SS,Dallas Cowboys,Cowboys,21,72,206,Ohio State,0,13,10,12,2004,82,Run Support - S,Launch Ratings,1,,,,,,,,93,90,83,67,62,14,65,67,73,89,61,46,87,60,92,70,91,22,22,87,25,76,35,35,35,6,80,35,71,83,40,37,44,47,35,35,35,Default Stride Loose,65,89,64,91,55,73,75,6,6,6,6,24,12,93,56,73
m27-1,22392,Cameron,Dicker,Cameron Dicker,K,Los Angeles Chargers,Chargers,26,73,216,Texas,4,11,6,5,2000,82,Accurate - KP,Launch Ratings,1,,,,,,,,82,63,66,20,10,15,10,29,28,57,13,10,18,15,92,10,62,93,95,10,10,10,14,12,20,15,14,10,10,33,10,10,10,10,12,15,20,Default Stride Awkward,14,75,10,85,10,51,34,19,23,28,18,41,12,70,15,10
m27-1,22740,Chase,Brown,Chase Brown,HB,Cincinnati Bengals,Bengals,26,70,210,Illinois,3,30,21,3,2000,82,Elusive Back - HB,Launch Ratings,1,,,,,,,,95,86,83,83,29,27,81,88,69,88,48,10,28,40,89,86,91,13,15,70,40,10,35,42,53,25,14,10,17,36,44,50,57,64,32,37,49,Short Stride Loose,51,93,79,87,65,69,27,28,35,40,39,45,35,83,76,17
m27-1,12614,Chris,Godwin Jr,Chris Godwin Jr,WR,Tampa Bay Buccaneers,Buccaneers,30,73,209,Penn State,9,14,27,2,1996,82,Slot - WR,Launch Ratings,1,,,,,,,,89,84,83,87,28,22,79,70,93,83,88,10,33,43,83,82,88,21,25,48,23,15,20,20,57,6,20,10,18,32,83,81,84,85,13,20,52,Default Stride High and Tight,88,88,74,88,76,72,27,10,15,20,15,33,24,93,74,25
m27-1,23000,Daiyan,Henley,Daiyan Henley,WILL,Los Angeles Chargers,Chargers,26,72,225,Wash. St.,3,0,18,11,1999,82,Pass Coverage - OLB,Launch Ratings,1,,,,,,,,91,82,85,75,71,12,62,64,72,78,68,59,79,68,90,71,89,44,51,60,26,68,40,40,40,6,86,49,72,89,62,45,51,53,45,45,45,Default Stride Loose,71,88,64,91,61,65,91,6,6,6,6,24,10,85,60,71
m27-1,14713,Dominick,Puni,Dominick Puni,RG,San Francisco 49ers,49ers,26,77,313,Kansas,2,77,24,2,2000,82,Power - G,Launch Ratings,1,,,,,,,,64,68,80,32,42,19,31,43,44,63,22,31,53,84,91,24,74,21,19,5,91,9,74,81,77,13,38,33,7,39,19,15,21,22,86,87,86,Default Stride Awkward,21,61,23,89,34,91,46,13,21,22,12,24,11,88,33,9
m27-1,13169,Donte,Jackson,Donte Jackson,CB,Los Angeles Chargers,Chargers,30,70,180,LSU,8,26,8,11,1995,82,Manto Man - CB,Launch Ratings,1,,,,,,,,93,91,85,69,44,17,45,63,79,90,60,34,59,42,86,79,97,13,17,77,13,82,35,35,35,6,83,23,66,67,12,10,12,15,35,35,35,Short Stride Bread Loaf,73,93,75,91,27,49,51,6,6,6,6,20,18,67,17,79
m27-1,20548,Ed,Oliver,Ed Oliver,DT,Buffalo Bills,Bills,28,73,287,Houston,7,91,12,12,1997,82,Power Rusher - DT,Launch Ratings,1,,,,,,,,84,83,85,31,80,12,20,32,31,69,24,75,81,90,90,39,86,12,15,10,30,19,45,45,45,6,84,82,16,81,20,4,8,15,45,45,45,Long Stride Default,20,82,29,85,30,89,85,6,6,6,6,25,14,89,31,32
m27-1,21019,Grant,Delpit,Grant Delpit,SS,Cleveland Browns,Browns,27,75,208,LSU,6,9,20,9,1998,82,Zone - S,Launch Ratings,1,,,,,,,,90,86,85,60,53,15,37,69,75,82,60,51,85,53,88,65,89,11,14,55,20,73,35,35,35,6,86,42,73,77,20,10,15,20,35,35,35,Long Stride Loose,70,90,56,94,43,60,73,6,6,6,6,23,18,93,38,81
m27-1,13172,Harold,Landry III,Harold Landry III,REDG,New England Patriots,Patriots,30,74,252,Boston College,8,2,5,6,1996,82,Smaller Speed Rusher - DE,Launch Ratings,1,,,,,,,,87,83,87,50,81,12,36,47,56,71,44,79,82,81,90,52,86,14,18,15,22,48,45,45,45,6,83,68,39,86,12,10,15,20,45,45,45,Long Stride Loose,52,84,44,89,36,78,87,6,6,6,6,23,15,88,36,58
m27-1,20926,J.K.,Dobbins,J.K. Dobbins,HB,Denver Broncos,Broncos,27,70,212,Ohio State,6,27,17,12,1998,82,Elusive Back - HB,Launch Ratings,1,,,,,,,,91,86,81,86,29,27,84,92,66,86,56,12,31,42,78,89,90,16,19,60,39,13,34,31,58,15,14,11,17,35,54,43,56,63,26,33,41,Default,52,90,83,87,84,74,30,15,25,30,19,32,16,84,79,17
m27-1,22094,Jake,Ferguson,Jake Ferguson,TE,Dallas Cowboys,Cowboys,27,77,244,Wisconsin,4,87,18,1,1999,82,Vertical Threat - TE,Launch Ratings,1,,Mid In Elite,Short Out Elite,,,,,85,81,81,82,36,21,73,69,89,73,80,24,35,65,92,75,93,19,21,10,61,14,63,57,63,20,36,31,12,40,72,65,75,78,65,60,66,Default,83,81,62,89,72,69,37,14,20,25,14,30,10,84,74,21
m27-1,20433,Jakobi,Meyers,Jakobi Meyers,WR,Jacksonville Jaguars,Jaguars,29,74,200,N.C. State,7,3,8,11,1996,82,Slot - WR,Launch Ratings,1,,,,,,,,91,86,83,81,35,38,73,73,94,83,88,10,28,47,91,82,87,31,45,65,30,24,29,30,37,43,32,10,23,43,72,78,82,83,27,32,48,Default Stride Loose,87,88,71,91,47,62,39,48,52,57,58,75,50,84,50,32
m27-1,21033,Jalen,Hurts,Jalen Hurts,QB,Philadelphia Eagles,Eagles,28,73,223,Oklahoma,6,1,7,8,1998,82,Improviser - QB,Launch Ratings,1,Run & Gun,Fastbreak,Extender,Dashing Deadeye,,,,90,90,81,95,28,93,81,63,66,89,50,10,30,36,92,83,86,23,23,22,27,16,20,18,22,93,20,10,14,36,27,17,31,40,15,19,33,Short Stride Default,54,88,79,96,74,76,37,84,87,91,88,86,85,93,73,22
m27-1,16370,Jeremiyah,Love,Jeremiyah Love,HB,Arizona Cardinals,Cardinals,21,72,212,Notre Dame,0,4,31,5,2005,82,Elusive Back - HB,Launch Ratings,1,,,,,,,,94,92,71,83,35,30,81,94,68,94,52,25,38,38,92,84,94,22,23,68,31,33,22,27,49,23,38,28,38,42,58,53,60,65,24,28,38,Default,53,94,78,89,75,76,38,15,17,21,28,31,26,90,81,41
m27-1,21151,Jeremy,Chinn,Jeremy Chinn,SS,Las Vegas Raiders,Raiders,28,75,220,S. Illinois,6,11,26,2,1998,82,Run Support - S,Launch Ratings,1,,,,,,,,91,86,83,62,61,15,43,68,70,84,58,56,86,57,89,70,92,11,14,48,20,67,35,35,35,6,79,46,75,85,20,10,22,30,35,35,35,Long Stride Default,67,91,56,90,43,70,78,6,6,6,6,23,18,93,48,78
m27-1,22164,Jordan,Davis,Jordan Davis,DT,Philadelphia Eagles,Eagles,26,78,336,Georgia,4,90,12,1,2000,82,Power Rusher - DT,Launch Ratings,1,,,,,,,,86,58,79,42,80,12,29,53,34,51,21,65,82,92,91,22,78,11,15,10,40,11,45,45,45,6,82,77,14,78,14,3,5,13,45,45,45,Long Stride Default,28,81,17,76,24,96,84,6,6,6,6,14,11,87,48,19
m27-1,21316,Jordyn,Brooks,Jordyn Brooks,MIKE,Miami Dolphins,Dolphins,28,72,240,Texas Tech,6,20,21,10,1997,82,Field General - MLB,Launch Ratings,1,,,,,,,,85,85,82,35,78,12,10,56,56,75,38,62,88,83,90,30,82,20,20,10,17,55,45,45,45,6,80,55,46,93,12,5,5,15,45,45,45,Default Stride Loose,45,87,25,92,52,74,92,6,6,6,6,25,10,89,30,64
m27-1,21155,Josh,Metellus,Josh Metellus,SS,Minnesota Vikings,Vikings,28,71,207,Michigan,6,44,21,1,1998,82,Run Support - S,Launch Ratings,1,,,,,,,,87,82,83,53,64,10,44,62,68,79,52,47,85,62,91,72,87,15,25,50,15,70,35,35,35,15,82,40,64,87,12,10,13,15,35,35,35,Default,58,88,59,91,40,66,83,10,10,15,15,20,17,87,25,74
m27-1,14750,Laiatu,Latu,Laiatu Latu,LEDG,Indianapolis Colts,Colts,25,77,265,UCLA,2,97,31,12,2000,82,Smaller Speed Rusher - DE,Launch Ratings,1,,,,,,,,88,81,86,36,79,13,39,51,64,72,41,85,76,80,85,39,78,10,15,10,25,48,45,45,45,5,81,81,30,84,15,15,15,15,45,45,45,Default Stride Loose,45,84,35,83,10,77,81,5,5,5,5,19,16,84,25,52
m27-1,22224,Marcus,Jones,Marcus Jones,CB,New England Patriots,Patriots,27,68,188,Houston,4,25,22,10,1998,82,Manto Man - CB,Launch Ratings,1,,,,,,,,95,92,80,88,46,24,75,65,77,93,48,36,60,41,87,87,87,13,14,94,15,82,27,29,30,6,81,25,70,74,29,42,45,54,30,31,31,Short Stride Default,66,92,83,93,31,48,66,8,12,16,21,24,10,84,26,80
m27-1,13116,Mike,McGlinchey,Mike McGlinchey,RT,Denver Broncos,Broncos,31,80,315,Notre Dame,8,69,12,1,1995,82,Power - OT,Launch Ratings,1,,,,,,,,66,66,93,10,32,12,11,33,28,48,17,10,38,84,88,10,71,12,15,10,85,11,75,82,78,6,20,10,10,27,14,8,10,15,87,85,86,Long Stride Awkward,15,70,10,93,10,88,32,6,6,6,6,11,15,95,22,13
m27-1,20411,Montez,Sweat,Montez Sweat,LEDG,Chicago Bears,Bears,29,78,270,Mississippi St.,7,98,4,9,1996,82,Smaller Speed Rusher - DE,Launch Ratings,1,,,,,,,,90,81,75,48,84,12,31,56,57,70,45,83,81,84,87,50,86,16,14,10,16,33,45,45,45,6,77,77,19,85,39,33,36,40,45,45,45,Long Stride Loose,43,87,41,84,39,80,88,6,6,6,6,22,10,88,51,44
m27-1,12361,Morgan,Moses,Morgan Moses,RT,New England Patriots,Patriots,35,78,320,Virginia,12,76,3,3,1991,82,Power - OT,Launch Ratings,0,,,,,,,,48,54,95,10,20,12,6,45,35,44,15,10,20,87,93,10,66,25,25,10,77,12,79,84,82,6,15,10,10,28,15,5,5,15,81,85,83,Default Stride Awkward,15,65,10,93,30,90,30,6,6,6,6,30,15,93,20,15
m27-1,12959,Patrick,Ricard,Patrick Ricard,FB,NY Giants,Giants,32,75,305,Maine,9,45,27,5,1994,82,Blocking - FB,Launch Ratings,1,,,,,,,,75,71,81,64,72,12,56,68,70,60,45,66,79,79,84,62,81,17,17,9,99,53,49,54,70,6,74,74,36,72,42,35,43,54,58,62,72,Default Stride Loose,40,72,58,86,69,88,79,6,6,6,6,23,17,90,68,58
m27-1,22243,Quentin,Lake,Quentin Lake,SS,Los Angeles Rams,Rams,27,73,201,UCLA,4,37,29,1,1999,82,Zone - S,Launch Ratings,1,,,,,,,,91,80,87,60,55,20,50,60,70,79,57,35,65,51,86,64,85,18,21,45,18,74,35,35,35,8,87,30,67,78,22,12,16,21,35,35,35,Default Stride Loose,67,89,57,90,39,57,75,13,17,21,16,30,11,75,41,82
m27-1,14811,Quinshon,Judkins,Quinshon Judkins,HB,Cleveland Browns,Browns,22,72,221,Ohio State,1,10,29,10,2003,82,Elusive Back - HB,Launch Ratings,1,,,,,,,,91,85,83,86,36,20,85,96,71,85,50,28,36,43,91,87,91,22,22,45,37,25,38,40,52,19,35,27,25,40,52,47,49,57,29,31,39,Default,47,90,76,91,81,77,39,14,27,27,7,29,24,92,84,35
m27-1,22247,Riq,Woolen,Riq Woolen,CB,Philadelphia Eagles,Eagles,27,76,210,UTSA,4,2,2,5,1999,82,Zone - CB,Launch Ratings,1,,,,,,,,96,87,84,62,50,16,53,62,82,84,62,34,61,53,89,71,94,18,24,45,15,72,35,35,35,6,83,29,85,71,44,40,42,44,35,35,35,Long Stride Loose,71,96,63,92,33,60,56,6,10,15,17,27,9,75,39,78
m27-1,14645,Rome,Odunze,Rome Odunze,WR,Chicago Bears,Bears,24,75,214,Washington,2,15,3,6,2002,82,Slot - WR,Launch Ratings,1,,,,,,,,94,87,86,84,27,24,77,72,84,89,86,10,24,45,87,83,93,17,18,79,23,11,20,22,28,6,14,10,21,33,78,83,83,85,32,27,47,Long Stride Default,86,91,73,89,61,65,30,10,14,17,10,24,15,86,47,17
m27-1,21846,Ryan,Neuzil,Ryan Neuzil,C,Atlanta Falcons,Falcons,29,75,301,Appalach. St.,5,64,31,7,1997,82,Agile - C,Launch Ratings,0,,,,,,,,71,69,91,51,22,12,45,57,50,59,50,10,35,76,95,41,72,52,57,10,78,6,82,78,81,6,25,10,10,29,51,39,44,46,91,87,89,Default Stride Awkward,48,69,36,92,47,85,22,5,6,7,7,21,10,84,47,10
m27-1,14810,TreVeyon,Henderson,TreVeyon Henderson,HB,New England Patriots,Patriots,23,70,202,Ohio State,1,32,22,10,2002,82,Elusive Back - HB,Launch Ratings,1,,,,,,,,92,86,75,86,32,31,81,95,67,83,50,28,31,46,82,85,89,18,27,71,40,28,42,38,51,25,46,25,29,39,51,56,61,66,28,31,42,Default,47,95,87,86,75,71,33,10,15,24,20,18,32,83,80,24
m27-1,15162,Tyler,Booker,Tyler Booker,RG,Dallas Cowboys,Cowboys,22,77,321,Alabama,1,52,12,4,2004,82,Power - G,Launch Ratings,1,,,,,,,,59,53,84,12,43,12,5,20,23,53,21,46,52,94,89,10,68,13,14,10,86,11,74,78,76,6,21,48,10,41,15,5,5,10,84,86,85,Long Stride Awkward,21,60,10,88,16,94,54,6,6,6,6,21,13,91,29,13
m27-1,15004,Will,Reichard,Will Reichard,K,Minnesota Vikings,Vikings,25,73,194,Alabama,2,16,19,1,2001,82,Accurate - KP,Launch Ratings,1,,,,,,,,79,64,68,25,13,13,15,30,22,54,10,10,12,12,91,28,66,92,96,10,8,10,7,8,12,16,15,10,10,25,9,7,8,10,10,10,15,Default Stride Awkward,14,78,26,84,10,42,29,20,29,31,20,32,12,75,20,10
m27-1,15198,Abdul,Carter,Abdul Carter,REDG,NY Giants,Giants,22,76,250,Penn State,1,3,3,10,2003,81,Smaller Speed Rusher - DE,Launch Ratings,1,,Quick Jump,,,,,,91,86,82,52,79,25,39,46,43,77,33,83,77,84,87,53,86,20,23,25,20,50,45,45,45,25,80,79,44,83,23,10,15,20,40,40,40,Long Stride Default,33,88,45,85,45,80,76,18,18,18,16,22,27,93,44,55
m27-1,12613,Alex,Anzalone,Alex Anzalone,WILL,Tampa Bay Buccaneers,Buccaneers,31,75,240,Florida,9,34,22,9,1994,81,Pass Coverage - OLB,Launch Ratings,1,,,,,,,,86,81,83,35,72,12,12,47,61,72,33,57,84,87,84,31,75,18,28,14,24,68,45,45,45,6,82,65,43,88,19,7,12,22,45,45,45,Long Stride Loose,35,88,22,90,41,74,88,6,6,6,6,25,16,77,34,76
m27-1,2279,Andrew,DePaola,Andrew DePaola,LS,Minnesota Vikings,Vikings,39,73,229,Rutgers,14,42,28,7,1987,81,Power - LS,Launch Ratings,1,,,,,,,,71,79,70,25,55,10,19,63,66,71,66,40,59,67,90,40,80,11,11,10,55,15,44,51,58,9,39,44,15,62,48,40,45,49,55,61,69,Default,61,74,35,68,39,75,62,9,9,9,9,38,10,72,31,20
m27-1,22709,Antonio,Johnson,Antonio Johnson,SS,Jacksonville Jaguars,Jaguars,24,75,195,Texas AM,3,6,29,10,2001,81,Zone - S,Launch Ratings,1,,,,,,,,92,80,79,66,54,10,71,54,64,80,53,49,85,51,89,71,76,16,19,60,24,79,35,35,35,15,78,35,76,84,49,33,40,45,35,35,35,Long Stride Default,63,88,64,87,51,55,77,10,10,15,15,23,11,85,52,85
m27-1,20693,Blake,Cashman,Blake Cashman,MIKE,Minnesota Vikings,Vikings,30,73,237,Minnesota,7,51,10,5,1996,81,Field General - MLB,Launch Ratings,1,,,,,,,,89,83,80,20,75,12,12,52,50,76,30,63,83,82,74,29,89,14,19,10,20,67,45,45,45,6,79,58,48,89,18,5,5,15,45,45,45,Default,27,87,27,85,24,70,89,6,6,6,6,25,10,84,25,72
m27-1,14609,Bo,Nix,Bo Nix,QB,Denver Broncos,Broncos,26,74,217,Oregon,2,10,25,2,2000,81,Field General - QB,Launch Ratings,1,,,,,,,,90,76,84,77,12,74,55,67,67,73,59,10,12,14,95,64,74,42,50,10,10,12,13,13,13,79,10,10,10,27,21,10,19,41,14,14,16,Long Stride Default,62,88,42,93,37,60,21,85,84,88,84,93,85,96,32,13
m27-1,14648,Brian,Thomas Jr,Brian Thomas Jr,WR,Jacksonville Jaguars,Jaguars,23,75,209,LSU,2,7,8,10,2002,81,Deep Threat - WR,Launch Ratings,1,,,,,,,,95,88,73,88,26,22,76,76,81,91,82,10,15,43,93,87,92,13,18,50,22,15,10,10,26,6,18,10,15,30,77,83,83,81,24,19,44,Long Stride Default,84,97,80,90,54,59,28,6,10,15,10,24,19,87,43,19
m27-1,22220,Cam,Taylor-Britt,Cam Taylor-Britt,CB,Indianapolis Colts,Colts,26,71,200,Nebraska,4,26,15,10,1999,81,Zone - CB,Launch Ratings,1,,,,,,,,92,85,83,60,56,48,52,64,78,84,50,46,72,55,89,73,81,15,18,55,18,75,34,33,33,35,83,39,73,73,29,24,27,32,34,33,34,Default,77,92,65,91,28,64,67,41,44,46,42,48,32,83,33,83
m27-1,14807,Cam,Skattebo,Cam Skattebo,HB,NY Giants,Giants,24,70,216,Arizona St.,1,44,5,2,2002,81,Power Back - HB,Launch Ratings,1,,,,,,,,90,87,77,84,40,57,89,90,72,85,56,35,43,51,92,82,92,58,66,83,47,19,42,46,57,51,18,32,17,47,61,52,55,63,34,33,50,Default,57,85,73,94,82,83,45,52,55,58,59,63,50,95,95,22
m27-1,20985,Chase,Young,Chase Young,LEDG,New Orleans Saints,Saints,27,77,264,Ohio State,6,99,1,1,1999,81,Smaller Speed Rusher - DE,Launch Ratings,1,,,,,,,,88,84,78,36,79,27,23,43,33,72,25,83,82,88,83,38,84,22,14,10,17,34,45,45,45,15,76,74,27,83,17,5,10,14,45,45,45,Long Stride Bread Loaf,24,85,36,79,39,86,83,20,25,28,33,32,23,89,34,47
m27-1,21574,Chuba,Hubbard,Chuba Hubbard,HB,Carolina Panthers,Panthers,27,73,210,Oklahoma St.,5,30,11,6,1999,81,Elusive Back - HB,Launch Ratings,1,,,,,,,,92,87,80,87,27,40,84,90,73,85,57,11,23,41,90,85,86,17,22,76,39,11,32,37,54,18,19,11,16,36,47,48,58,64,33,29,42,Default,55,91,79,88,78,73,32,15,20,25,16,31,14,83,76,18
m27-1,22278,Cobie,Durant,Cobie Durant,CB,Dallas Cowboys,Cowboys,28,71,180,S.C. State,4,2,9,2,1998,81,Zone - CB,Launch Ratings,1,,,,,,,,93,86,83,63,44,44,53,63,78,84,64,33,56,42,90,72,85,22,20,55,12,78,25,25,25,35,82,29,64,73,25,22,25,30,30,30,30,Short Stride Default,69,92,64,88,34,50,57,34,39,43,45,42,30,74,30,85
m27-1,21115,Colton,McKivitz,Colton McKivitz,RT,San Francisco 49ers,49ers,30,78,301,West Virginia,6,68,9,8,1996,81,Power - OT,Launch Ratings,1,,,,,,,,67,54,85,10,33,12,6,32,35,47,15,18,30,82,91,10,66,25,25,10,84,12,83,79,81,6,31,26,10,31,15,5,5,15,91,86,89,Long Stride Awkward,15,71,10,88,35,84,34,6,6,6,6,30,10,88,25,15
m27-1,20665,Connor,McGovern,Connor McGovern,C,Buffalo Bills,Bills,28,77,318,Penn State,7,66,3,11,1997,81,Power - C,Launch Ratings,1,,,,,,,,61,61,92,10,20,12,5,40,35,54,15,10,20,84,87,10,67,25,25,10,76,12,84,81,83,10,15,10,10,15,12,5,5,15,83,81,82,Default Stride Awkward,15,68,10,96,10,87,40,10,10,10,10,30,13,84,20,15
m27-1,22259,Cor'Dale,Flott,Cor'Dale Flott,CB,Tennessee Titans,Titans,25,73,175,LSU,4,18,24,8,2001,81,Zone - CB,Launch Ratings,1,,,,,,,,93,86,83,60,42,12,48,48,61,92,49,29,45,47,88,73,82,14,18,40,11,76,22,22,22,6,86,21,68,69,21,30,33,36,27,27,27,Long Stride Loose,62,91,65,87,23,50,65,6,10,15,10,25,10,78,21,83
m27-1,22823,Dalton,Kincaid,Dalton Kincaid,TE,Buffalo Bills,Bills,26,76,246,Utah,3,86,18,10,1999,81,Vertical Threat - TE,Launch Ratings,1,,,,,,,,90,67,84,75,35,17,67,76,92,79,82,10,41,62,87,73,90,19,21,39,56,16,58,54,58,6,17,10,23,33,74,72,70,76,60,57,60,Long Stride High and Tight,84,86,61,84,63,71,37,6,10,15,10,25,10,83,67,20
m27-1,1887,David,Bailey,David Bailey,REDG,NY Jets,Jets,23,76,251,Texas Tech,0,31,28,8,2003,81,Smaller Speed Rusher - DE,Launch Ratings,1,,Quick Jump,,,,,,91,86,77,35,80,14,30,46,37,76,21,82,84,83,88,36,84,20,26,10,26,48,45,45,45,6,77,77,28,86,16,10,15,17,45,45,45,Long Stride Loose,28,89,35,78,36,80,80,6,6,6,6,18,10,89,29,54
m27-1,21454,Deommodore,Lenoir,Deommodore Lenoir,CB,San Francisco 49ers,49ers,26,70,200,Oregon,5,2,6,10,1999,81,Zone - CB,Launch Ratings,1,,,,,,,,93,83,85,69,44,10,49,59,73,80,53,38,77,53,91,74,83,17,22,64,28,76,37,37,37,6,84,34,78,76,41,30,32,35,35,35,35,Short Stride Loose,56,90,67,93,41,59,67,6,6,6,6,25,10,87,42,82
m27-1,21667,Divine,Deablo,Divine Deablo,MIKE,Atlanta Falcons,Falcons,28,75,226,Virginia Tech,5,0,17,8,1998,81,Pass Coverage - MLB,Launch Ratings,1,,,,,,,,86,83,83,66,67,21,56,62,73,74,65,48,89,68,86,70,82,11,14,54,36,72,35,35,35,6,81,45,72,87,56,45,48,52,35,35,35,Long Stride Default,69,88,63,85,53,69,87,6,6,6,6,23,18,91,48,78
m27-1,15054,Emeka,Egbuka,Emeka Egbuka,WR,Tampa Bay Buccaneers,Buccaneers,23,73,205,Ohio State,1,2,14,10,2002,81,Deep Threat - WR,Launch Ratings,1,,,,,,,,95,86,82,81,39,26,75,76,85,89,82,34,40,37,88,80,91,21,27,75,23,20,13,19,22,27,33,29,24,38,81,84,87,86,23,25,42,Default,86,90,74,92,53,60,30,18,22,26,22,71,24,88,43,23
m27-1,21925,Evan,McPherson,Evan McPherson,K,Cincinnati Bengals,Bengals,27,71,185,Florida,5,2,21,7,1999,81,Accurate - KP,Launch Ratings,1,,,,,,,,80,62,65,14,11,12,5,21,32,55,15,10,13,11,93,12,63,91,97,10,10,11,12,12,13,15,17,10,10,25,14,12,14,22,16,16,17,Short Stride Awkward,15,74,11,84,10,37,16,15,20,31,15,27,13,54,10,15
m27-1,22140,George,Karlaftis,George Karlaftis,LEDG,Kansas City Chiefs,Chiefs,25,76,263,Purdue,4,56,3,4,2001,81,Power Rusher - DE,Launch Ratings,1,,,,,,,,85,80,84,35,79,12,22,42,47,67,28,71,83,86,93,33,86,14,18,10,16,17,45,45,45,6,86,81,17,87,14,3,5,13,45,45,45,Long Stride Default,34,81,29,84,40,85,86,6,6,6,6,20,10,91,38,23
m27-1,2549,Grady,Jarrett,Grady Jarrett,DT,Chicago Bears,Bears,33,72,294,Clemson,11,50,28,4,1993,81,Speed Rusher - DT,Launch Ratings,1,,,,,,,,75,67,85,15,82,12,10,40,30,59,15,67,86,90,82,10,76,25,25,10,37,25,45,45,45,6,83,76,15,83,15,3,7,15,45,45,45,Default Stride Awkward,15,71,10,82,35,89,86,6,6,6,6,26,18,82,20,29
m27-1,12863,Harrison,Butker,Harrison Butker,K,Kansas City Chiefs,Chiefs,31,76,205,Georgia Tech,9,7,14,7,1995,81,Power - KP,Launch Ratings,1,,,,,,,,75,54,70,28,12,14,14,26,30,45,10,10,12,15,86,28,65,87,96,10,15,15,15,16,19,20,17,10,10,12,12,10,10,10,20,15,18,Default Stride Awkward,12,74,15,82,16,44,15,25,25,33,20,27,24,63,17,15
m27-1,17776,Isaac,Seumalo,Isaac Seumalo,LG,Arizona Cardinals,Cardinals,32,76,303,Oregon State,10,73,29,10,1993,81,Power - G,Launch Ratings,1,,,,,,,,71,66,87,10,35,12,8,29,20,53,10,30,48,87,84,10,66,21,22,10,83,15,78,86,83,6,30,40,10,31,12,5,5,10,79,83,81,Default Stride Awkward,12,68,10,87,10,84,33,6,6,6,6,24,10,81,20,20
m27-1,24432,Isaiah,Rodgers Sr,Isaiah Rodgers Sr,CB,Minnesota Vikings,Vikings,28,70,180,Massachusetts,6,2,7,1,1998,81,Zone - CB,Launch Ratings,1,,,,,,,,94,88,80,75,55,10,49,56,70,88,54,42,54,48,87,82,92,34,44,87,17,74,35,35,25,15,79,36,71,76,22,27,33,38,35,35,25,Short Stride Loose,68,96,73,89,42,50,64,10,10,15,15,26,15,80,34,80
m27-1,21512,Jaelan,Phillips,Jaelan Phillips,REDG,Carolina Panthers,Panthers,27,77,263,Miami,5,5,28,5,1999,81,Smaller Speed Rusher - DE,Launch Ratings,1,,,,,,,,89,85,78,32,77,11,16,39,39,76,21,83,78,83,83,35,87,14,19,10,13,41,45,45,45,6,78,79,27,84,23,12,16,22,45,45,45,Long Stride Loose,21,87,31,85,32,83,82,6,6,6,6,18,15,76,30,49
m27-1,22228,Jaquan,Brisker,Jaquan Brisker,SS,Pittsburgh Steelers,Steelers,27,73,204,Penn State,4,3,20,4,1999,81,Run Support - S,Launch Ratings,1,,,,,,,,91,86,78,69,67,19,58,60,71,83,53,45,88,67,87,74,91,17,19,68,23,72,35,35,35,6,77,40,65,87,31,26,29,34,35,35,35,Long Stride Default,68,89,65,92,47,68,78,6,6,6,6,29,11,89,44,75
m27-1,21073,Jauan,Jennings,Jauan Jennings,WR,Minnesota Vikings,Vikings,29,75,212,Tennessee,6,14,10,7,1997,81,Slot - WR,Launch Ratings,1,,,,,,,,86,78,91,86,30,51,84,72,87,76,88,10,31,59,88,78,95,17,18,33,45,11,20,25,34,42,14,10,21,33,81,75,79,82,40,40,67,Long Stride Default,88,88,69,87,77,78,30,45,51,56,51,68,48,78,66,17
m27-1,20940,Jerry,Jeudy,Jerry Jeudy,WR,Cleveland Browns,Browns,27,73,193,Alabama,6,3,24,4,1999,81,Deep Threat - WR,Launch Ratings,1,,,,,,,,92,92,76,87,28,25,77,75,81,91,81,10,26,43,88,91,85,17,19,69,28,23,13,18,35,10,24,10,26,38,79,82,82,82,19,24,42,Short Stride Loose,84,91,81,91,75,64,33,10,15,20,23,27,21,88,56,31
m27-1,22332,Jordan,Mason,Jordan Mason,HB,Minnesota Vikings,Vikings,27,71,230,Georgia Tech,4,27,24,5,1999,81,Power Back - HB,Launch Ratings,1,,,,,,,,92,77,83,90,37,35,86,91,60,75,54,20,48,43,89,84,80,11,12,65,40,30,37,35,47,13,24,17,33,45,56,35,42,50,39,35,48,Default Stride High and Tight,55,89,73,77,85,78,42,14,21,28,24,36,11,88,87,35
m27-1,11807,Josh,Harris,Josh Harris,LS,Los Angeles Chargers,Chargers,37,73,224,Auburn,14,47,27,4,1989,81,Accurate - LS,Launch Ratings,1,,,,,,,,74,73,71,55,42,15,25,71,55,69,62,10,55,71,95,40,76,13,23,10,55,22,40,51,56,10,40,10,15,38,23,38,43,48,50,55,56,Default,56,76,45,75,55,68,56,10,10,10,10,25,10,85,53,21
m27-1,15124,Josh,Simmons,Josh Simmons,LT,Kansas City Chiefs,Chiefs,23,77,310,Ohio State,1,71,26,12,2002,81,Pass Protector - OT,Launch Ratings,1,,,,,,,,76,69,83,17,36,14,5,30,18,58,14,32,38,84,84,10,71,15,12,10,84,12,84,86,84,6,15,36,10,26,12,5,5,15,76,79,76,Long Stride Awkward,18,78,10,88,19,88,34,6,6,6,6,16,13,86,29,16
m27-1,17759,Ka'imi,Fairbairn,Ka'imi Fairbairn,K,Houston Texans,Texans,32,72,183,UCLA,10,15,29,1,1994,81,Power - KP,Launch Ratings,1,,,,,,,,82,64,69,15,13,15,15,45,37,53,20,10,17,17,82,10,69,89,96,10,17,14,15,15,15,20,21,10,10,22,15,15,15,15,17,17,20,Default Stride Awkward,25,79,10,89,10,39,35,25,30,35,20,39,15,65,10,20
m27-1,14935,Kamren,Kinchens,Kamren Kinchens,FS,Los Angeles Rams,Rams,23,71,202,Miami,2,5,29,9,2002,81,Run Support - S,Launch Ratings,1,,,,,,,,88,84,84,55,59,25,45,63,80,80,68,43,88,56,90,66,84,15,20,10,42,74,34,35,40,10,85,38,72,78,22,11,15,24,39,40,45,Default Stride Loose,67,86,64,80,43,59,75,14,17,21,23,31,11,83,49,83
m27-1,21565,Kyle,Pitts Sr,Kyle Pitts Sr,TE,Atlanta Falcons,Falcons,25,78,246,Florida,5,8,6,10,2000,81,Vertical Threat - TE,Launch Ratings,1,,,,,,,,92,80,81,81,39,31,63,80,85,78,81,32,36,63,90,73,92,14,18,37,51,16,59,56,60,23,21,18,17,39,76,66,71,75,56,53,56,Default Stride Loose,87,90,68,88,75,71,41,23,32,29,29,48,21,90,70,23
m27-1,22810,Michael,Wilson,Michael Wilson,WR,Arizona Cardinals,Cardinals,26,74,213,Stanford,3,14,23,2,2000,81,Slot - WR,Launch Ratings,1,,,,,,,,90,89,83,79,33,24,77,72,90,85,90,10,37,52,86,76,93,24,25,60,34,10,23,25,32,10,15,10,17,39,80,76,80,80,31,36,53,Long Stride Default,89,89,73,86,74,72,42,15,20,25,15,33,20,80,64,15
m27-1,14924,Nate,Wiggins,Nate Wiggins,CB,Baltimore Ravens,Ravens,23,74,182,Clemson,2,2,28,8,2003,81,Manto Man - CB,Launch Ratings,1,,,,,,,,95,92,75,79,43,32,71,58,73,90,61,29,54,32,87,77,86,16,15,72,20,82,13,11,21,18,74,25,68,72,37,42,45,47,21,21,28,Default Stride Loose,70,96,76,90,30,49,67,21,23,27,29,33,16,78,21,75
m27-1,22398,Nick,Cross,Nick Cross,SS,Washington Commanders,Commanders,24,72,212,Maryland,4,25,10,9,2001,81,Zone - S,Launch Ratings,1,,,,,,,,96,87,79,65,54,17,52,54,73,82,59,38,85,50,91,67,88,23,25,40,22,72,35,35,35,8,77,32,71,80,25,16,18,20,35,35,35,Default Stride Loose,67,92,59,95,45,67,81,12,14,22,15,26,9,83,48,77
m27-1,21474,Nick,Bolton,Nick Bolton,MIKE,Kansas City Chiefs,Chiefs,26,71,237,Missouri,5,32,10,3,2000,81,Field General - MLB,Launch Ratings,1,,,,,,,,83,74,86,32,76,17,21,54,64,72,34,51,87,81,94,42,78,11,20,10,17,66,45,45,45,6,87,63,48,93,15,6,10,20,45,45,45,Default Stride Awkward,37,87,38,95,31,74,86,6,6,6,6,13,16,89,29,69
m27-1,15045,Omarion,Hampton,Omarion Hampton,HB,Los Angeles Chargers,Chargers,23,72,220,North Carolina,1,8,16,3,2003,81,Power Back - HB,Launch Ratings,1,,,,,,,,93,82,75,85,38,19,91,93,73,77,61,31,37,47,90,82,90,18,31,76,45,28,42,39,52,23,44,30,30,44,54,51,54,61,28,29,43,Default Stride High and Tight,58,90,77,89,82,78,43,12,24,15,24,25,21,94,91,36
m27-1,22766,Parker,Washington,Parker Washington,WR,Jacksonville Jaguars,Jaguars,24,70,204,Penn State,3,11,21,3,2002,81,Slot - WR,Launch Ratings,1,,,,,,,,91,87,84,87,20,20,78,75,85,87,88,10,31,48,89,83,89,18,20,87,29,10,12,15,24,6,16,10,10,20,75,81,83,83,21,15,40,Short Stride Default,87,89,76,85,52,66,30,6,10,15,10,25,20,87,59,10
m27-1,21291,Robert,Hunt,Robert Hunt,RG,Carolina Panthers,Panthers,30,78,323,UL Lafayette,6,50,25,8,1996,81,Power - G,Launch Ratings,1,,,,,,,,57,60,90,28,30,12,27,38,41,50,19,10,39,87,89,30,68,20,20,10,88,12,75,80,78,6,26,29,10,25,12,5,5,12,86,82,84,Long Stride Default,26,65,10,92,15,89,39,6,6,6,6,25,14,87,36,15
m27-1,17550,Sheldon,Rankins,Sheldon Rankins,DT,Houston Texans,Texans,32,74,305,Louisville,10,98,2,4,1994,81,Speed Rusher - DT,Launch Ratings,1,,,,,,,,73,70,94,26,80,12,13,40,47,57,28,71,80,85,90,25,83,17,17,9,35,28,45,44,44,6,93,78,13,80,15,3,5,13,45,46,45,Long Stride High and Tight,26,75,17,79,25,87,84,6,6,6,6,23,13,91,33,39
m27-1,20591,T.J.,Edwards,T.J. Edwards,WILL,Chicago Bears,Bears,30,72,228,Wisconsin,7,53,12,8,1996,81,Run Stopper - OLB,Launch Ratings,1,,,,,,,,84,80,84,35,74,31,31,65,72,74,52,57,81,86,90,30,79,20,20,10,17,65,45,45,45,28,84,62,44,92,12,5,5,15,45,45,45,Default Stride Loose,48,85,30,92,50,72,89,32,36,39,41,42,33,85,47,71
m27-1,21490,Tre'von,Moehrig,Tre'von Moehrig,FS,Carolina Panthers,Panthers,27,74,202,TCU,5,7,16,6,1999,81,Run Support - S,Launch Ratings,1,,,,,,,,89,81,86,64,58,10,51,64,75,81,68,46,89,54,92,70,80,21,21,65,29,66,35,35,35,6,85,40,72,83,45,32,36,38,35,35,35,Long Stride Loose,69,89,63,92,55,64,76,6,6,6,6,22,20,85,42,75
m27-1,22315,Tyler,Allgeier,Tyler Allgeier,HB,Arizona Cardinals,Cardinals,26,71,220,BYU,4,22,15,4,2000,81,Power Back - HB,Launch Ratings,1,,,,,,,,88,82,82,84,34,25,90,99,67,78,45,17,43,45,91,80,80,13,18,68,44,17,30,35,65,16,26,21,19,44,42,38,47,54,34,27,41,Default,43,85,74,85,80,80,40,10,15,20,18,30,17,87,86,25
m27-1,15160,Will,Campbell,Will Campbell,LT,New England Patriots,Patriots,22,78,319,LSU,1,66,6,1,2004,81,Power - OT,Launch Ratings,1,,,,,,,,78,71,87,11,22,12,13,30,21,58,21,11,34,85,90,10,78,15,16,10,85,12,82,81,81,6,30,22,10,22,29,5,5,16,85,83,84,Long Stride Awkward,21,73,10,91,18,87,29,6,6,6,6,11,11,90,28,12
m27-1,22285,Zyon,McCollum,Zyon McCollum,CB,Tampa Bay Buccaneers,Buccaneers,27,74,199,Sam Houston,4,27,3,5,1999,81,Manto Man - CB,Launch Ratings,1,,,,,,,,95,96,79,62,53,22,48,63,72,93,54,40,64,45,93,71,93,20,20,45,15,79,29,29,29,15,78,30,68,73,25,19,24,28,33,33,33,Default,64,93,62,89,38,60,67,8,10,15,21,26,13,75,40,78
m27-1,12748,Aaron,Jones Sr,Aaron Jones Sr,HB,Minnesota Vikings,Vikings,31,69,208,UTEP,9,33,2,12,1994,80,Elusive Back - HB,Launch Ratings,1,,,,,,,,91,90,81,88,23,18,80,86,73,88,61,10,24,42,84,85,89,20,21,55,44,15,32,36,59,15,18,10,20,35,64,61,65,70,15,15,25,Default,63,88,78,88,83,71,27,20,30,35,15,30,12,91,83,20
m27-1,14855,Braden,Fiske,Braden Fiske,DT,Los Angeles Rams,Rams,26,77,297,Florida State,2,55,18,1,2000,80,Power Rusher - DT,Launch Ratings,1,,,,,,,,82,67,86,50,77,12,40,33,45,69,17,76,80,83,89,51,81,19,20,9,12,39,45,45,45,6,84,79,22,81,17,3,7,14,45,44,45,Long Stride Awkward,17,80,39,83,41,93,81,6,6,6,6,22,14,89,49,51
m27-1,22234,Bryan,Cook,Bryan Cook,FS,Cincinnati Bengals,Bengals,26,73,206,Cincinnati,4,6,7,9,1999,80,Run Support - S,Launch Ratings,1,,,,,,,,90,79,81,58,56,20,51,61,70,82,51,36,84,65,92,64,83,17,19,35,25,69,35,35,35,6,81,32,57,82,35,28,31,35,35,35,35,Default Stride Loose,59,89,55,87,44,67,79,6,6,6,6,24,10,89,45,77
m27-1,15006,Cam,Little,Cam Little,K,Jacksonville Jaguars,Jaguars,23,74,172,Arkansas,2,39,17,8,2003,80,Power - KP,Launch Ratings,1,,Zen Kicker,,,,,,78,65,61,10,12,11,5,20,21,59,15,10,13,16,90,21,70,92,99,10,16,11,17,17,17,15,15,10,10,29,15,15,15,15,16,16,16,Default Stride Awkward,15,74,15,83,10,41,21,12,21,32,15,29,16,75,10,12
m27-1,14958,Cole,Bishop,Cole Bishop,FS,Buffalo Bills,Bills,23,74,207,Utah,2,24,24,10,2002,80,Zone - S,Launch Ratings,1,,,,,,,,93,84,79,64,62,31,64,65,66,81,58,53,74,65,91,67,92,28,27,60,33,74,14,13,15,19,77,57,71,79,14,12,15,15,18,19,21,Default Stride Loose,68,91,66,88,53,64,70,24,32,35,32,36,24,87,49,81
m27-1,13684,Corey,Bojorquez,Corey Bojorquez,P,Cleveland Browns,Browns,29,72,217,New Mexico,8,13,13,9,1996,80,Power - KP,Launch Ratings,0,,,,,,,,74,63,67,15,24,16,10,33,24,52,10,10,15,18,87,10,44,87,95,10,14,12,17,19,17,14,13,10,10,25,12,10,12,14,18,18,19,Default,12,70,10,86,15,41,28,20,25,30,19,34,20,61,17,17
m27-1,12532,David,Njoku,David Njoku,TE,Los Angeles Chargers,Chargers,30,76,246,Miami,9,83,10,7,1996,80,Vertical Threat - TE,Launch Ratings,1,,,,,,,,88,82,76,85,42,12,77,76,86,72,88,10,15,65,87,77,95,19,15,40,50,26,56,61,62,6,13,10,10,37,76,62,67,71,59,54,59,Long Stride High and Tight,86,86,74,88,80,72,36,6,10,15,10,13,10,78,72,23
m27-1,13154,DeShon,Elliott,DeShon Elliott,SS,Pittsburgh Steelers,Steelers,29,73,210,Texas,8,25,21,4,1997,80,Run Support - S,Launch Ratings,1,,,,,,,,87,78,83,63,57,15,41,66,76,78,58,52,83,67,84,70,86,17,18,35,22,65,35,35,35,6,81,44,73,84,25,10,10,20,35,35,35,Default Stride Loose,60,87,56,88,56,57,84,6,6,6,6,24,15,85,42,74
m27-1,14902,Edgerrin,Cooper,Edgerrin Cooper,WILL,Green Bay Packers,Packers,24,74,230,Texas AM,2,56,17,11,2001,80,Pass Coverage - OLB,Launch Ratings,1,,,,,,,,92,80,78,64,71,23,51,65,70,78,61,66,83,75,92,68,83,19,21,45,37,73,36,35,40,18,77,55,67,86,26,21,30,35,44,44,45,Default Stride Loose,59,89,64,90,57,72,85,20,22,26,27,22,38,87,53,76
m27-1,23274,Ethan,Evans,Ethan Evans,P,Los Angeles Rams,Rams,25,76,253,Wingate,3,42,19,7,2001,80,Power - KP,Launch Ratings,1,,,,,,,,71,57,65,10,14,30,10,35,29,51,10,11,29,20,91,10,62,88,95,10,14,10,14,14,14,20,19,11,10,30,12,10,10,10,15,15,15,Long Stride Awkward,12,68,10,82,10,55,24,25,28,30,21,39,17,75,10,10
m27-1,20966,Ezra,Cleveland,Ezra Cleveland,LG,Jacksonville Jaguars,Jaguars,28,78,312,Boise State,6,76,8,5,1998,80,Pass Protector - G,Launch Ratings,1,,,,,,,,77,70,79,10,56,12,5,34,30,55,15,37,52,83,90,10,74,11,11,10,84,11,81,86,84,6,42,50,10,51,15,5,5,15,81,77,79,Long Stride Awkward,15,76,10,91,10,88,55,6,6,6,6,10,10,90,25,12
m27-1,15120,Harold,Fannin Jr,Harold Fannin Jr,TE,Cleveland Browns,Browns,22,75,241,Bowling Green St.,1,44,20,7,2004,80,Vertical Threat - TE,Launch Ratings,1,,,,,,,,85,81,80,87,34,55,79,75,85,73,82,32,27,66,93,81,82,32,33,30,57,23,59,59,58,53,21,28,10,30,75,67,69,74,63,60,63,Long Stride Default,83,82,74,90,78,75,30,60,63,65,52,77,52,90,77,24
m27-1,22439,Ikem,Ekwonu,Ikem Ekwonu,LT,Carolina Panthers,Panthers,25,76,320,N.C. State,4,79,31,10,2000,80,Power - OT,Launch Ratings,0,,,,,,,,77,57,81,16,44,14,17,40,32,56,14,35,55,93,93,10,72,23,27,10,86,12,74,79,77,6,35,42,10,45,12,5,5,10,87,83,85,Default Stride Awkward,15,74,10,88,30,93,45,6,6,6,6,23,11,97,28,14
m27-1,12664,James,Conner,James Conner,HB,Arizona Cardinals,Cardinals,31,73,233,Pittsburgh,9,6,5,5,1995,80,Power Back - HB,Launch Ratings,1,,,,,,,,86,80,78,88,28,20,88,89,68,78,54,49,37,49,80,84,76,16,18,55,52,10,39,45,65,10,17,30,15,35,65,53,60,67,41,40,53,Default,69,88,76,90,86,83,33,10,14,18,20,23,11,92,90,15
m27-1,17670,Javon,Hargrave,Javon Hargrave,DT,Green Bay Packers,Packers,33,74,305,S.C. State,10,98,7,2,1993,80,Speed Rusher - DT,Launch Ratings,1,,,,,,,,77,66,86,18,77,12,10,30,28,53,14,86,80,81,91,16,83,17,17,9,32,18,45,44,44,6,83,74,13,82,15,3,5,13,45,46,45,Default Stride Awkward,16,74,17,84,25,87,86,6,6,6,6,23,11,88,29,26
m27-1,22786,Jayden,Reed,Jayden Reed,WR,Green Bay Packers,Packers,26,71,187,Michigan St.,3,11,28,4,2000,80,Deep Threat - WR,Launch Ratings,1,,,,,,,,94,89,76,89,26,28,75,72,81,91,84,25,18,41,86,86,83,14,19,82,21,29,18,13,22,26,30,14,26,49,73,82,82,83,26,17,46,Short Stride Default,83,94,78,88,48,58,31,31,35,39,39,52,32,86,36,35
m27-1,14579,Jayden,Daniels,Jayden Daniels,QB,Washington Commanders,Commanders,25,76,210,LSU,2,5,18,12,2000,80,Improviser - QB,Launch Ratings,1,,Fearless,Sideline Deadeye,,,,,91,91,70,92,16,88,75,62,37,88,19,10,12,15,90,82,86,19,10,10,18,15,10,10,10,76,21,10,10,29,14,11,13,16,12,12,16,Default,23,90,74,91,32,59,19,81,88,86,86,92,82,93,28,14
m27-1,12600,Jermaine,Eluemunor,Jermaine Eluemunor,RT,NY Giants,Giants,31,76,338,Texas AM,9,72,13,12,1994,80,Pass Protector - OT,Launch Ratings,1,,,,,,,,61,56,82,18,15,12,12,22,27,47,20,10,37,82,88,25,71,25,25,10,76,12,84,87,85,6,10,10,10,26,12,5,7,17,77,79,78,Default Stride Awkward,17,68,15,88,28,92,33,6,6,6,6,24,10,84,36,12
m27-1,13436,JK,Scott,JK Scott,P,Los Angeles Chargers,Chargers,30,77,208,Alabama,8,16,30,10,1995,80,Power - KP,Launch Ratings,1,,,,,,,,77,68,70,13,20,20,9,36,21,61,15,10,16,18,91,17,75,81,95,10,16,12,18,18,18,21,18,10,10,29,15,15,15,15,17,17,17,Default Stride Loose,15,75,10,89,10,51,30,22,27,32,25,41,24,67,11,15
m27-1,22876,Joe,Tippmann,Joe Tippmann,RG,NY Jets,Jets,25,78,317,Wisconsin,3,66,24,3,2001,80,Power - G,Launch Ratings,1,,,,,,,,81,65,78,11,25,12,9,45,39,57,36,10,34,86,87,20,72,12,15,10,88,12,78,82,80,6,25,10,10,30,25,10,15,23,83,81,82,Long Stride Awkward,32,73,15,88,24,89,33,6,6,6,6,11,10,90,10,13
m27-1,21103,John,Simpson,John Simpson,RG,Baltimore Ravens,Ravens,29,76,330,Clemson,6,74,19,8,1997,80,Power - G,Launch Ratings,1,,,,,,,,66,50,86,22,27,12,12,42,32,49,15,10,38,86,90,10,74,22,35,10,83,12,73,80,78,6,17,27,10,27,15,6,10,20,79,84,82,Default Stride Awkward,15,69,20,89,35,92,31,6,6,6,6,14,15,90,25,12
m27-1,22763,Josh,Downs,Josh Downs,WR,Indianapolis Colts,Colts,25,70,175,North Carolina,3,2,12,8,2001,80,Slot - WR,Launch Ratings,1,,,,,,,,93,91,82,82,22,34,71,74,92,90,82,10,19,34,90,76,91,25,27,74,19,10,15,17,25,35,15,10,10,27,69,78,81,81,22,15,41,Short Stride Default,83,90,69,86,38,51,22,39,40,46,43,54,33,86,33,10
m27-1,22901,Kayshon,Boutte,Kayshon Boutte,WR,New England Patriots,Patriots,24,72,195,LSU,3,9,7,5,2002,80,Deep Threat - WR,Launch Ratings,1,,,,,,,,90,86,82,83,27,21,77,73,87,84,86,10,23,42,85,80,83,11,16,69,23,11,18,22,29,10,16,10,13,30,80,83,81,79,34,28,51,Default,85,91,72,87,61,58,26,10,15,20,16,28,20,79,44,16
m27-1,21351,L'Jarius,Sneed,L'Jarius Sneed,CB,Kansas City Chiefs,Chiefs,29,73,192,LA. Tech,6,38,21,1,1997,80,Zone - CB,Launch Ratings,1,,Flat Zone KO,,,,,,92,87,81,78,58,14,60,68,76,85,58,46,76,59,87,82,93,24,22,70,19,70,35,35,25,6,81,35,93,77,22,33,26,30,35,35,18,Default Stride Loose,70,94,80,94,48,60,59,6,6,6,6,27,15,82,50,78
m27-1,20582,Mack,Wilson Sr,Mack Wilson Sr,MIKE,Arizona Cardinals,Cardinals,28,73,240,Alabama,7,1,14,2,1998,80,Field General - MLB,Launch Ratings,1,,,,,,,,86,79,88,52,74,27,33,59,71,71,59,73,85,85,85,54,80,14,15,10,26,66,45,45,45,27,86,67,52,86,17,6,11,21,45,45,45,Default Stride Loose,65,86,39,88,42,79,83,30,38,48,25,52,30,88,36,69
m27-1,14643,Marvin,Harrison Jr,Marvin Harrison Jr,WR,Arizona Cardinals,Cardinals,24,75,220,Ohio State,2,18,11,8,2002,80,Deep Threat - WR,Launch Ratings,1,,,,,,,,93,91,82,87,15,22,74,75,84,93,84,18,19,38,86,80,93,15,25,50,21,17,15,18,22,6,28,12,19,24,78,79,82,81,13,20,45,Default,86,91,73,90,55,57,24,6,10,15,10,27,23,88,39,25
m27-1,15237,Mason,Graham,Mason Graham,DT,Cleveland Browns,Browns,22,76,315,Michigan,1,94,2,9,2003,80,Power Rusher - DT,Launch Ratings,1,,Quick Jump,,,,,,86,74,76,28,85,18,30,38,28,65,20,69,78,88,92,24,71,18,30,31,31,17,45,45,45,15,75,79,17,80,28,18,18,18,45,45,45,Long Stride Awkward,20,78,20,82,36,90,84,7,8,10,11,24,14,94,31,24
m27-1,20607,Mike,Jackson,Mike Jackson,CB,Carolina Panthers,Panthers,29,73,210,Miami,7,2,10,1,1997,80,Manto Man - CB,Launch Ratings,1,,,,,,,,87,83,85,56,53,10,43,57,69,85,49,37,63,45,87,67,93,14,15,30,15,83,35,35,35,6,84,32,74,75,45,12,19,29,35,35,35,Default Stride Loose,64,90,60,91,38,61,65,6,6,6,6,25,12,81,31,83
m27-1,21511,Odafe,Oweh,Odafe Oweh,LEDG,Washington Commanders,Commanders,27,77,251,Penn State,5,98,15,12,1998,80,Power Rusher - DE,Launch Ratings,1,,,,,,,,89,86,75,46,76,17,35,48,54,75,41,70,83,85,89,44,93,26,29,10,27,45,45,45,45,6,73,81,28,84,32,19,26,29,45,45,45,Long Stride Loose,42,88,39,79,37,80,86,6,6,10,6,22,13,79,35,53
m27-1,20999,Patrick,Queen,Patrick Queen,MIKE,Pittsburgh Steelers,Steelers,27,72,237,LSU,6,6,13,8,1999,80,Field General - MLB,Launch Ratings,1,,,,,,,,88,85,87,71,73,12,52,73,71,77,50,67,91,78,92,72,84,20,20,15,23,58,45,45,45,6,86,59,53,89,38,37,48,55,45,45,45,Default Stride High and Tight,55,87,60,92,52,73,86,6,6,6,6,27,13,90,64,63
m27-1,14702,Patrick,Paul,Patrick Paul,LT,Miami Dolphins,Dolphins,24,80,331,Houston,2,52,1,11,2001,80,Pass Protector - OT,Launch Ratings,1,,,,,,,,73,63,84,30,41,11,20,35,33,57,31,35,44,85,93,22,72,21,25,10,81,14,82,86,84,5,20,33,11,32,25,11,21,23,78,76,78,Long Stride Awkward,38,68,21,88,39,90,44,11,11,14,5,32,5,85,40,11
m27-1,22187,Quay,Walker,Quay Walker,WILL,Las Vegas Raiders,Raiders,26,76,241,Georgia,4,7,8,5,2000,80,Run Stopper - OLB,Launch Ratings,1,,,,,,,,90,86,75,67,74,15,53,55,57,73,49,67,87,71,91,61,78,16,19,10,24,56,45,45,45,6,74,58,45,91,35,28,30,32,45,45,45,Long Stride Loose,50,88,50,88,37,75,89,6,6,6,6,20,7,85,52,66
m27-1,22695,Quentin,Johnston,Quentin Johnston,WR,Los Angeles Chargers,Chargers,24,75,208,TCU,3,1,6,9,2001,80,Deep Threat - WR,Launch Ratings,1,,,,,,,,91,83,87,88,30,28,84,76,86,85,83,10,25,47,89,82,94,18,22,40,24,13,27,30,35,12,16,10,19,36,80,80,81,80,31,26,49,Long Stride Loose,85,93,76,85,81,70,31,10,15,20,13,30,18,87,66,19
m27-1,14657,Ricky,Pearsall,Ricky Pearsall,WR,San Francisco 49ers,49ers,25,73,191,Florida,2,1,9,9,2000,80,Slot - WR,Launch Ratings,1,,,,,,,,91,92,79,81,24,30,72,74,90,91,89,11,15,42,85,76,94,22,23,79,25,16,19,21,31,31,17,11,16,30,73,76,78,79,24,17,45,Default,87,92,70,86,51,61,24,39,47,47,40,52,36,90,42,20
m27-1,15037,RJ,Harvey,RJ Harvey,HB,Denver Broncos,Broncos,25,68,205,UCF,1,12,4,2,2001,80,Elusive Back - HB,Launch Ratings,1,,,,,,,,94,85,80,84,35,49,82,91,68,82,62,29,34,36,85,85,88,26,21,79,32,26,38,39,50,45,36,27,25,42,57,54,57,64,25,28,37,Default,59,92,81,88,78,73,39,48,50,54,54,68,43,81,82,28
m27-1,16334,Rueben,Bain Jr.,Rueben Bain Jr.,LEDG,Tampa Bay Buccaneers,Buccaneers,21,74,263,Miami,0,3,8,9,2004,80,Power Rusher - DE,Launch Ratings,1,,Quick Jump,,,,,,90,81,78,43,82,13,28,44,36,73,26,74,89,88,91,37,82,20,25,20,25,25,45,45,45,10,82,83,25,82,12,10,15,17,45,45,45,Long Stride Default,27,84,34,86,35,84,81,10,15,20,10,26,10,91,36,32
m27-1,1087,Tarheeb,Still,Tarheeb Still,CB,Los Angeles Chargers,Chargers,24,73,196,Maryland,2,4,9,6,2002,80,Zone - CB,Launch Ratings,1,,,,,,,,93,85,79,61,43,10,66,60,79,88,64,31,55,57,91,72,90,17,18,80,15,77,8,9,10,6,79,26,80,71,27,11,16,26,13,14,15,Default Stride Loose,66,89,66,85,32,56,60,6,10,11,11,27,11,76,26,84
m27-1,9879,Tony,Jefferson,Tony Jefferson,SS,Los Angeles Chargers,Chargers,34,71,212,Oklahoma,11,23,27,1,1992,80,Run Support - S,Launch Ratings,1,,,,,,,,85,79,85,72,55,15,43,58,67,78,46,58,88,63,82,70,81,19,26,40,18,75,35,35,35,6,84,53,70,83,25,10,10,20,35,35,35,Default Stride Loose,63,87,66,87,50,74,74,6,6,6,6,24,18,80,45,81
m27-1,22305,Travon,Walker,Travon Walker,LEDG,Jacksonville Jaguars,Jaguars,25,77,272,Georgia,4,44,18,12,2000,80,Power Rusher - DE,Launch Ratings,1,,Quick Jump,,,,,,91,83,78,47,82,12,29,54,60,73,46,72,87,96,92,46,88,15,14,10,21,44,45,45,45,6,76,79,29,83,27,14,19,25,45,45,45,Long Stride Loose,49,87,40,83,49,88,79,6,6,6,6,18,13,89,48,54
m27-1,20979,Tyler,Biadasz,Tyler Biadasz,C,Los Angeles Chargers,Chargers,28,75,316,Wisconsin,6,63,20,11,1997,80,Agile - C,Launch Ratings,1,,,,,,,,65,64,87,17,36,12,9,28,23,55,13,20,47,82,88,14,72,43,48,8,85,12,84,78,81,6,29,24,10,34,15,5,6,16,85,79,83,Default Stride Awkward,15,74,10,95,18,85,37,6,6,6,6,21,11,93,28,14
m27-1,20397,Tytus,Howard,Tytus Howard,RT,Cleveland Browns,Browns,30,77,322,Alabama St.,7,71,23,5,1996,80,Pass Protector - OT,Launch Ratings,1,,,,,,,,67,59,85,47,24,30,37,24,28,51,15,10,28,84,86,41,73,16,20,10,82,12,82,86,85,27,15,10,10,27,15,5,5,15,77,73,75,Long Stride Loose,15,72,32,89,38,85,23,31,37,45,40,53,26,85,45,15
m27-1,14809,Woody,Marks,Woody Marks,HB,Houston Texans,Texans,25,70,213,USC,1,4,29,12,2000,80,Elusive Back - HB,Launch Ratings,1,,,,,,,,88,84,86,87,32,29,83,94,73,84,49,24,25,39,89,86,85,23,23,76,39,22,42,40,51,30,32,24,24,34,61,45,55,65,33,29,40,Default Stride High and Tight,55,88,79,87,71,70,31,10,12,9,10,27,23,88,78,25
m27-1,20821,A.J.,Cole,A.J. Cole,P,Las Vegas Raiders,Raiders,30,76,220,N.C. State,7,6,27,11,1995,79,Power - KP,Launch Ratings,1,,,,,,,,70,62,63,22,10,17,10,45,43,51,37,10,35,23,90,15,61,86,97,10,20,16,16,16,19,20,19,10,10,26,22,24,31,38,18,19,20,Default Stride Awkward,41,71,12,83,14,47,37,25,28,30,20,29,19,73,10,24
m27-1,26668,Aaron,Rodgers,Aaron Rodgers,QB,Pittsburgh Steelers,Steelers,42,74,223,California,21,8,2,12,1983,79,Field General - QB,Launch Ratings,1,,,,,,,,75,74,80,76,19,74,59,64,47,71,15,10,12,29,89,48,74,18,15,10,22,13,12,12,12,92,25,10,10,24,15,12,14,15,18,18,23,Default,15,77,53,95,23,59,19,79,82,90,84,94,81,98,29,19
m27-1,16336,Akheem,Mesidor,Akheem Mesidor,REDG,Los Angeles Chargers,Chargers,25,75,275,Miami,0,90,5,4,2001,79,Smaller Speed Rusher - DE,Launch Ratings,1,,,,,,,,89,84,74,44,81,20,43,48,31,75,31,81,87,84,78,28,83,20,25,29,45,39,45,45,45,16,74,76,27,83,17,10,15,17,45,45,45,Long Stride Loose,31,86,31,82,43,81,82,10,18,12,17,23,16,81,42,45
m27-1,21016,Alohi,Gilman,Alohi Gilman,FS,Kansas City Chiefs,Chiefs,28,70,201,Notre Dame,6,17,17,9,1997,79,Zone - S,Launch Ratings,1,,,,,,,,85,88,87,67,62,18,48,58,73,85,52,48,78,62,90,71,78,17,19,45,16,69,35,35,35,6,84,43,59,80,30,27,31,36,35,35,35,Default Stride Loose,60,87,64,89,57,63,67,6,6,6,6,26,10,92,48,79
m27-1,22209,Alontae,Taylor,Alontae Taylor,CB,Tennessee Titans,Titans,27,73,199,Tennessee,4,24,3,12,1998,79,Zone - CB,Launch Ratings,1,,,,,,,,94,82,80,72,43,46,57,63,72,84,59,45,74,54,91,76,92,21,21,45,15,73,35,35,35,38,78,36,73,70,42,36,40,43,35,35,35,Long Stride Default,64,95,67,92,34,60,62,30,35,42,40,44,32,78,38,78
m27-1,12551,Alvin,Kamara,Alvin Kamara,HB,New Orleans Saints,Saints,31,70,215,Tennessee,9,41,25,7,1995,79,Receiving Back - HB,Launch Ratings,1,,,,,,,,91,86,80,85,29,24,83,87,76,83,74,48,33,39,91,84,92,16,21,83,41,18,23,27,51,26,18,34,17,34,78,68,75,79,28,29,41,Default,74,87,78,89,86,77,29,23,31,34,33,41,15,85,85,24
m27-1,16183,Arvell,Reese,Arvell Reese,WILL,NY Giants,Giants,21,76,241,Ohio State,0,52,30,8,2005,79,Run Stopper - OLB,Launch Ratings,1,,,,,,,,92,85,80,43,74,16,37,55,65,79,37,72,86,71,88,59,87,16,14,14,26,54,46,42,64,6,79,73,50,87,17,13,18,23,52,60,45,Default Stride Loose,43,90,52,87,47,80,83,6,6,6,6,24,10,85,47,65
m27-1,21171,Braden,Mann,Braden Mann,P,Philadelphia Eagles,Eagles,28,71,198,Texas AM,6,10,24,11,1997,79,Power - KP,Launch Ratings,1,,,,,,,,78,77,66,21,26,19,20,25,30,68,10,10,12,23,86,10,76,85,93,10,23,21,24,24,20,10,10,10,10,25,12,10,10,10,23,23,20,Default Stride Awkward,12,77,10,87,15,45,44,15,15,15,18,28,14,83,15,29
m27-1,11594,Bryan,Anger,Bryan Anger,P,Dallas Cowboys,Cowboys,37,75,202,California,14,5,6,10,1988,79,Power - KP,Launch Ratings,1,,,,,,,,74,60,68,22,17,32,26,60,65,47,43,14,22,22,97,54,75,87,92,10,16,11,19,19,19,20,28,12,10,39,15,15,15,15,17,17,25,Default Stride Awkward,35,73,35,85,10,55,34,25,30,30,20,50,15,82,25,25
m27-1,10697,Cameron,Jordan,Cameron Jordan,REDG,New Orleans Saints,Saints,37,76,287,California,15,94,10,7,1989,79,Power Rusher - DE,Launch Ratings,1,,,,,,,,76,76,85,26,79,12,14,42,42,65,15,69,85,95,97,30,76,29,33,10,22,31,45,45,45,6,85,77,22,86,20,4,8,15,45,45,45,Default Stride Awkward,15,76,25,86,25,87,86,6,6,6,6,30,14,92,10,41
m27-1,20417,Carl,Granderson,Carl Granderson,REDG,New Orleans Saints,Saints,29,77,261,Wyoming,7,96,18,12,1996,79,Smaller Speed Rusher - DE,Launch Ratings,1,,,,,,,,85,74,79,40,82,12,26,29,38,65,29,80,76,79,90,30,84,14,18,28,18,33,45,44,45,6,80,72,26,87,14,7,11,18,45,46,45,Long Stride Loose,30,85,22,82,35,80,86,6,6,6,6,24,10,84,31,44
m27-1,21765,Christian,Barmore,Christian Barmore,DT,New England Patriots,Patriots,27,77,315,Alabama,5,90,28,7,1999,79,Speed Rusher - DT,Launch Ratings,1,,,,,,,,74,63,87,25,76,12,20,41,37,55,23,82,82,89,91,24,81,12,11,10,31,17,45,45,45,6,86,78,13,84,16,9,12,15,45,45,45,Long Stride Loose,25,74,23,78,30,89,83,6,6,6,6,24,16,89,32,25
m27-1,20532,David,Edwards,David Edwards,LG,New Orleans Saints,Saints,29,78,308,Wisconsin,7,76,20,3,1997,79,Agile - G,Launch Ratings,1,,,,,,,,68,61,87,49,37,30,36,45,46,52,30,27,35,81,92,34,65,11,21,10,83,12,84,80,83,25,30,31,10,35,33,14,17,26,84,81,83,Long Stride Default,34,67,27,90,44,82,39,27,34,40,31,40,27,90,43,12
m27-1,13244,Dorance,Armstrong,Dorance Armstrong,LEDG,Washington Commanders,Commanders,29,76,255,Kansas,8,92,10,6,1997,79,Smaller Speed Rusher - DE,Launch Ratings,1,,,,,,,,79,79,85,23,80,12,15,28,34,66,23,82,76,81,87,31,80,12,16,10,18,27,45,45,45,6,87,72,32,84,12,5,10,15,45,45,45,Long Stride Loose,20,78,23,84,26,82,83,6,6,6,6,20,14,93,27,41
m27-1,21660,Elijah,Molden,Elijah Molden,FS,Los Angeles Chargers,Chargers,27,70,192,Washington,5,2,30,1,1999,79,Zone - S,Launch Ratings,1,,,,,,,,91,83,81,77,45,10,57,63,65,81,54,31,72,43,88,80,87,13,17,60,17,75,35,40,35,6,83,29,69,81,36,24,32,43,35,35,40,Short Stride Loose,58,89,70,88,47,57,71,6,6,6,6,25,15,87,49,78
m27-1,13628,Frankie,Luvu,Frankie Luvu,WILL,Washington Commanders,Commanders,29,75,235,Wash. St.,8,4,19,9,1996,79,Run Stopper - OLB,Launch Ratings,1,,,,,,,,86,80,85,45,75,12,25,48,55,71,22,76,86,85,90,52,73,12,16,10,13,57,45,45,45,6,86,67,55,85,20,5,5,15,45,45,45,Default Stride Loose,49,85,39,95,33,83,82,6,6,6,6,34,15,85,55,65
m27-1,21018,Geno,Stone,Geno Stone,FS,Buffalo Bills,Bills,27,70,209,Iowa,6,25,19,4,1999,79,Run Support - S,Launch Ratings,1,,,,,,,,88,86,85,65,56,26,49,65,82,83,48,38,86,55,88,67,82,22,17,55,14,71,35,35,12,20,86,33,60,76,34,11,15,30,35,35,16,Default Stride Loose,63,86,62,91,55,58,72,21,25,29,33,42,26,89,48,77
m27-1,22921,Gervon,Dexter Sr,Gervon Dexter Sr,DT,Chicago Bears,Bears,24,78,326,Florida,3,99,5,10,2001,79,Power Rusher - DT,Launch Ratings,1,,,,,,,,80,67,85,35,81,12,24,45,52,57,45,68,82,89,92,24,76,9,12,10,41,10,40,40,40,6,81,81,14,82,14,5,8,13,45,45,45,Long Stride Awkward,46,76,17,81,42,85,87,6,6,6,6,14,11,83,44,12
m27-1,21457,Greg,Newsome II,Greg Newsome II,CB,NY Giants,Giants,26,72,192,Northwestern,5,20,18,5,2000,79,Manto Man - CB,Launch Ratings,1,,,,,,,,92,90,83,60,49,15,53,61,70,88,55,40,64,49,87,75,90,12,19,40,19,77,35,35,35,6,81,28,82,73,38,26,32,39,35,35,35,Short Stride Loose,60,91,66,95,44,60,45,6,6,6,6,22,13,82,32,75
m27-1,22267,Ja'Quan,McMillian,Ja'Quan McMillian,CB,Denver Broncos,Broncos,26,70,183,East Carolina,3,29,4,6,2000,79,Manto Man - CB,Launch Ratings,1,,,,,,,,86,91,81,66,42,25,55,58,77,86,62,38,47,38,89,74,87,15,15,45,16,81,30,30,30,19,83,29,73,76,19,29,31,35,31,31,31,Short Stride Loose,67,90,67,88,26,56,71,24,27,31,32,35,15,79,25,82
m27-1,20716,Jack,Fox,Jack Fox,P,Detroit Lions,Lions,30,74,218,Rice,8,3,1,9,1996,79,Power - KP,Launch Ratings,1,,,,,,,,83,63,66,10,29,15,5,39,23,55,15,10,12,16,90,10,69,82,95,10,16,11,17,17,17,15,24,10,10,32,15,15,15,15,16,16,16,Default Stride Awkward,15,87,10,83,10,50,29,15,29,47,15,53,20,65,10,20
m27-1,15284,Jacob,Parrish,Jacob Parrish,CB,Tampa Bay Buccaneers,Buccaneers,22,70,198,Kansas State,1,25,29,2,2004,79,Zone - CB,Launch Ratings,1,,,,,,,,93,89,78,76,55,20,53,56,73,89,59,40,64,56,91,77,89,32,21,55,24,75,35,25,35,12,79,32,76,77,38,39,37,38,35,25,35,Default,69,94,70,86,44,65,67,10,13,15,15,29,18,90,40,77
m27-1,16152,Jacory,Croskey-Merritt,Jacory Croskey-Merritt,HB,Washington Commanders,Commanders,25,71,206,Arizona,1,22,12,4,2001,79,Elusive Back - HB,Launch Ratings,1,,,,,,,,95,81,83,84,31,31,83,90,62,84,55,30,26,36,89,84,90,27,26,67,33,20,40,41,50,33,26,27,21,36,41,33,43,50,28,31,36,Default Stride High and Tight,53,92,76,83,76,67,32,13,21,9,13,24,24,91,77,25
m27-1,12809,Jake,Elliott,Jake Elliott,K,Philadelphia Eagles,Eagles,31,69,167,Memphis,9,4,21,1,1995,79,Power - KP,Launch Ratings,1,,,,,,,,77,64,65,18,26,14,14,33,27,51,19,10,25,18,86,16,52,87,97,10,13,20,17,17,20,20,18,10,10,39,16,12,15,20,16,16,20,Short Stride Awkward,17,75,10,82,12,34,27,15,19,33,24,28,15,57,11,14
m27-1,22951,Jalen,Redmond,Jalen Redmond,DT,Minnesota Vikings,Vikings,27,74,305,Oklahoma,3,61,12,3,1999,79,Speed Rusher - DT,Launch Ratings,1,,,,,,,,85,74,80,22,80,10,10,42,37,64,30,80,80,85,84,27,83,12,14,10,34,18,40,40,40,5,81,74,25,82,15,5,6,10,45,45,45,Default Stride Awkward,35,79,25,85,35,85,85,6,6,6,6,22,5,81,35,24
m27-1,15265,Jalon,Walker,Jalon Walker,LEDG,Atlanta Falcons,Falcons,22,73,243,Georgia,1,11,24,2,2004,79,Smaller Speed Rusher - DE,Launch Ratings,1,,,,,,,,92,85,73,47,76,25,30,49,51,76,39,79,78,70,88,51,81,25,27,35,38,36,45,45,45,25,73,70,36,84,36,28,33,39,45,45,45,Default Stride Loose,40,86,43,73,32,80,84,18,18,18,16,21,27,85,29,48
m27-1,15202,James,Pearce Jr,James Pearce Jr,REDG,Atlanta Falcons,Falcons,22,77,245,Tennessee,1,27,12,10,2003,79,Smaller Speed Rusher - DE,Launch Ratings,1,,,,,,,,92,76,85,44,70,12,31,48,53,68,33,81,74,66,86,40,76,21,24,30,29,40,40,40,40,15,77,71,31,79,14,5,10,15,40,40,40,Long Stride Loose,33,90,34,73,42,76,76,12,13,20,10,31,10,78,35,50
m27-1,22242,Jaylen,Watson,Jaylen Watson,CB,Los Angeles Rams,Rams,27,74,197,Wash. St.,4,35,17,9,1998,79,Zone - CB,Launch Ratings,1,,,,,,,,92,81,78,64,55,20,52,59,64,85,57,41,64,53,91,73,90,17,16,45,24,79,29,29,29,6,77,33,77,73,41,32,36,39,34,34,34,Long Stride Loose,55,92,66,89,35,66,65,12,14,17,19,25,14,80,40,82
m27-1,14697,JC,Latham,JC Latham,RT,Tennessee Titans,Titans,23,78,342,Alabama,2,55,8,2,2003,79,Power - OT,Launch Ratings,1,,,,,,,,64,60,77,15,49,18,15,33,24,50,19,32,51,91,96,10,68,17,21,10,87,9,76,81,78,7,26,47,10,31,19,10,14,15,83,82,82,Long Stride Awkward,27,63,10,84,45,94,40,6,9,11,6,21,5,91,41,10
m27-1,15367,Jeremy,Crawshaw,Jeremy Crawshaw,P,Denver Broncos,Broncos,25,75,205,Florida,1,16,22,5,2001,79,Power - KP,Launch Ratings,1,,,,,,,,82,66,65,22,16,23,23,44,35,57,21,10,23,18,86,24,61,88,94,10,15,12,13,18,16,20,21,10,10,32,12,10,15,18,15,11,21,Default Stride Awkward,18,77,15,83,21,60,32,23,28,30,25,32,21,78,20,10
m27-1,15268,Jihaad,Campbell,Jihaad Campbell,MIKE,Philadelphia Eagles,Eagles,22,75,235,Alabama,1,11,24,2,2004,79,Pass Coverage - MLB,Launch Ratings,1,,,,,,,,91,87,74,52,73,23,38,62,66,81,56,62,84,74,88,56,85,20,22,10,26,69,45,45,45,6,72,56,54,87,32,27,30,35,45,45,45,Default Stride Loose,60,89,50,87,46,72,87,6,6,6,6,25,12,89,42,75
m27-1,21058,Juwan,Johnson,Juwan Johnson,TE,New Orleans Saints,Saints,29,76,231,Oregon,6,83,13,9,1996,79,Vertical Threat - TE,Launch Ratings,1,,,,,,,,86,82,88,80,36,26,74,76,85,76,83,14,37,54,88,76,85,25,29,45,31,19,55,58,59,26,23,17,21,38,70,63,67,72,53,58,62,Long Stride Default,87,86,71,90,59,69,34,20,25,30,24,36,22,82,50,27
m27-1,21571,Kenny,Gainwell,Kenny Gainwell,HB,Tampa Bay Buccaneers,Buccaneers,27,69,200,Memphis,5,1,14,3,1999,79,Elusive Back - HB,Launch Ratings,0,,,,,,,,86,87,84,84,25,34,80,89,71,86,58,10,23,33,91,87,84,45,47,80,29,12,30,35,56,30,15,10,15,37,57,58,65,71,26,19,32,Short Stride High and Tight,57,89,82,84,75,70,30,23,33,41,42,47,32,85,71,16
m27-1,17661,Kenny,Clark,Kenny Clark,DT,Dallas Cowboys,Cowboys,30,75,314,UCLA,10,97,4,10,1995,79,Power Rusher - DT,Launch Ratings,1,,Inside Stuff,Unpredictable,,,,,75,61,80,27,79,12,14,34,24,56,22,69,82,90,91,24,71,17,17,9,36,33,45,44,44,6,81,78,13,82,15,3,5,13,45,46,45,Long Stride Loose,24,74,17,85,27,91,84,6,6,6,6,23,18,92,35,38
m27-1,12504,Luke,Rhodes,Luke Rhodes,LS,Indianapolis Colts,Colts,33,74,238,William  Mary,10,46,2,12,1992,79,Accurate - LS,Launch Ratings,1,,,,,,,,80,75,65,52,65,18,25,47,54,69,43,48,79,72,93,55,84,20,17,35,56,48,43,50,47,6,54,58,53,70,24,29,35,39,35,40,45,Long Stride Loose,41,80,42,79,44,80,75,6,6,6,6,29,10,88,45,55
m27-1,15095,Luther,Burden III,Luther Burden III,WR,Chicago Bears,Bears,22,72,210,Missouri,1,10,12,12,2003,79,Deep Threat - WR,Launch Ratings,1,,,,,,,,92,93,77,88,24,28,78,76,84,93,80,25,32,44,91,84,88,30,25,82,30,30,21,28,27,31,35,23,25,39,74,76,77,78,27,29,48,Default,82,92,80,87,70,69,35,10,10,12,17,11,24,87,61,41
m27-1,1827,Mansoor,Delane,Mansoor Delane,CB,Kansas City Chiefs,Chiefs,22,72,182,LSU,0,5,15,12,2003,79,Manto Man - CB,Launch Ratings,1,,,,,,,,95,88,79,67,50,36,53,65,75,87,67,43,61,51,87,70,87,15,17,63,17,77,35,35,35,24,77,38,78,75,42,37,45,48,35,35,35,Default Stride Loose,65,93,65,88,38,59,57,27,30,33,23,40,27,84,35,73
m27-1,21561,Pat,Freiermuth,Pat Freiermuth,TE,Pittsburgh Steelers,Steelers,27,77,258,Penn State,5,88,25,10,1998,79,Possession - TE,Launch Ratings,1,,,,,,,,82,76,79,75,55,19,67,78,88,71,85,44,58,72,92,65,88,62,72,30,58,32,60,63,63,6,41,49,26,59,73,65,68,73,57,60,61,Long Stride Default,84,83,61,89,74,78,58,10,15,50,12,30,13,86,83,41
m27-1,21445,Paulson,Adebo,Paulson Adebo,CB,NY Giants,Giants,27,73,192,Stanford,5,21,3,7,1999,79,Zone - CB,Launch Ratings,1,,,,,,,,91,91,77,71,50,10,51,63,77,87,61,44,61,44,91,70,87,31,32,46,15,73,35,35,35,6,76,37,87,73,38,28,34,37,35,35,35,Default Stride Loose,70,92,66,91,33,64,72,6,6,6,6,30,16,85,41,78
m27-1,20728,Quincy,Williams,Quincy Williams,WILL,Cleveland Browns,Browns,30,71,225,Murray State,7,5,28,8,1996,79,Pass Coverage - OLB,Launch Ratings,1,,,,,,,,88,77,85,35,68,12,18,44,63,73,33,58,89,73,88,38,89,19,19,10,26,62,43,44,21,6,84,49,50,90,18,5,6,15,44,44,29,Default Stride Loose,48,87,32,94,39,67,87,6,6,6,6,25,13,87,30,70
m27-1,22448,Rasheed,Walker,Rasheed Walker,LT,Carolina Panthers,Panthers,26,78,324,Penn State,4,63,13,2,2000,79,Pass Protector - OT,Launch Ratings,1,,,,,,,,72,62,79,25,46,12,15,36,30,57,15,39,42,87,89,27,69,14,15,10,75,10,83,87,85,6,33,49,10,38,12,5,5,10,77,72,75,Default Stride Awkward,20,63,24,87,31,87,43,6,6,6,6,22,11,77,30,12
m27-1,22666,Rashid,Shaheed,Rashid Shaheed,WR,Seattle Seahawks,Seahawks,28,72,180,Weber State,4,22,31,8,1998,79,Deep Threat - WR,Launch Ratings,1,,,,,,,,95,90,75,86,23,22,77,70,85,91,77,14,19,31,85,87,87,17,19,89,16,25,15,16,33,10,17,15,15,32,72,85,78,74,9,14,36,Default Stride Loose,79,95,76,86,35,61,25,10,15,22,21,28,11,76,41,30
m27-1,21792,Reed,Blankenship,Reed Blankenship,SS,Houston Texans,Texans,27,73,203,Mid Tenn St.,4,6,2,3,1999,79,Zone - S,Launch Ratings,1,,,,,,,,92,81,85,72,57,17,58,65,75,83,59,41,75,62,89,73,81,23,28,65,15,68,34,34,34,6,81,36,60,82,15,10,12,14,35,35,35,Default,66,87,65,90,50,61,76,12,15,20,15,25,10,79,45,74
m27-1,22076,Romeo,Doubs,Romeo Doubs,WR,New England Patriots,Patriots,26,74,204,Nevada,4,87,13,4,2000,79,Deep Threat - WR,Launch Ratings,1,,,,,,,,94,85,82,80,33,19,71,67,83,83,85,22,26,38,89,76,83,17,22,79,19,19,23,20,26,15,32,18,22,39,81,81,80,78,22,17,35,Long Stride Loose,83,91,71,90,43,60,35,10,15,20,12,24,17,86,35,31
m27-1,1819,Spencer,Fano,Spencer Fano,LT,Cleveland Browns,Browns,21,78,311,Utah,0,55,4,11,2004,79,Power - OT,Launch Ratings,1,,,,,,,,78,72,86,15,25,12,16,28,26,58,18,10,42,85,89,10,78,12,10,10,81,12,81,75,78,6,24,10,10,21,11,5,5,15,81,76,81,Long Stride Awkward,14,75,10,87,13,90,29,6,6,6,6,16,12,89,28,11
m27-1,22859,Steve,Avila,Steve Avila,LG,Los Angeles Rams,Rams,26,75,330,TCU,3,73,16,10,1999,79,Power - G,Launch Ratings,0,,,,,,,,71,56,82,11,16,11,10,35,23,56,20,10,35,90,91,10,73,25,27,9,75,9,76,82,79,5,18,10,10,18,15,6,10,20,81,85,82,Default Stride Awkward,21,65,10,87,10,88,30,5,5,5,5,17,10,90,20,10
m27-1,14760,T'Vondre,Sweat,T'Vondre Sweat,DT,NY Jets,Jets,25,77,366,Texas,2,99,11,7,2001,79,Power Rusher - DT,Launch Ratings,1,,,,,,,,70,67,72,45,82,13,39,44,47,45,41,75,83,88,90,38,66,23,24,10,25,24,40,40,40,6,76,70,20,78,12,3,5,10,45,45,45,Default Stride Awkward,43,63,30,70,55,94,87,7,10,13,6,22,15,86,50,28
m27-1,22764,Tank,Dell,Tank Dell,WR,Houston Texans,Texans,26,70,165,Houston,3,1,29,10,1999,79,Slot - WR,Launch Ratings,1,,,,,,,,94,90,74,86,18,17,72,71,86,93,85,10,13,33,82,86,81,13,19,79,22,10,21,16,27,6,16,10,15,29,77,79,80,81,21,11,48,Short Stride Default,84,92,81,92,35,50,21,10,15,20,10,27,17,87,28,10
m27-1,22179,Travis,Jones,Travis Jones,DT,Baltimore Ravens,Ravens,26,76,341,Connecticut,4,98,15,10,1999,79,Power Rusher - DT,Launch Ratings,1,,,,,,,,71,70,74,20,82,10,19,25,26,59,13,64,81,87,90,18,71,14,15,10,35,15,45,45,45,6,73,77,16,78,14,5,6,10,45,45,45,Long Stride Awkward,14,74,17,80,35,95,86,6,6,6,6,20,10,89,33,19
m27-1,2661,Trent,Brown,Trent Brown,LT,Houston Texans,Texans,33,80,380,Florida,11,77,13,4,1993,79,Power - OT,Launch Ratings,1,,,,,,,,58,52,78,15,31,12,5,32,35,50,12,10,20,89,83,10,70,20,20,10,81,12,76,83,81,6,15,10,10,12,12,5,5,12,79,84,82,Default Stride Awkward,12,68,10,86,25,91,40,6,6,6,6,25,15,75,35,15
m27-1,14647,Troy,Franklin,Troy Franklin,WR,Denver Broncos,Broncos,23,75,180,Oregon,2,11,6,2,2003,79,Deep Threat - WR,Launch Ratings,1,,,,,,,,91,87,84,82,33,22,74,76,85,88,81,10,35,44,90,83,91,18,21,44,27,25,20,20,29,6,27,10,10,42,77,82,80,80,27,18,37,Long Stride Loose,82,92,75,88,58,58,35,6,10,15,10,23,19,82,48,32
m27-1,14949,Tykee,Smith,Tykee Smith,SS,Tampa Bay Buccaneers,Buccaneers,25,70,202,Georgia,2,23,18,2,2001,79,Hybrid - S,Launch Ratings,1,,,,,,,,92,83,79,71,54,31,67,60,75,80,63,53,85,56,87,72,86,10,12,65,15,78,24,25,30,30,78,47,66,78,12,10,10,20,29,30,35,Default Stride Loose,61,90,67,85,35,58,75,25,32,34,35,33,23,91,33,78
m27-1,15010,Tyrone,Tracy Jr,Tyrone Tracy Jr,HB,NY Giants,Giants,26,73,210,Purdue,2,29,23,11,1999,79,Elusive Back - HB,Launch Ratings,1,,,,,,,,91,90,79,81,24,18,79,90,67,89,50,10,25,33,94,85,88,32,25,82,32,13,27,32,50,10,18,10,20,32,59,60,63,68,16,15,29,Default Stride Loose,50,90,76,86,71,72,29,10,15,20,10,24,17,84,75,19
m27-1,21696,Tyson,Campbell,Tyson Campbell,CB,Cleveland Browns,Browns,26,73,195,Georgia,5,7,17,3,2000,79,Zone - CB,Launch Ratings,1,,,,,,,,92,85,76,54,54,12,29,44,71,85,50,33,55,44,90,63,85,17,20,47,11,75,22,22,28,6,76,28,84,74,22,12,15,21,35,34,34,Default Stride Loose,56,92,55,93,35,58,70,6,10,15,10,31,10,78,26,81
m27-1,13208,Wyatt,Teller,Wyatt Teller,LG,Houston Texans,Texans,31,76,315,Virginia Tech,8,75,21,11,1994,79,Power - G,Launch Ratings,1,,,,,,,,64,66,87,27,45,35,28,40,36,50,29,37,43,83,91,28,72,12,18,10,84,9,72,78,75,22,31,42,10,40,18,12,18,22,82,80,81,Long Stride Loose,27,71,26,92,19,93,50,19,24,27,26,40,27,90,44,10
m27-1,15331,Xavier,Watts,Xavier Watts,SS,Atlanta Falcons,Falcons,24,72,205,Notre Dame,1,31,22,11,2001,79,Zone - S,Launch Ratings,1,,,,,,,,88,82,81,70,55,29,59,65,76,82,62,33,78,57,93,71,84,17,20,80,25,72,35,35,35,20,78,36,67,80,36,30,35,40,35,35,35,Default Stride Loose,66,86,63,93,51,62,75,17,21,25,25,31,22,90,52,81
m27-1,14650,Xavier,Worthy,Xavier Worthy,WR,Kansas City Chiefs,Chiefs,23,71,165,Texas,2,1,27,4,2003,79,Deep Threat - WR,Launch Ratings,1,,,,,,,,98,89,75,87,17,45,73,73,84,91,76,10,15,32,91,84,90,20,21,83,16,13,15,12,24,31,15,10,10,25,68,82,78,78,21,17,33,Default,76,99,75,86,58,47,19,51,52,50,61,62,45,78,31,18
m27-1,22952,Yaya,Diaby,Yaya Diaby,REDG,Tampa Bay Buccaneers,Buccaneers,27,76,270,Louisville,3,0,30,5,1999,79,Power Rusher - DE,Launch Ratings,1,,Quick Jump,,,,,,93,77,84,37,81,18,25,47,45,72,42,73,80,73,91,45,88,23,27,25,28,36,35,35,35,6,81,82,40,84,22,14,21,25,40,40,40,Default Stride Loose,44,89,35,85,49,74,81,6,6,6,6,23,14,79,31,45
m27-1,12979,Zach,Wood,Zach Wood,LS,New Orleans Saints,Saints,33,75,255,SMU,9,49,10,1,1993,79,Power - LS,Launch Ratings,0,,,,,,,,63,63,65,42,61,12,20,45,46,55,42,58,71,63,93,36,70,24,25,10,48,24,40,50,59,10,34,61,25,68,22,15,19,24,34,39,51,Long Stride Loose,38,71,27,76,57,75,70,10,10,10,10,39,10,82,41,33
m27-1,13480,Zaire,Franklin,Zaire Franklin,MIKE,Green Bay Packers,Packers,30,72,235,Syracuse,8,44,2,7,1996,79,Field General - MLB,Launch Ratings,1,,,,,,,,89,79,81,41,68,12,21,52,61,72,48,64,82,81,93,48,88,20,20,10,19,56,45,45,45,6,82,55,43,90,20,5,6,10,45,45,45,Default,43,84,36,95,34,80,86,6,6,6,6,22,12,89,37,67
m27-1,20629,Amani,Hooker,Amani Hooker,SS,Tennessee Titans,Titans,28,71,210,Iowa,7,37,14,6,1998,78,Zone - S,Launch Ratings,1,,,,,,,,89,87,86,71,52,17,55,65,78,81,57,55,80,58,88,74,88,44,55,44,20,68,35,35,35,16,83,45,65,72,35,24,33,37,35,35,35,Short Stride Loose,70,87,57,90,45,62,73,24,28,34,27,42,17,81,32,74
m27-1,14623,Blake,Corum,Blake Corum,HB,Los Angeles Rams,Rams,25,68,202,Michigan,2,24,25,11,2000,78,Elusive Back - HB,Launch Ratings,1,,,,,,,,91,89,75,84,24,26,80,88,66,87,54,10,26,42,89,82,85,10,10,75,37,10,41,37,49,15,20,10,16,33,57,57,62,68,37,32,40,Default,54,93,78,87,77,75,32,10,18,25,18,27,11,88,82,20
m27-1,22153,Boye,Mafe,Boye Mafe,REDG,Cincinnati Bengals,Bengals,27,76,261,Minnesota,4,53,30,11,1998,78,Smaller Speed Rusher - DE,Launch Ratings,1,,,,,,,,90,75,76,29,79,12,31,28,36,67,22,78,81,76,90,24,95,26,28,10,16,37,45,45,45,9,74,68,32,86,15,5,7,14,45,45,45,Long Stride Loose,34,89,17,76,39,75,83,9,12,17,9,21,10,85,35,47
m27-1,13079,Bradley,Chubb,Bradley Chubb,REDG,Buffalo Bills,Bills,30,76,268,N.C. State,8,9,24,6,1996,78,Smaller Speed Rusher - DE,Launch Ratings,1,,,,,,,,85,77,79,39,79,12,36,53,56,67,36,77,87,92,86,38,86,15,18,10,17,48,45,45,45,6,80,71,28,82,13,4,8,15,45,45,45,Long Stride Loose,55,84,33,82,42,89,79,6,6,6,6,20,16,95,32,53
m27-1,22055,Brian,Robinson Jr,Brian Robinson Jr,HB,Atlanta Falcons,Falcons,27,73,228,Alabama,4,15,2,3,1999,78,Power Back - HB,Launch Ratings,1,,,,,,,,90,79,75,85,38,29,85,94,65,76,43,12,39,43,92,83,78,17,19,73,42,12,35,40,54,18,15,11,13,45,47,37,45,52,31,25,38,Default,44,87,70,88,83,81,39,18,20,29,18,29,13,89,86,17
m27-1,23112,Bryce,Baringer,Bryce Baringer,P,New England Patriots,Patriots,27,75,215,Michigan St.,3,17,26,4,1999,78,Power - KP,Launch Ratings,1,,,,,,,,75,67,63,21,26,23,15,40,28,59,15,10,33,18,92,23,65,83,95,10,15,10,12,12,12,24,17,10,10,29,15,15,15,15,14,14,14,Default Stride Awkward,21,73,19,84,14,50,32,26,31,33,22,38,17,85,15,10
m27-1,22686,Bryce,Young,Bryce Young,QB,Carolina Panthers,Panthers,25,70,204,Alabama,3,9,5,7,2001,78,Improviser - QB,Launch Ratings,1,,,,,,,,89,84,76,80,17,81,69,59,35,88,18,10,14,19,89,80,75,23,23,22,13,9,12,10,12,81,13,10,9,32,13,9,12,16,10,10,16,Default Stride Loose,19,87,68,85,36,54,20,87,83,89,86,87,86,86,32,10
m27-1,2200,Cairo,Santos,Cairo Santos,K,Chicago Bears,Bears,34,68,173,Tulane,12,8,12,11,1991,78,Power - KP,Launch Ratings,1,,,,,,,,73,66,65,10,26,15,15,35,25,50,15,10,25,16,80,10,60,85,94,10,16,20,17,17,17,15,29,10,10,42,15,15,15,15,16,16,17,Short Stride Awkward,15,72,10,84,10,33,22,15,15,33,15,26,15,60,10,14
m27-1,13113,Calvin,Ridley,Calvin Ridley,WR,Tennessee Titans,Titans,31,73,190,Alabama,8,0,20,12,1994,78,Deep Threat - WR,Launch Ratings,1,,,,,,,,93,91,76,86,24,29,74,75,82,89,80,10,20,44,84,88,85,16,19,68,23,17,22,15,30,13,17,10,24,33,80,75,78,76,34,28,49,Short Stride High and Tight,86,92,79,86,64,59,29,18,23,28,24,32,22,80,30,25
m27-1,14909,Cedric,Gray,Cedric Gray,WILL,Tennessee Titans,Titans,23,74,234,North Carolina,2,33,30,10,2002,78,Pass Coverage - OLB,Launch Ratings,1,,,,,,,,91,77,77,57,74,23,54,60,70,74,62,67,82,70,95,64,85,14,15,45,34,69,23,24,25,16,76,59,66,87,18,15,21,21,27,23,28,Default Stride Loose,65,84,56,87,53,69,88,14,19,17,24,14,15,90,52,74
m27-1,20873,Chase,McLaughlin,Chase McLaughlin,K,Tampa Bay Buccaneers,Buccaneers,30,72,190,Illinois,7,4,9,4,1996,78,Power - KP,Launch Ratings,1,,,,,,,,77,64,63,20,15,15,15,45,40,50,10,10,12,15,81,15,50,85,98,10,15,15,14,16,10,20,15,10,10,20,12,10,10,10,16,16,15,Short Stride Awkward,12,73,15,84,15,39,20,20,25,33,20,41,23,75,15,20
m27-1,13186,Christian,Kirk,Christian Kirk,WR,San Francisco 49ers,49ers,29,71,200,Texas AM,8,3,18,11,1996,78,Slot - WR,Launch Ratings,1,,,,,,,,92,87,79,85,23,23,72,73,89,85,83,10,24,43,87,88,85,14,18,84,22,15,26,30,34,16,20,10,17,33,77,77,78,80,28,32,44,Short Stride Loose,86,90,79,89,74,65,30,34,30,39,34,47,24,91,46,19
m27-1,22373,Christian,Watson,Christian Watson,WR,Green Bay Packers,Packers,27,76,208,North Dakota St.,4,9,12,5,1999,78,Deep Threat - WR,Launch Ratings,1,,,,,,,,94,84,81,85,26,18,74,74,87,85,85,10,20,42,84,80,91,17,14,75,25,11,20,25,30,10,17,10,15,31,69,80,78,76,25,20,45,Long Stride Default,84,96,71,80,54,65,27,10,15,20,12,26,17,78,47,18
m27-1,12785,Chuck,Clark,Chuck Clark,FS,Detroit Lions,Lions,31,72,210,Virginia Tech,9,36,19,4,1995,78,Run Support - S,Launch Ratings,1,,,,,,,,89,84,82,55,53,10,44,61,68,83,57,49,84,65,94,61,82,25,25,35,20,72,35,35,35,15,80,38,65,78,15,10,10,20,35,35,35,Default,62,87,48,93,46,67,76,10,10,15,15,30,11,92,52,74
m27-1,20692,Cody,Barton,Cody Barton,MIKE,Tennessee Titans,Titans,29,74,237,Utah,7,50,13,11,1996,78,Field General - MLB,Launch Ratings,1,,,,,,,,85,82,83,43,70,12,38,49,74,76,50,55,78,78,93,55,79,20,16,10,21,60,45,45,45,6,80,61,50,86,31,18,24,29,45,45,45,Default Stride Loose,50,85,47,92,50,78,85,6,6,6,6,22,15,88,39,72
m27-1,22858,Cody,Mauch,Cody Mauch,RG,Tampa Bay Buccaneers,Buccaneers,27,78,303,North Dakota St.,3,69,15,1,1999,78,Power - G,Launch Ratings,1,,,,,,,,77,73,80,44,44,53,39,55,50,62,49,34,51,86,91,41,72,15,15,10,84,10,76,82,80,35,44,51,10,51,49,33,37,42,75,79,77,Default Stride Awkward,48,70,35,85,47,87,45,41,43,45,43,46,41,95,41,11
m27-1,20952,Cole,Kmet,Cole Kmet,TE,Chicago Bears,Bears,27,78,257,Notre Dame,6,85,10,3,1999,78,Possession - TE,Launch Ratings,0,,,,,,,,84,73,78,71,56,15,60,73,88,71,84,51,48,69,95,61,86,15,24,15,57,27,58,61,61,35,38,42,27,58,73,64,69,71,63,61,63,Long Stride Default,84,85,53,93,70,76,48,34,37,39,36,49,35,90,75,33
m27-1,13195,Coleman,Shelton,Coleman Shelton,C,Los Angeles Rams,Rams,31,76,292,Washington,7,65,28,7,1995,78,Agile - C,Launch Ratings,1,,,,,,,,69,63,88,15,10,12,5,39,31,56,15,10,20,82,88,10,69,22,22,10,80,12,76,72,74,6,10,10,10,15,12,5,5,10,87,86,87,Long Stride Awkward,12,72,10,91,10,83,33,6,6,6,6,26,10,84,25,12
m27-1,20427,Daniel,Jones,Daniel Jones,QB,Indianapolis Colts,Colts,29,77,230,Duke,7,17,27,5,1997,78,Field General - QB,Launch Ratings,1,,,,,,,,87,82,79,89,22,73,71,56,38,74,26,10,14,24,82,71,80,50,60,10,23,13,15,18,15,85,19,10,10,31,11,12,13,14,12,17,15,Default Stride High and Tight,41,87,54,83,46,67,24,81,85,93,84,87,88,95,55,18
m27-1,20655,Darius,Slayton,Darius Slayton,WR,NY Giants,Giants,29,73,194,Auburn,7,18,12,1,1997,78,Deep Threat - WR,Launch Ratings,0,,,,,,,,91,84,85,85,28,18,73,72,81,87,80,19,21,39,87,79,92,13,17,72,21,23,10,10,27,6,24,15,10,35,80,81,77,78,9,13,39,Default Stride Loose,86,93,75,88,63,57,30,6,10,15,10,24,17,84,36,26
m27-1,17829,David,Onyemata,David Onyemata,DT,NY Jets,Jets,33,75,300,Manitoba,10,93,13,11,1992,78,Power Rusher - DT,Launch Ratings,1,,,,,,,,77,68,77,13,81,12,10,30,41,54,15,65,81,80,91,17,80,12,29,10,28,22,45,45,44,6,76,78,10,80,12,2,3,10,45,45,45,Default Stride Loose,25,72,11,76,29,89,87,6,6,6,6,13,17,85,26,33
m27-1,12719,Davon,Godchaux,Davon Godchaux,DT,New Orleans Saints,Saints,31,75,330,LSU,9,92,11,11,1994,78,Speed Rusher - DT,Launch Ratings,1,,,,,,,,63,57,78,37,78,12,12,27,35,49,24,71,76,84,89,34,73,11,12,10,32,22,45,45,45,6,80,58,10,78,12,3,6,14,45,45,45,Default Stride Awkward,20,70,20,82,44,93,92,6,6,6,6,15,14,86,40,31
m27-1,22263,Dax,Hill,Dax Hill,CB,Cincinnati Bengals,Bengals,25,72,195,Michigan,4,23,29,9,2000,78,Zone - CB,Launch Ratings,1,,,,,,,,94,95,74,65,52,21,55,63,71,92,60,53,78,56,93,73,88,15,18,40,15,76,35,35,35,6,73,40,72,75,30,27,30,33,35,35,35,Default,66,92,64,89,35,56,67,8,10,12,19,22,12,87,45,76
m27-1,22166,Devonte,Wyatt,Devonte Wyatt,DT,Green Bay Packers,Packers,28,75,304,Georgia,4,95,31,3,1998,78,Speed Rusher - DT,Launch Ratings,1,,Quick Jump,,,,,,87,69,84,31,78,12,25,39,41,60,38,80,83,89,91,23,72,21,26,12,32,24,45,45,45,5,81,72,15,81,22,19,24,27,45,45,45,Default,34,80,20,79,34,86,79,5,5,5,5,25,10,85,50,29
m27-1,14968,Dru,Phillips,Dru Phillips,CB,NY Giants,Giants,24,71,180,Kentucky,2,22,30,11,2001,78,Manto Man - CB,Launch Ratings,1,,,,,,,,91,90,78,62,57,26,63,55,59,88,51,40,66,52,89,72,95,27,26,60,21,77,15,14,26,14,80,33,77,76,32,21,29,34,24,25,30,Default Stride Loose,51,90,67,87,35,62,68,22,25,26,22,25,11,90,35,77
m27-1,12589,Evan,Engram,Evan Engram,TE,Denver Broncos,Broncos,31,75,240,Ole Miss,9,1,2,9,1994,78,Vertical Threat - TE,Launch Ratings,1,,,,,,,,87,86,74,85,32,14,76,74,82,79,80,28,28,69,88,79,89,16,22,59,50,24,55,61,62,18,26,20,22,37,72,63,68,74,59,62,62,Long Stride Loose,85,86,68,87,73,66,42,14,18,23,27,28,11,76,75,31
m27-1,16337,Francis,Mauigoa,Francis Mauigoa,RG,NY Giants,Giants,21,78,315,Miami,0,65,4,6,2005,78,Power - G,Launch Ratings,1,,,,,,,,72,59,78,14,32,12,14,23,23,61,15,40,46,86,87,10,72,12,10,10,81,13,76,84,82,6,24,41,10,45,15,5,5,18,77,79,79,Long Stride Awkward,15,68,10,88,12,91,45,6,6,6,6,17,12,88,24,15
m27-1,23028,Garrett,Williams,Garrett Williams,CB,Arizona Cardinals,Cardinals,25,70,192,Syracuse,3,21,1,6,2001,78,Zone - CB,Launch Ratings,1,,,,,,,,90,90,80,65,57,53,67,55,72,90,59,36,72,46,86,73,87,17,18,67,17,76,34,33,25,45,81,27,81,77,20,11,14,24,34,33,25,Default Stride Loose,66,88,68,87,35,63,64,44,48,52,51,51,35,84,35,81
m27-1,13115,Harrison,Phillips,Harrison Phillips,DT,NY Jets,Jets,30,75,307,Stanford,8,97,25,1,1996,78,Power Rusher - DT,Launch Ratings,1,,,,,,,,66,71,73,30,80,12,24,26,27,61,22,63,78,83,88,26,78,11,17,10,32,19,45,45,45,6,77,72,11,80,15,3,7,15,45,45,45,Long Stride Loose,18,69,19,83,34,93,88,6,6,6,6,26,15,91,38,27
m27-1,21903,Isaiah,McDuffie,Isaiah McDuffie,SAM,Green Bay Packers,Packers,27,73,227,Boston College,5,58,21,7,1999,78,Run Stopper - OLB,Launch Ratings,1,,,,,,,,88,75,76,73,74,22,54,74,60,69,41,52,79,71,87,68,79,12,14,10,29,70,45,45,45,6,76,48,42,87,35,24,29,33,45,45,45,Default Stride Loose,39,88,60,79,68,73,90,9,12,21,17,24,13,78,71,69
m27-1,10539,J.J.,Jansen,J.J. Jansen,LS,Carolina Panthers,Panthers,40,74,235,Notre Dame,19,44,20,1,1986,78,Power - LS,Launch Ratings,1,,,,,,,,70,66,71,20,42,10,20,62,60,59,51,10,50,69,93,13,42,21,15,10,53,14,40,50,56,6,25,10,10,60,40,35,40,45,42,50,54,Default,44,63,10,74,10,70,53,6,6,6,6,37,16,76,24,12
m27-1,14704,Jackson,Powers-Johnson,Jackson Powers-Johnson,RG,Las Vegas Raiders,Raiders,23,75,328,Oregon,2,58,23,1,2003,78,Power - G,Launch Ratings,1,,,,,,,,75,69,77,10,49,12,5,37,31,57,17,37,55,87,91,10,78,18,21,10,88,11,75,81,78,9,42,45,11,41,15,5,10,15,82,78,80,Default Stride Awkward,15,70,10,83,10,88,46,6,6,8,8,15,9,91,25,11
m27-1,20480,Jake,Bailey,Jake Bailey,P,Atlanta Falcons,Falcons,29,74,212,Stanford,7,16,18,6,1997,78,Power - KP,Launch Ratings,1,,,,,,,,83,65,66,22,23,17,10,40,39,55,15,10,12,10,83,16,80,86,91,10,7,10,10,10,9,20,26,10,10,24,15,15,15,15,10,10,7,Default Stride Awkward,15,81,10,81,15,43,29,17,23,26,23,44,14,43,12,27
m27-1,17688,Jarran,Reed,Jarran Reed,DT,Seattle Seahawks,Seahawks,33,75,315,Alabama,10,90,16,12,1992,78,Speed Rusher - DT,Launch Ratings,1,,,,,,,,66,61,87,18,78,12,10,33,30,53,14,77,78,86,92,16,76,17,17,9,34,18,45,44,44,6,84,66,13,81,15,3,5,13,45,46,45,Long Stride Loose,16,71,17,83,25,89,88,6,6,6,6,23,15,87,29,26
m27-1,14956,Jarrian,Jones,Jarrian Jones,CB,Jacksonville Jaguars,Jaguars,25,72,191,Florida State,2,4,8,5,2001,78,Manto Man - CB,Launch Ratings,1,,,,,,,,93,88,72,70,46,12,65,61,74,84,59,43,61,54,87,73,93,18,16,48,15,81,15,14,25,6,72,28,68,76,31,22,26,32,21,23,28,Default Stride Loose,65,93,68,85,36,43,72,8,9,16,8,32,12,80,27,78
m27-1,21272,Jaylinn,Hawkins,Jaylinn Hawkins,FS,Baltimore Ravens,Ravens,29,73,208,California,6,21,25,8,1997,78,Zone - S,Launch Ratings,1,,,,,,,,87,82,81,63,61,15,45,55,74,77,60,44,87,62,88,66,85,24,28,60,10,71,35,35,30,6,79,50,68,79,32,30,37,40,35,35,30,Default Stride Loose,72,87,61,91,51,63,73,6,6,6,6,27,12,81,48,80
m27-1,13356,John,Franklin-Myers,John Franklin-Myers,LEDG,Tennessee Titans,Titans,29,76,288,Stephen F. Austin,8,91,26,9,1996,78,Power Rusher - DE,Launch Ratings,1,,,,,,,,79,71,85,30,81,12,24,26,38,63,18,81,84,88,91,31,80,12,16,10,18,25,45,45,45,9,82,74,25,79,15,4,8,15,45,45,45,Long Stride Default,15,77,21,80,34,90,82,9,9,9,9,20,17,85,32,33
m27-1,21113,Jonah,Jackson,Jonah Jackson,RG,Chicago Bears,Bears,29,75,319,Ohio State,6,73,5,2,1997,78,Power - G,Launch Ratings,1,,,,,,,,64,56,90,10,29,12,5,31,29,46,15,22,20,85,93,10,66,12,14,10,84,12,75,80,78,6,31,35,10,30,15,5,5,15,83,79,81,Default Stride Awkward,15,68,10,94,10,86,37,6,6,6,6,11,10,88,25,13
m27-1,21269,Julian,Blackmon,Julian Blackmon,SS,New Orleans Saints,Saints,28,72,202,Utah,6,23,24,8,1998,78,Run Support - S,Launch Ratings,1,,,,,,,,88,88,82,66,52,11,51,52,75,84,60,37,75,52,82,74,87,15,22,30,11,70,35,35,25,6,81,29,67,78,30,26,31,44,35,35,25,Default Stride Loose,68,88,62,89,40,57,77,6,6,6,6,21,18,82,40,72
m27-1,22139,Kayvon,Thibodeaux,Kayvon Thibodeaux,REDG,NY Giants,Giants,25,77,258,Oregon,4,5,15,12,2000,78,Power Rusher - DE,Launch Ratings,1,,,,,,,,89,84,77,37,78,17,23,48,46,72,38,73,83,85,90,38,87,17,15,10,21,51,45,45,45,6,76,78,43,85,30,19,23,26,45,45,45,Long Stride Loose,40,88,31,84,36,81,80,6,6,10,6,22,13,85,34,58
m27-1,20723,Keisean,Nixon,Keisean Nixon,CB,Green Bay Packers,Packers,29,70,200,South Carolina,7,25,22,6,1997,78,Zone - CB,Launch Ratings,1,,,,,,,,91,80,81,72,55,10,52,59,72,77,55,45,64,50,86,70,79,14,16,84,18,75,35,35,35,6,80,36,75,78,30,12,20,30,35,35,35,Short Stride Loose,68,92,65,91,35,54,76,6,6,6,6,29,10,84,45,78
m27-1,16238,Keldric,Faulk,Keldric Faulk,LEDG,Tennessee Titans,Titans,21,78,276,Auburn,0,15,7,9,2004,78,Power Rusher - DE,Launch Ratings,1,,,,,,,,82,76,73,44,84,20,45,51,37,66,42,72,88,87,92,46,84,20,27,25,24,21,45,45,45,26,75,77,41,85,18,10,15,17,45,45,45,Long Stride Loose,42,83,42,80,45,84,85,10,18,20,18,35,25,89,41,25
m27-1,15035,Kyle,Monangai,Kyle Monangai,HB,Chicago Bears,Bears,24,68,207,Rutgers,1,25,6,6,2002,78,Power Back - HB,Launch Ratings,1,,,,,,,,88,81,78,85,33,32,83,96,68,78,48,30,35,41,93,82,83,22,30,72,43,22,39,44,49,28,26,28,21,38,46,37,46,53,30,32,43,Default Stride High and Tight,46,86,76,92,78,77,36,21,27,10,25,24,36,94,92,24
m27-1,22435,Luke,Wattenberg,Luke Wattenberg,C,Denver Broncos,Broncos,28,77,300,Washington,4,60,10,9,1997,78,Agile - C,Launch Ratings,1,,,,,,,,77,68,79,12,31,12,7,28,26,61,15,24,31,80,91,13,73,16,19,10,83,7,86,80,84,6,25,23,10,27,10,5,5,15,80,75,78,Long Stride Awkward,15,65,14,90,19,79,32,6,6,6,6,17,10,69,30,8
m27-1,1811,Malachi,Lawrence,Malachi Lawrence,LEDG,Dallas Cowboys,Cowboys,23,76,253,UCF,0,57,21,7,2003,78,Smaller Speed Rusher - DE,Launch Ratings,1,,,,,,,,91,82,73,47,79,20,44,51,37,74,41,79,86,82,90,41,92,20,27,29,39,36,45,45,45,15,74,75,43,83,19,10,15,17,45,45,45,Long Stride Loose,42,88,41,79,45,79,81,10,17,10,16,26,25,88,40,43
m27-1,15357,Malaki,Starks,Malaki Starks,FS,Baltimore Ravens,Ravens,22,73,203,Georgia,1,24,13,11,2003,78,Zone - S,Launch Ratings,1,,,,,,,,91,90,77,71,58,35,60,62,72,91,57,37,79,56,93,72,80,18,21,81,25,73,35,35,35,30,73,36,72,82,29,21,25,32,35,35,35,Default Stride Loose,62,89,64,93,49,63,76,26,29,33,33,40,32,91,49,76
m27-1,12527,Malik,Hooker,Malik Hooker,FS,Dallas Cowboys,Cowboys,30,74,212,Ohio State,9,24,2,4,1996,78,Zone - S,Launch Ratings,1,,,,,,,,88,85,83,73,51,13,48,68,81,82,59,38,82,59,84,69,89,19,20,48,14,66,33,34,13,15,81,34,61,73,22,11,16,26,33,34,18,Default,76,87,60,91,47,76,75,10,10,15,15,26,18,79,46,75
m27-1,20497,Marquise,Brown,Marquise Brown,WR,Philadelphia Eagles,Eagles,29,69,170,Oklahoma,7,0,4,6,1997,78,Deep Threat - WR,Launch Ratings,1,,,,,,,,92,94,73,86,19,17,72,72,86,90,80,10,12,33,86,86,85,16,19,78,19,17,10,10,23,6,16,10,12,22,76,78,77,76,11,10,38,Short Stride Default,83,94,76,89,52,44,18,15,20,30,15,42,14,86,25,27
m27-1,22767,Marvin,Mims Jr,Marvin Mims Jr,WR,Denver Broncos,Broncos,24,71,182,Oklahoma,3,19,19,3,2002,78,Deep Threat - WR,Launch Ratings,1,,,,,,,,94,88,79,86,24,20,75,75,87,88,82,10,16,39,91,76,92,12,17,88,19,10,10,10,28,10,16,10,10,28,68,81,80,80,20,13,45,Long Stride Loose,85,92,70,84,47,55,23,10,15,20,12,29,17,89,33,14
m27-1,15096,Matthew,Golden,Matthew Golden,WR,Green Bay Packers,Packers,23,71,191,Texas,1,0,1,8,2003,78,Deep Threat - WR,Launch Ratings,1,,,,,,,,97,92,75,82,35,25,73,74,84,91,79,28,30,47,89,82,85,24,30,83,33,31,15,22,24,26,32,24,24,36,75,81,77,79,23,21,51,Default,80,95,78,89,42,61,24,30,31,38,32,52,31,86,40,26
m27-1,15328,Maxwell,Hairston,Maxwell Hairston,CB,Buffalo Bills,Bills,23,71,192,Kentucky,1,31,6,8,2003,78,Manto Man - CB,Launch Ratings,1,,,,,,,,93,92,70,77,46,22,50,63,74,93,61,31,51,46,86,79,93,19,20,47,22,78,35,25,25,13,67,26,73,73,43,38,35,37,35,25,35,Default,68,96,69,83,34,59,61,21,15,15,22,20,23,86,27,78
m27-1,22402,Nakobe,Dean,Nakobe Dean,MIKE,Las Vegas Raiders,Raiders,25,71,231,Georgia,4,17,13,12,2000,78,Field General - MLB,Launch Ratings,1,,,,,,,,90,83,78,60,72,15,38,62,66,76,57,67,88,76,92,61,79,20,22,10,20,62,45,45,45,6,79,77,39,92,15,8,13,20,45,45,45,Short Stride Default,64,87,42,89,33,66,87,6,6,6,6,25,11,87,35,68
m27-1,22982,Nick,Herbig,Nick Herbig,REDG,Pittsburgh Steelers,Steelers,24,74,240,Wisconsin,3,51,21,11,2001,78,Power Rusher - DE,Launch Ratings,1,,Quick Jump,,,,,,90,77,81,45,75,17,30,42,43,76,35,77,81,67,92,50,82,17,20,10,35,48,35,35,35,7,78,84,37,83,21,11,16,22,40,40,40,Default Stride High and Tight,41,84,45,78,33,74,80,6,8,10,8,25,13,87,40,62
m27-1,16217,Olaivavega,Ioane,Olaivavega Ioane,LG,Baltimore Ravens,Ravens,22,76,320,Penn State,0,71,17,4,2004,78,Power - G,Launch Ratings,1,,,,,,,,70,66,78,14,35,14,10,25,28,57,16,42,37,86,89,10,77,26,24,10,83,12,76,79,79,6,24,44,10,34,13,5,5,14,77,83,80,Default Stride Awkward,24,62,10,86,19,89,44,6,6,6,6,15,11,87,24,14
m27-1,14917,Omar,Speights,Omar Speights,WILL,Los Angeles Rams,Rams,25,73,234,LSU,2,48,2,3,2001,78,Run Stopper - OLB,Launch Ratings,1,,,,,,,,91,81,76,68,71,34,63,50,50,78,46,50,83,72,88,63,77,12,24,11,35,69,23,21,35,15,79,48,57,86,21,5,5,15,20,21,35,Default Stride Loose,41,84,60,86,61,78,85,5,10,15,20,29,11,78,60,73
m27-1,22056,Rachaad,White,Rachaad White,HB,Washington Commanders,Commanders,27,72,214,Arizona St.,4,1,12,1,1999,78,Elusive Back - HB,Launch Ratings,1,,,,,,,,91,85,79,84,26,21,83,89,76,86,60,10,23,37,91,86,87,18,21,75,39,12,29,24,58,15,16,10,15,34,62,57,64,71,36,29,37,Default,59,89,76,83,75,74,30,10,15,20,18,26,14,85,76,17
m27-1,14733,Roger,Rosengarten,Roger Rosengarten,RT,Baltimore Ravens,Ravens,24,78,316,Washington,2,70,3,6,2002,78,Pass Protector - OT,Launch Ratings,1,,,,,,,,77,69,83,10,28,12,25,32,12,61,11,10,29,85,93,33,74,11,16,10,82,15,83,79,81,5,22,10,10,33,12,8,10,10,82,81,80,Long Stride Awkward,14,75,32,87,15,82,28,5,6,9,5,17,8,79,25,10
m27-1,13466,Sebastian,Joseph-Day,Sebastian Joseph-Day,DT,Pittsburgh Steelers,Steelers,31,76,310,Rutgers,8,69,21,3,1995,78,Power Rusher - DT,Launch Ratings,1,,,,,,,,77,67,77,20,82,12,16,24,21,59,20,57,76,84,89,24,77,6,8,10,23,20,45,45,45,6,80,75,10,79,15,3,7,15,45,45,45,Default Stride Awkward,19,73,17,79,26,86,87,6,6,6,6,10,14,88,20,26
m27-1,16185,Sonny,Styles,Sonny Styles,MIKE,Washington Commanders,Commanders,21,77,244,Ohio State,0,52,24,11,2004,78,Field General - MLB,Launch Ratings,1,,,,,,,,92,81,78,65,66,16,34,62,68,77,59,58,82,77,87,52,93,16,16,17,24,67,40,43,64,6,78,56,54,89,15,17,22,27,55,60,46,Long Stride Loose,65,90,38,90,41,74,84,6,6,6,6,24,10,86,45,72
m27-1,21175,Tommy,Townsend,Tommy Townsend,P,Tennessee Titans,Titans,29,73,191,Florida,6,3,12,11,1996,78,Power - KP,Launch Ratings,1,,,,,,,,83,64,64,10,32,19,12,40,20,56,15,10,12,14,82,10,58,83,95,10,14,16,11,11,11,20,28,10,10,23,15,15,15,15,14,14,14,Default Stride Awkward,15,81,10,88,10,43,35,33,41,49,20,58,16,58,10,24
m27-1,22806,Tre,Tucker,Tre Tucker,WR,Las Vegas Raiders,Raiders,25,69,185,Cincinnati,3,1,8,3,2001,78,Deep Threat - WR,Launch Ratings,1,,,,,,,,93,85,82,85,23,22,76,73,86,82,77,10,16,37,88,82,87,22,23,80,15,10,15,15,26,13,19,10,16,25,69,82,80,79,24,17,51,Short Stride Default,79,95,73,88,39,53,24,11,15,17,18,26,17,84,36,10
m27-1,22704,Trenton,Simpson,Trenton Simpson,WILL,Baltimore Ravens,Ravens,25,74,234,Clemson,3,32,14,6,2001,78,Run Stopper - OLB,Launch Ratings,1,,,,,,,,95,81,76,68,75,40,56,64,47,79,44,69,90,70,93,72,94,14,16,10,34,62,35,35,35,31,75,59,64,84,23,15,21,25,45,45,45,Default Stride Loose,51,91,64,85,57,77,83,27,31,36,37,35,24,87,55,66
m27-1,22922,Tuli,Tuipulotu,Tuli Tuipulotu,LEDG,Los Angeles Chargers,Chargers,23,75,266,USC,3,45,3,9,2002,78,Power Rusher - DE,Launch Ratings,1,,,,,,,,83,71,86,36,79,12,24,33,35,65,27,82,83,82,92,31,72,28,31,10,32,41,40,40,40,9,83,75,38,85,15,6,8,15,45,45,45,Default Stride High and Tight,32,77,21,81,39,88,78,6,7,9,6,20,17,90,40,53
m27-1,15363,Tyler,Loop,Tyler Loop,K,Baltimore Ravens,Ravens,25,71,191,Arizona,1,33,4,8,2001,78,Power - KP,Launch Ratings,1,,,,,,,,75,67,62,17,10,13,12,34,30,53,13,10,13,12,87,18,59,85,97,10,13,10,13,11,12,16,14,10,10,24,12,10,12,14,10,10,10,Default Stride Awkward,13,74,12,83,16,40,20,20,28,30,16,25,15,66,12,11
m27-1,15235,Walter,Nolen III,Walter Nolen III,DT,Arizona Cardinals,Cardinals,22,76,300,Ole Miss,1,97,14,10,2003,78,Power Rusher - DT,Launch Ratings,1,,Quick Jump,,,,,,88,81,75,35,80,19,27,43,41,71,31,68,79,82,90,32,81,18,23,29,22,18,45,45,45,14,73,78,21,80,14,12,16,20,45,45,45,Long Stride Loose,33,81,28,79,36,87,83,7,10,15,18,22,13,90,31,22
m27-1,12405,Wil,Lutz,Wil Lutz,K,Denver Broncos,Broncos,32,71,184,Georgia State,10,3,7,7,1994,78,Power - KP,Launch Ratings,1,,,,,,,,71,58,63,10,24,15,5,40,18,50,15,10,13,16,81,10,57,85,97,10,16,11,17,17,17,15,17,10,10,29,15,15,15,15,16,16,16,Default Stride Awkward,15,69,10,79,10,54,26,15,15,33,15,39,16,70,10,17
m27-1,22919,Will,McDonald IV,Will McDonald IV,LEDG,NY Jets,Jets,27,75,241,Iowa State,3,9,4,6,1999,78,Smaller Speed Rusher - DE,Launch Ratings,1,,,,,,,,87,88,77,45,72,33,33,49,48,80,45,83,87,70,91,50,86,32,35,25,44,38,45,45,45,15,72,74,52,82,35,28,30,35,45,45,45,Long Stride Loose,46,82,45,78,52,69,77,22,25,30,25,44,11,78,43,50
m27-1,21831,Will,Fries,Will Fries,RG,Minnesota Vikings,Vikings,28,78,321,Penn State,5,76,4,4,1998,78,Power - G,Launch Ratings,1,,,,,,,,67,58,82,10,29,12,5,29,23,64,10,21,41,86,91,10,76,22,21,10,85,12,76,80,78,6,28,36,10,42,12,5,5,10,84,80,82,Default Stride Awkward,12,58,10,84,10,87,38,6,6,6,6,25,5,86,15,11
m27-1,22115,Zion,Johnson,Zion Johnson,LG,Cleveland Browns,Browns,26,75,316,Boston College,4,77,18,11,1999,78,Power - G,Launch Ratings,1,,,,,,,,75,71,79,14,27,9,11,34,25,58,10,20,35,84,95,10,78,18,23,10,85,12,77,82,79,6,25,25,10,34,12,5,5,10,79,77,78,Default Stride Awkward,12,66,10,87,20,90,34,6,6,6,6,28,5,89,25,10
m27-1,17562,A'Shawn,Robinson,A'Shawn Robinson,DT,Tampa Bay Buccaneers,Buccaneers,31,75,320,Alabama,10,91,21,3,1995,77,Speed Rusher - DT,Launch Ratings,1,,,,,,,,67,57,84,21,78,12,13,39,42,51,34,63,82,89,89,23,66,17,17,9,36,18,45,44,44,6,87,76,13,79,15,3,5,13,45,46,45,Default Stride Awkward,37,64,17,81,25,85,89,6,6,6,6,23,17,90,33,26
m27-1,12828,Ahkello,Witherspoon,Ahkello Witherspoon,CB,Washington Commanders,Commanders,31,74,195,Colorado,9,24,21,3,1995,77,Manto Man - CB,Launch Ratings,1,,,,,,,,91,85,82,61,52,10,44,59,75,83,53,33,44,43,82,73,92,20,20,55,13,80,35,35,35,6,81,26,73,70,24,10,17,27,35,35,35,Default Stride Loose,63,89,66,88,31,56,41,6,6,6,6,35,11,69,25,76
m27-1,21003,Amik,Robertson,Amik Robertson,CB,Washington Commanders,Commanders,28,68,187,LA. Tech,6,2,6,7,1998,77,Zone - CB,Launch Ratings,1,,,,,,,,90,90,82,68,48,29,56,64,75,88,63,45,62,48,83,78,86,10,11,50,12,77,23,23,16,18,80,37,66,74,30,29,33,36,15,15,29,Short Stride Default,69,90,73,88,46,56,48,24,27,33,38,39,30,90,31,82
m27-1,21466,Andre,Cisco,Andre Cisco,FS,NY Jets,Jets,26,72,210,Syracuse,5,8,23,3,2000,77,Zone - S,Launch Ratings,1,,,,,,,,90,87,79,62,57,15,42,59,77,85,62,41,80,64,89,69,87,19,15,43,31,71,35,35,35,15,78,36,72,78,25,22,25,24,35,35,35,Default Stride Loose,68,91,61,92,40,65,66,10,10,15,15,28,12,84,34,75
m27-1,21139,Anfernee,Jennings,Anfernee Jennings,LEDG,New Orleans Saints,Saints,29,75,259,Alabama,6,54,1,5,1997,77,Power Rusher - DE,Launch Ratings,1,,,,,,,,85,74,77,46,83,20,28,63,63,65,58,62,79,89,84,49,84,11,22,10,25,54,45,45,45,5,73,73,56,85,29,24,29,37,45,45,45,Default,58,82,43,83,43,81,85,5,5,5,5,26,16,87,44,61
m27-1,22850,Anton,Harrison,Anton Harrison,RT,Jacksonville Jaguars,Jaguars,24,77,315,Oklahoma,3,77,2,2,2002,77,Pass Protector - OT,Launch Ratings,1,,,,,,,,79,62,83,14,38,12,15,27,32,53,26,26,42,78,91,18,71,13,19,10,75,14,84,81,83,6,26,33,12,33,18,7,13,21,79,74,77,Long Stride Awkward,22,73,14,87,26,82,29,6,6,6,6,21,13,78,21,11
m27-1,22147,Arnold,Ebiketie,Arnold Ebiketie,LEDG,Philadelphia Eagles,Eagles,27,75,256,Penn State,4,17,23,1,1999,77,Smaller Speed Rusher - DE,Launch Ratings,1,,,,,,,,86,84,74,21,75,12,14,45,45,74,32,78,79,82,92,21,87,16,15,10,14,33,45,45,45,6,72,69,27,83,30,13,16,24,45,45,45,Long Stride Default,34,83,16,81,25,76,85,6,6,6,6,23,12,91,24,43
m27-1,21704,Benjamin,St-Juste,Benjamin St-Juste,CB,Green Bay Packers,Packers,28,75,200,Minnesota,5,21,8,9,1997,77,Zone - CB,Launch Ratings,1,,,,,,,,90,91,77,59,51,10,45,56,63,89,53,33,56,45,87,69,83,13,18,35,18,73,35,35,35,6,76,29,84,72,22,10,17,21,35,35,35,Long Stride Loose,65,90,63,88,42,60,66,6,6,6,6,21,11,74,35,79
m27-1,2604,Bradley,Pinion,Bradley Pinion,P,Miami Dolphins,Dolphins,32,77,265,Clemson,11,48,1,6,1994,77,Power - KP,Launch Ratings,1,,,,,,,,63,56,67,15,19,16,9,40,39,47,15,10,15,22,92,10,70,80,90,10,16,15,13,15,25,25,20,10,10,35,15,15,15,15,16,16,29,Default Stride Awkward,15,70,10,85,10,53,29,32,42,51,24,52,30,55,15,15
m27-1,21069,Brandon,Aiyuk,Brandon Aiyuk,WR,San Francisco 49ers,49ers,28,72,200,Arizona St.,6,11,17,3,1998,77,Deep Threat - WR,Launch Ratings,1,,,,,,,,91,89,69,89,50,28,80,72,90,88,86,34,50,45,87,85,93,13,19,79,29,48,14,19,36,10,38,29,43,58,82,76,75,76,29,25,45,Default Stride Loose,87,90,82,81,69,65,49,15,20,25,24,33,23,87,62,53
m27-1,22842,Brenton,Strange,Brenton Strange,TE,Jacksonville Jaguars,Jaguars,25,75,253,Penn State,3,85,27,12,2000,77,Possession - TE,Launch Ratings,0,,,,,,,,87,75,76,77,54,14,68,74,85,69,80,44,55,69,89,58,84,16,22,15,55,42,61,65,64,18,41,37,40,64,67,58,64,72,63,69,69,Long Stride Default,78,83,48,88,72,77,53,14,18,23,15,28,11,89,71,48
m27-1,22273,Cam,Jurgens,Cam Jurgens,C,Philadelphia Eagles,Eagles,27,75,303,Nebraska,4,51,21,8,1999,77,Agile - C,Launch Ratings,1,,,,,,,,78,74,87,44,25,10,35,45,47,60,43,18,32,78,85,42,81,15,19,10,87,10,79,75,77,6,15,20,12,35,42,32,36,39,80,76,79,Default Stride Awkward,40,74,38,84,45,83,26,6,6,6,6,20,10,80,39,10
m27-1,16186,Carnell,Tate,Carnell Tate,WR,Tennessee Titans,Titans,21,74,192,Ohio State,0,14,19,1,2005,77,Deep Threat - WR,Launch Ratings,1,,,,,,,,90,89,80,83,22,28,75,74,85,87,83,18,21,46,88,80,89,25,29,55,28,24,20,23,23,26,22,15,17,24,78,78,80,78,38,35,47,Default,83,91,74,87,64,68,25,15,20,25,23,31,27,86,53,23
m27-1,23077,Carrington,Valentine,Carrington Valentine,CB,Green Bay Packers,Packers,24,72,189,Kentucky,3,24,9,9,2001,77,Manto Man - CB,Launch Ratings,1,,,,,,,,94,88,77,63,38,21,56,55,61,89,49,35,55,38,92,75,92,15,17,59,15,76,25,25,25,13,75,30,74,68,40,10,11,21,35,35,35,Long Stride Loose,61,91,65,87,44,49,53,13,16,23,15,27,11,76,32,77
m27-1,16253,Cashius,Howell,Cashius Howell,LEDG,Cincinnati Bengals,Bengals,23,74,253,Texas AM,0,55,16,4,2003,77,Smaller Speed Rusher - DE,Launch Ratings,1,,,,,,,,91,86,72,52,72,20,47,52,46,76,39,80,79,75,89,47,80,20,24,28,28,47,45,45,45,16,70,68,39,78,18,10,15,17,45,45,45,Long Stride Default,39,86,47,81,47,76,79,12,18,21,17,13,28,83,43,53
m27-1,4772,Charlie,Smyth,Charlie Smyth,K,New Orleans Saints,Saints,25,76,210,No College,1,39,26,6,2001,77,Power - KP,Launch Ratings,1,,,,,,,,71,59,62,13,12,14,10,26,25,51,10,10,12,10,86,18,50,86,96,10,10,15,10,10,10,15,17,10,10,12,12,10,10,10,10,10,13,Default Stride Awkward,12,72,15,82,16,52,15,24,25,33,17,27,16,63,17,15
m27-1,22211,Coby,Bryant,Coby Bryant,FS,Chicago Bears,Bears,27,73,193,Cincinnati,4,2,29,3,1999,77,Zone - S,Launch Ratings,1,,,,,,,,90,83,79,65,52,14,49,62,75,83,64,25,63,43,91,74,80,19,21,55,15,70,34,33,10,6,81,20,79,77,19,12,16,24,34,33,15,Default,70,90,66,90,33,63,65,6,6,6,15,27,11,83,29,79
m27-1,12824,D.J.,Jones,D.J. Jones,DT,Denver Broncos,Broncos,31,72,305,Ole Miss,9,93,19,1,1995,77,Power Rusher - DT,Launch Ratings,1,,,,,,,,72,72,85,29,81,12,19,31,38,58,24,63,78,89,90,25,71,19,23,9,36,20,45,44,45,6,84,78,18,78,14,5,9,17,45,46,45,Long Stride Loose,20,72,17,79,32,88,79,6,6,6,6,24,10,89,43,27
m27-1,14894,Dallas,Turner,Dallas Turner,LEDG,Minnesota Vikings,Vikings,23,75,247,Alabama,2,15,2,2,2003,77,Smaller Speed Rusher - DE,Launch Ratings,1,,Quick Jump,,,,,,92,84,67,32,75,12,29,35,45,69,10,77,78,81,91,36,94,15,14,10,21,49,45,45,45,6,66,77,29,83,18,4,8,15,45,45,45,Default Stride Loose,15,90,30,84,25,76,83,6,6,6,6,18,13,85,35,54
m27-1,23001,Dee,Winters,Dee Winters,WILL,Dallas Cowboys,Cowboys,25,71,227,TCU,3,53,17,10,2000,77,Pass Coverage - OLB,Launch Ratings,1,,,,,,,,93,81,77,73,64,15,57,62,65,71,63,56,87,62,85,71,77,11,11,55,31,72,35,35,35,15,76,42,54,85,40,45,48,52,35,35,35,Short Stride Loose,62,89,65,88,41,66,85,10,10,15,15,30,10,73,47,71
m27-1,22797,DeMario,Douglas,DeMario Douglas,WR,New England Patriots,Patriots,25,68,192,Liberty,3,3,8,12,2000,77,Slot - WR,Launch Ratings,1,,,,,,,,93,88,79,86,32,17,73,74,91,90,79,10,32,37,89,83,89,18,21,77,20,32,25,19,30,6,32,10,34,48,72,76,77,78,24,17,49,Short Stride Default,82,91,76,83,56,57,41,10,15,24,10,25,15,87,51,41
m27-1,22997,DeMarvion,Overshown,DeMarvion Overshown,WILL,Dallas Cowboys,Cowboys,26,74,220,Texas,3,0,13,8,2000,77,Pass Coverage - OLB,Launch Ratings,1,,,,,,,,92,78,82,65,71,18,51,59,66,72,63,67,90,67,86,66,87,16,18,10,40,69,35,35,35,6,79,52,65,89,34,27,33,38,40,40,40,Default Stride Loose,66,88,60,88,52,64,82,6,6,6,6,22,15,82,45,67
m27-1,22974,Derick,Hall,Derick Hall,REDG,Seattle Seahawks,Seahawks,25,75,260,Auburn,3,58,19,3,2001,77,Power Rusher - DE,Launch Ratings,1,,,,,,,,92,76,77,52,74,22,34,49,52,78,45,71,80,81,92,48,81,12,14,29,25,47,40,40,40,14,73,81,42,82,44,35,37,42,45,45,45,Default Stride Loose,47,87,45,84,45,76,80,15,21,26,23,30,12,87,44,56
m27-1,15239,Derrick,Harmon,Derrick Harmon,DT,Pittsburgh Steelers,Steelers,23,77,313,Oregon,1,99,3,8,2003,77,Power Rusher - DT,Launch Ratings,1,,,,,,,,76,76,79,29,80,18,27,35,27,66,18,68,81,87,94,25,77,18,33,25,25,14,45,45,45,15,80,79,16,78,20,10,13,16,45,45,45,Long Stride Awkward,18,74,24,85,38,93,74,7,10,15,21,27,12,95,41,18
m27-1,16174,Derrick,Moore,Derrick Moore,REDG,Detroit Lions,Lions,23,76,255,Michigan,0,9,6,12,2002,77,Power Rusher - DE,Launch Ratings,1,,,,,,,,88,78,73,40,80,20,43,51,33,67,31,69,86,83,88,31,81,20,26,28,43,42,45,45,45,25,76,78,30,84,16,10,15,17,45,45,45,Long Stride Loose,31,82,31,79,44,85,82,13,20,14,10,16,15,88,36,49
m27-1,10193,Dillon,Thieneman,Dillon Thieneman,SS,Chicago Bears,Bears,22,72,201,Oregon,0,31,8,8,2004,77,Hybrid - S,Launch Ratings,1,,,,,,,,93,88,78,64,53,17,61,63,68,82,66,45,79,59,89,67,94,24,22,50,27,71,35,35,35,6,76,40,67,77,35,34,41,44,35,35,35,Default Stride Loose,60,92,57,91,45,64,72,6,6,6,6,21,12,92,60,72
m27-1,20553,Dre'Mont,Jones,Dre'Mont Jones,LEDG,New England Patriots,Patriots,29,75,265,Ohio State,7,5,5,1,1997,77,Power Rusher - DE,Launch Ratings,1,,,,,,,,81,75,81,45,75,12,35,50,51,63,39,77,81,87,89,37,77,10,18,10,17,34,45,45,45,6,80,67,25,83,26,17,21,24,45,45,45,Long Stride Loose,37,82,34,83,42,82,88,6,6,6,6,24,12,82,34,48
m27-1,22118,Ed,Ingram,Ed Ingram,RG,Houston Texans,Texans,27,75,307,LSU,4,69,11,2,1999,77,Power - G,Launch Ratings,1,,,,,,,,81,54,77,20,24,12,15,25,22,50,14,20,37,83,91,12,55,14,15,10,84,10,71,77,74,6,21,20,10,25,12,5,10,15,81,85,83,Default Stride Awkward,15,71,10,85,36,87,30,6,6,6,6,15,15,86,26,10
m27-1,13428,Eddy,Pineiro,Eddy Pineiro,K,San Francisco 49ers,49ers,30,71,190,Florida,8,18,13,9,1995,77,Power - KP,Launch Ratings,1,,,,,,,,77,59,64,10,24,15,5,20,18,51,15,10,13,16,85,10,47,87,93,10,16,11,17,17,17,15,17,10,10,29,15,15,15,15,16,16,16,Default Stride Awkward,15,75,10,80,10,42,26,12,15,32,15,26,16,83,10,17
m27-1,15099,Elic,Ayomanor,Elic Ayomanor,WR,Tennessee Titans,Titans,23,74,206,Stanford,1,5,3,6,2003,77,Deep Threat - WR,Launch Ratings,1,,,,,,,,92,84,79,78,39,31,73,74,83,82,84,35,42,52,84,71,91,16,31,73,36,28,18,24,23,28,34,30,25,43,78,80,79,78,29,27,52,Long Stride Default,84,91,67,84,56,68,27,10,19,27,21,13,24,80,49,32
m27-1,12885,Eric,Wilson,Eric Wilson,WILL,Minnesota Vikings,Vikings,31,73,230,Cincinnati,9,55,26,9,1994,77,Run Stopper - OLB,Launch Ratings,1,,,,,,,,89,82,80,54,72,12,37,50,64,74,56,68,78,70,93,65,91,19,26,35,16,59,45,45,45,6,81,62,49,83,15,7,13,23,45,45,45,Default Stride Loose,50,88,55,87,38,77,85,6,6,6,6,24,10,85,41,66
m27-1,21705,Eric,Stokes,Eric Stokes,CB,Las Vegas Raiders,Raiders,27,72,194,Georgia,5,5,1,3,1999,77,Manto Man - CB,Launch Ratings,1,,,,,,,,94,83,72,71,44,10,49,58,68,82,58,32,48,38,85,79,91,10,15,48,18,77,35,35,25,9,71,27,80,68,36,34,36,38,35,35,35,Default Stride Loose,62,95,69,90,38,58,57,10,12,18,14,29,12,78,38,78
m27-1,1334,Hogan,Hatten,Hogan Hatten,LS,Detroit Lions,Lions,26,73,238,Idaho,2,49,6,8,2000,77,Accurate - LS,Launch Ratings,1,,,,,,,,83,79,57,52,65,18,25,54,59,70,46,48,79,72,92,55,84,20,17,35,56,48,43,50,47,6,43,58,53,70,24,29,35,39,35,40,45,Long Stride Loose,45,78,42,79,44,68,75,6,6,6,6,29,10,88,45,55
m27-1,22363,Jalen,Nailor,Jalen Nailor,WR,Las Vegas Raiders,Raiders,27,72,190,Michigan St.,4,9,2,3,1999,77,Deep Threat - WR,Launch Ratings,1,,,,,,,,93,86,79,79,34,15,69,70,87,84,83,10,30,44,84,75,83,15,20,78,28,22,24,27,29,6,26,10,23,42,75,79,78,77,25,30,46,Short Stride Default,82,90,69,79,42,58,34,6,10,15,10,26,13,75,28,31
m27-1,21021,James,Pierre,James Pierre,CB,Minnesota Vikings,Vikings,29,74,185,FAU,6,23,16,9,1996,77,Zone - CB,Launch Ratings,1,,,,,,,,90,83,73,65,47,13,53,56,71,82,57,37,68,43,92,75,81,15,11,76,13,80,35,35,26,6,73,29,71,73,49,35,42,52,35,35,34,Default Stride Loose,65,94,63,87,32,60,64,6,6,6,6,27,10,80,25,83
m27-1,13478,Jason,Sanders,Jason Sanders,K,NY Jets,Jets,30,71,190,New Mexico,8,19,16,11,1995,77,Power - KP,Launch Ratings,1,,,,,,,,77,57,65,12,19,15,5,28,46,50,15,10,16,16,83,13,31,83,93,10,15,11,17,17,17,15,17,10,10,23,14,12,14,22,16,16,17,Default Stride Awkward,15,76,11,81,10,37,27,15,20,32,15,26,16,53,10,17
m27-1,14796,Jaxson,Dart,Jaxson Dart,QB,NY Giants,Giants,23,74,221,Ole Miss,1,6,13,5,2003,77,Improviser - QB,Launch Ratings,1,,,,,,,,88,82,77,90,15,84,80,64,44,82,25,18,24,26,92,79,74,30,27,30,26,8,30,32,25,85,28,16,9,19,25,20,20,23,30,31,30,Default Stride Loose,21,84,67,90,48,63,25,79,86,89,85,88,81,93,57,9
m27-1,15057,Jayden,Higgins,Jayden Higgins,WR,Houston Texans,Texans,23,76,214,Iowa State,1,81,15,12,2002,77,Slot - WR,Launch Ratings,1,,,,,,,,92,83,79,82,40,29,75,77,90,81,84,33,30,46,90,80,93,16,26,80,32,26,15,22,24,22,28,30,21,44,77,75,79,79,31,27,49,Long Stride Default,84,89,75,91,64,67,22,18,12,9,7,33,26,90,56,29
m27-1,22141,Jermaine,Johnson II,Jermaine Johnson II,REDG,Tennessee Titans,Titans,27,77,254,Florida State,4,11,7,1,1999,77,Power Rusher - DE,Launch Ratings,1,,,,,,,,88,81,75,40,78,12,28,44,48,70,28,72,84,87,93,43,81,15,17,10,18,32,45,44,45,6,77,77,26,85,23,9,12,19,45,46,45,Long Stride Default,27,85,37,79,43,82,81,6,6,6,6,21,10,90,42,43
m27-1,11695,Johnny,Hekker,Johnny Hekker,P,Minnesota Vikings,Vikings,36,77,225,Oregon State,14,5,8,2,1990,77,Power - KP,Launch Ratings,1,,,,,,,,67,60,63,15,17,27,15,40,39,50,18,10,21,22,94,10,72,84,92,10,16,15,13,15,25,29,20,10,10,35,15,15,15,15,16,16,29,Default Stride Awkward,43,74,10,84,10,55,25,43,53,63,41,67,38,68,15,15
m27-1,15337,Jonas,Sanker,Jonas Sanker,SS,New Orleans Saints,Saints,23,73,206,Virginia,1,33,23,11,2002,77,Zone - S,Launch Ratings,1,,,,,,,,89,82,80,69,56,28,59,61,69,87,56,34,81,59,89,70,87,17,20,82,25,72,35,35,35,19,77,39,65,79,28,20,24,31,35,35,35,Default Stride Loose,61,90,62,91,49,58,68,17,20,25,25,31,22,89,48,77
m27-1,22212,Josh,Jobe,Josh Jobe,CB,Seattle Seahawks,Seahawks,28,71,190,Alabama,4,29,9,4,1998,77,Zone - CB,Launch Ratings,1,,,,,,,,89,80,83,62,50,13,49,58,58,79,53,37,66,53,88,71,84,14,21,40,22,76,31,31,31,6,82,29,75,74,25,11,14,21,35,35,35,Long Stride Default,57,89,65,86,32,63,73,6,6,6,15,29,10,85,33,79
m27-1,20490,Justice,Hill,Justice Hill,HB,Baltimore Ravens,Ravens,28,70,200,Oklahoma St.,7,43,14,11,1997,77,Elusive Back - HB,Launch Ratings,1,,,,,,,,90,87,80,81,21,22,75,88,77,85,55,10,15,39,81,84,91,10,14,83,32,12,28,32,51,10,16,10,12,28,54,52,60,68,17,14,30,Default,53,90,81,82,75,67,25,13,17,20,15,24,13,77,66,15
m27-1,16192,Kadyn,Proctor,Kadyn Proctor,LG,Miami Dolphins,Dolphins,21,79,352,Alabama,0,74,4,6,2005,77,Power - G,Launch Ratings,1,,,,,,,,66,59,76,15,24,12,15,24,23,53,14,10,45,83,85,10,79,12,10,10,84,15,74,82,77,6,23,10,10,22,15,5,5,15,75,81,78,Long Stride Awkward,14,65,10,83,13,90,26,6,6,6,6,15,12,89,25,12
m27-1,15161,Kelvin,Banks Jr,Kelvin Banks Jr,LT,New Orleans Saints,Saints,22,77,315,Texas,1,71,10,3,2004,77,Power - OT,Launch Ratings,1,,,,,,,,72,58,76,11,23,15,11,30,25,59,13,10,38,83,89,18,78,11,14,10,83,13,84,82,83,15,34,33,11,24,18,5,5,14,83,81,81,Default Stride Awkward,12,67,16,88,12,86,30,17,18,20,14,14,12,90,30,14
m27-1,12998,Kendrick,Bourne,Kendrick Bourne,WR,Arizona Cardinals,Cardinals,31,73,203,Eastern Wash.,9,17,4,8,1995,77,Slot - WR,Launch Ratings,1,,,,,,,,90,87,84,84,22,22,76,74,83,84,84,11,15,42,89,82,88,22,23,67,22,16,19,21,48,15,21,11,16,32,80,77,78,79,13,20,56,Default,84,87,76,84,46,65,27,27,31,34,35,44,30,82,42,24
m27-1,14637,Kimani,Vidal,Kimani Vidal,HB,Los Angeles Chargers,Chargers,25,68,213,Troy,2,28,28,8,2001,77,Elusive Back - HB,Launch Ratings,1,,,,,,,,90,86,81,83,29,20,80,88,68,85,51,10,31,29,90,83,87,16,20,72,27,12,34,38,53,15,17,10,15,35,57,56,60,66,22,16,27,Default Stride Loose,55,90,77,91,73,70,33,10,15,20,15,28,12,85,77,18
m27-1,21259,Kristian,Fulton,Kristian Fulton,CB,Kansas City Chiefs,Chiefs,27,71,197,LSU,6,8,3,9,1998,77,Zone - CB,Launch Ratings,1,,,,,,,,89,85,84,58,52,15,49,56,61,86,49,36,52,55,87,71,85,11,10,42,11,77,35,35,35,6,83,31,75,74,37,16,24,32,35,35,25,Default Stride Loose,60,91,65,89,29,59,48,6,6,6,6,24,10,83,26,82
m27-1,21884,Kwity,Paye,Kwity Paye,REDG,Las Vegas Raiders,Raiders,27,74,261,Michigan,5,95,19,11,1998,77,Power Rusher - DE,Launch Ratings,1,,,,,,,,84,87,72,53,80,12,38,57,46,73,22,61,82,91,89,45,85,18,20,10,26,25,45,45,45,6,72,75,29,83,28,20,23,29,45,45,45,Long Stride Loose,25,84,41,84,48,86,85,6,6,6,6,25,10,84,53,36
m27-1,21161,Kyle,Dugger,Kyle Dugger,SS,Cincinnati Bengals,Bengals,30,74,220,Lenoir-Rhyne University,6,29,22,3,1996,77,Run Support - S,Launch Ratings,1,,,,,,,,87,86,78,75,72,11,60,70,75,82,56,53,88,82,87,78,92,13,18,82,16,69,35,35,35,10,75,48,75,83,26,29,32,40,35,35,35,Default Stride Loose,64,88,67,90,50,77,71,6,6,10,10,25,15,84,49,73
m27-1,17738,Maliek,Collins,Maliek Collins,DT,Cleveland Browns,Browns,31,74,310,Nebraska,10,96,8,4,1995,77,Speed Rusher - DT,Launch Ratings,1,,,,,,,,70,66,90,22,75,12,12,31,31,60,17,84,80,86,87,16,75,17,17,9,34,18,45,44,44,6,87,73,13,79,15,3,5,13,45,46,45,Default Stride Awkward,19,70,17,81,25,84,82,6,6,6,6,23,16,88,29,26
m27-1,1083,Mason,McCormick,Mason McCormick,LG,Pittsburgh Steelers,Steelers,26,77,315,S. Dakota St.,2,66,25,5,2000,77,Power - G,Launch Ratings,1,,,,,,,,79,61,74,24,35,12,10,20,26,61,15,20,35,84,91,30,85,19,19,10,79,10,77,82,80,8,24,30,10,32,11,5,7,10,79,81,80,Default Stride Awkward,15,70,25,90,36,90,37,6,7,9,6,28,12,87,33,10
m27-1,21231,Mike,Danna,Mike Danna,LEDG,Buffalo Bills,Bills,28,74,257,Michigan,6,51,1,12,1997,77,Power Rusher - DE,Launch Ratings,1,,,,,,,,83,74,78,47,78,12,27,31,31,62,16,65,78,87,91,31,71,13,17,6,14,16,45,45,45,6,80,74,16,82,15,5,5,10,45,45,45,Long Stride Default,18,80,32,80,43,82,87,6,6,6,6,26,10,86,37,25
m27-1,13192,Mike,Gesicki,Mike Gesicki,TE,Cincinnati Bengals,Bengals,30,78,245,Penn State,8,88,3,10,1995,77,Vertical Threat - TE,Launch Ratings,1,,,,,,,,87,86,70,79,32,13,70,79,88,74,82,10,38,66,89,78,94,14,18,15,58,10,55,51,57,6,20,10,17,37,74,64,66,70,58,55,58,Long Stride Loose,88,84,70,89,76,76,30,6,10,15,10,50,15,82,76,15
m27-1,14947,Mike,Sainristil,Mike Sainristil,CB,Washington Commanders,Commanders,25,70,182,Michigan,2,0,3,10,2000,77,Manto Man - CB,Launch Ratings,1,,,,,,,,94,94,72,74,47,21,71,64,78,94,70,42,65,38,92,77,93,17,18,63,15,74,21,22,33,12,74,32,67,80,42,57,52,55,21,23,34,Short Stride Loose,74,90,71,89,33,51,67,14,16,20,22,27,13,93,32,75
m27-1,15199,Mykel,Williams,Mykel Williams,REDG,San Francisco 49ers,49ers,22,77,267,Georgia,1,98,29,6,2004,77,Power Rusher - DE,Launch Ratings,1,,,,,,,,89,82,76,34,80,18,31,43,41,71,15,71,83,88,86,39,79,21,23,30,52,18,51,53,52,25,76,77,27,83,22,10,15,20,49,52,50,Long Stride Loose,15,81,35,82,38,86,81,7,18,11,21,8,21,84,35,26
m27-1,21508,Osa,Odighizuwa,Osa Odighizuwa,DT,San Francisco 49ers,49ers,28,74,294,UCLA,5,92,13,8,1998,77,Power Rusher - DT,Launch Ratings,1,,,,,,,,81,67,79,21,76,12,24,29,26,61,14,73,78,86,92,25,77,18,20,10,21,19,45,45,45,6,77,80,17,82,13,3,6,10,45,45,45,Long Stride Loose,20,76,22,84,32,85,87,6,6,6,6,12,13,89,27,26
m27-1,23053,Quan,Martin,Quan Martin,FS,Washington Commanders,Commanders,26,72,195,Illinois,3,20,17,4,2000,77,Hybrid - S,Launch Ratings,1,,,,,,,,97,87,76,72,53,14,67,62,75,85,61,43,78,50,90,76,97,20,20,62,23,75,35,35,35,6,73,37,68,68,18,12,14,24,35,35,35,Default Stride Loose,65,90,70,89,46,61,71,6,7,8,6,25,18,80,40,72
m27-1,16374,R Mason,Thomas,R Mason Thomas,LEDG,Kansas City Chiefs,Chiefs,22,74,241,Oklahoma,0,51,25,8,2004,77,Smaller Speed Rusher - DE,Launch Ratings,1,,,,,,,,87,87,72,30,77,20,32,49,58,73,42,79,82,81,82,37,83,20,27,29,45,37,45,45,45,12,73,72,37,82,16,10,15,17,45,45,45,Long Stride Loose,42,83,36,81,33,80,81,10,24,27,25,10,15,86,30,47
m27-1,21584,Rashod,Bateman,Rashod Bateman,WR,Baltimore Ravens,Ravens,26,73,197,Minnesota,5,7,29,11,1999,77,Deep Threat - WR,Launch Ratings,1,,,,,,,,91,88,75,83,29,22,77,74,82,85,83,10,25,46,84,80,89,20,22,50,23,12,24,21,36,15,17,10,17,34,83,80,78,79,31,27,44,Long Stride Default,85,90,71,87,60,60,29,10,10,15,10,28,18,90,48,16
m27-1,14985,Renardo,Green,Renardo Green,CB,San Francisco 49ers,49ers,25,72,186,Florida State,2,0,9,11,2000,77,Manto Man - CB,Launch Ratings,1,,,,,,,,92,88,73,65,42,35,62,57,59,85,50,37,58,48,92,71,89,18,21,50,16,79,21,20,30,18,73,32,82,74,33,21,30,34,24,21,35,Default Stride Loose,60,90,67,85,40,59,68,21,22,25,34,25,21,85,35,76
m27-1,21632,Rhamondre,Stevenson,Rhamondre Stevenson,HB,New England Patriots,Patriots,28,72,230,Oklahoma,5,38,23,2,1998,77,Power Back - HB,Launch Ratings,1,,,,,,,,87,82,82,85,33,21,86,83,72,83,47,10,32,53,89,86,79,18,20,45,55,10,32,36,62,17,18,10,18,39,48,42,55,65,38,43,55,Default Stride High and Tight,52,88,79,86,87,79,41,15,20,25,19,32,15,86,87,16
m27-1,22218,Riley,Moss,Riley Moss,CB,Denver Broncos,Broncos,26,72,193,Iowa,3,21,3,3,2000,77,Zone - CB,Launch Ratings,1,,,,,,,,95,95,75,82,46,24,67,68,74,89,69,34,63,44,94,77,92,23,22,77,18,74,35,35,25,16,71,24,70,73,25,11,14,21,35,35,35,Default Stride Loose,68,91,70,96,41,53,66,12,15,21,25,31,10,79,49,78
m27-1,20608,Sean,Murphy-Bunting,Sean Murphy-Bunting,CB,Arizona Cardinals,Cardinals,29,72,195,Central Michigan,7,23,19,6,1997,77,Manto Man - CB,Launch Ratings,1,,,,,,,,91,87,82,72,59,10,62,63,76,87,63,37,62,57,88,74,94,26,26,60,18,78,35,35,25,6,80,28,74,75,40,28,34,42,35,35,25,Long Stride Default,72,90,69,90,38,59,47,6,6,6,6,29,10,83,37,75
m27-1,2099,Shelby,Harris,Shelby Harris,DT,NY Giants,Giants,35,74,290,Illinois St.,12,93,11,8,1991,77,Speed Rusher - DT,Launch Ratings,1,,,,,,,,75,65,78,25,79,12,10,46,42,57,10,75,78,87,90,10,78,21,19,10,15,20,45,45,45,6,80,63,10,80,12,2,3,10,45,45,45,Default Stride Awkward,12,74,10,77,35,85,87,6,6,6,6,24,12,75,32,25
m27-1,16266,T.J.,Parker,T.J. Parker,REDG,Buffalo Bills,Bills,21,76,263,Clemson,0,99,19,9,2004,77,Power Rusher - DE,Launch Ratings,1,,,,,,,,87,83,69,35,82,20,34,50,37,73,38,71,87,85,94,40,83,20,26,29,45,34,45,45,45,12,71,79,36,84,18,10,15,17,45,45,45,Long Stride Loose,40,83,36,84,40,82,86,10,18,13,11,12,15,91,37,41
m27-1,14696,Taliese,Fuaga,Taliese Fuaga,RT,New Orleans Saints,Saints,24,78,324,Oregon State,2,75,5,4,2002,77,Power - OT,Launch Ratings,1,,,,,,,,73,63,74,15,42,15,24,33,22,50,18,10,46,88,92,13,78,31,34,10,85,9,66,78,73,6,15,35,10,15,12,5,8,12,80,83,82,Long Stride Awkward,21,68,12,87,44,93,39,6,7,9,7,14,5,94,44,9
m27-1,22733,Tank,Bigsby,Tank Bigsby,HB,Philadelphia Eagles,Eagles,24,72,213,Auburn,3,8,30,8,2002,77,Elusive Back - HB,Launch Ratings,1,,,,,,,,92,84,78,85,31,28,84,88,62,86,51,10,27,36,92,84,81,15,17,76,31,11,26,32,54,15,14,10,15,39,51,40,48,56,25,18,34,Default,53,92,72,86,78,75,32,12,16,20,17,27,14,88,85,16
m27-1,21435,Teair,Tart,Teair Tart,DT,Los Angeles Chargers,Chargers,29,74,315,FIU,6,93,28,2,1997,77,Speed Rusher - DT,Launch Ratings,1,,,,,,,,76,64,81,10,78,12,10,40,34,50,15,71,80,84,86,10,72,13,17,15,29,12,45,45,45,6,82,77,10,78,12,5,7,12,45,45,45,Default Stride Awkward,17,70,10,76,27,88,84,6,6,6,6,29,16,88,34,23
m27-1,21537,Teven,Jenkins,Teven Jenkins,RG,Cleveland Browns,Browns,28,78,321,Oklahoma St.,5,78,3,3,1998,77,Power - G,Launch Ratings,1,,,,,,,,72,60,67,20,22,12,8,23,19,52,11,10,40,87,82,10,79,14,14,15,86,10,76,82,80,6,22,20,10,27,15,5,5,10,85,79,82,Default Stride Awkward,16,74,10,84,22,91,31,6,6,6,6,22,15,92,32,10
m27-1,14684,Theo,Johnson,Theo Johnson,TE,NY Giants,Giants,25,78,264,Penn State,2,84,26,2,2001,77,Vertical Threat - TE,Launch Ratings,1,,,,,,,,90,79,82,75,27,22,67,76,81,76,83,20,15,65,90,69,90,12,18,6,59,12,58,59,60,6,15,20,10,31,70,61,65,69,60,59,62,Long Stride Loose,80,87,61,91,70,75,31,10,15,27,14,29,13,89,69,14
m27-1,2335,Tress,Way,Tress Way,P,Washington Commanders,Commanders,36,73,220,Oklahoma,13,10,18,4,1990,77,Power - KP,Launch Ratings,0,,,,,,,,72,61,68,10,10,17,10,51,45,49,10,10,12,14,92,10,67,75,92,10,14,13,11,11,11,30,19,10,10,25,12,10,10,10,14,14,14,Default Stride Awkward,12,72,10,82,10,44,29,47,50,54,28,54,34,65,10,27
m27-1,15287,Trey,Amos,Trey Amos,CB,Washington Commanders,Commanders,24,73,195,Ole Miss,1,23,3,3,2002,77,Zone - CB,Launch Ratings,1,,,,,,,,92,83,78,76,51,47,56,61,72,82,60,27,50,55,89,74,85,26,26,45,24,76,35,25,35,42,77,30,78,75,36,32,34,37,35,25,35,Default Stride Loose,67,91,68,89,50,64,64,42,45,49,50,49,42,87,39,78
m27-1,14622,Trey,Benson,Trey Benson,HB,Arizona Cardinals,Cardinals,24,73,220,Florida State,2,33,23,7,2002,77,Elusive Back - HB,Launch Ratings,1,,,,,,,,94,85,67,79,42,32,82,95,70,86,52,31,47,40,84,85,83,14,18,77,36,27,30,33,55,20,37,26,29,47,56,55,59,65,30,27,43,Default Stride High and Tight,53,93,79,86,79,77,49,15,20,25,24,29,20,82,79,34
m27-1,14700,Troy,Fautanu,Troy Fautanu,LT,Pittsburgh Steelers,Steelers,25,76,317,Washington,2,76,11,10,2000,77,Power - OT,Launch Ratings,1,,,,,,,,79,70,78,30,47,8,20,35,35,57,33,33,41,87,93,15,79,32,37,10,83,9,80,81,81,8,23,44,13,27,25,21,22,25,80,81,79,Default Stride Awkward,33,72,15,87,39,87,39,5,6,8,7,13,7,88,40,11
m27-1,22749,Tyjae,Spears,Tyjae Spears,HB,Tennessee Titans,Titans,25,70,200,Tulane,3,2,15,6,2001,77,Elusive Back - HB,Launch Ratings,1,,,,,,,,91,88,71,82,25,25,83,95,74,87,54,10,22,37,86,86,89,18,21,62,34,12,22,26,60,16,16,10,16,35,52,50,58,66,27,22,45,Default,57,88,76,85,74,71,30,10,15,20,14,29,12,86,65,15
m27-1,14788,Tyler,Shough,Tyler Shough,QB,New Orleans Saints,Saints,26,77,219,Louisville,1,6,28,9,1999,77,Field General - QB,Launch Ratings,1,,,,,,,,86,77,73,75,24,64,66,67,36,75,27,21,15,23,81,54,73,16,30,27,20,25,18,17,21,83,32,20,21,29,27,19,20,24,14,15,11,Long Stride Default,25,87,52,82,38,56,16,78,91,88,85,92,76,82,40,47
m27-1,20597,Tyrel,Dodson,Tyrel Dodson,WILL,Miami Dolphins,Dolphins,28,72,237,Texas AM,7,25,25,6,1998,77,Run Stopper - OLB,Launch Ratings,1,,,,,,,,86,72,77,31,72,12,20,45,60,68,24,58,85,82,87,32,84,13,18,10,17,65,45,45,45,6,76,51,31,86,12,5,5,10,45,45,45,Default Stride Loose,50,88,30,85,25,74,87,6,6,6,6,34,10,88,33,72
m27-1,21538,Walker,Little,Walker Little,LT,Jacksonville Jaguars,Jaguars,27,79,325,Stanford,5,72,1,4,1999,77,Power - OT,Launch Ratings,1,,,,,,,,66,69,85,12,31,12,6,28,26,58,15,24,39,83,81,11,73,19,18,9,85,11,81,77,80,6,24,32,10,21,16,5,5,14,81,77,79,Default Stride Awkward,15,65,12,84,15,86,35,6,6,6,6,22,15,83,20,14
m27-1,15267,Will,Johnson,Will Johnson,CB,Arizona Cardinals,Cardinals,23,74,200,Michigan,1,2,29,3,2003,77,Zone - CB,Launch Ratings,1,,,,,,,,90,86,84,79,49,12,59,69,77,83,66,42,71,52,81,76,89,21,27,53,25,73,35,25,25,6,83,34,74,74,46,41,38,41,35,25,25,Default,73,89,69,83,43,62,57,6,6,6,6,14,10,81,41,79
m27-1,12721,Al-Quadin,Muhammad,Al-Quadin Muhammad,REDG,Tampa Bay Buccaneers,Buccaneers,31,76,250,Miami,9,97,28,3,1995,76,Power Rusher - DE,Launch Ratings,1,,,,,,,,81,72,84,37,76,28,18,37,41,63,28,73,77,83,93,39,75,19,20,12,10,31,45,45,45,6,83,82,17,83,12,3,7,14,45,45,45,Long Stride Loose,24,79,27,85,40,78,80,6,6,6,6,34,10,84,33,42
m27-1,14698,Amarius,Mims,Amarius Mims,RT,Cincinnati Bengals,Bengals,23,80,350,Georgia,2,71,14,10,2002,76,Power - OT,Launch Ratings,1,,,,,,,,73,70,80,45,45,22,30,48,49,65,41,31,45,86,86,43,65,26,34,10,82,12,78,78,78,5,28,42,15,42,44,24,31,35,74,79,76,Long Stride Awkward,51,70,43,89,55,91,35,6,11,12,12,13,11,85,50,11
m27-1,20631,Andrew,Wingard,Andrew Wingard,FS,Arizona Cardinals,Cardinals,29,72,209,Wyoming,7,27,5,12,1996,76,Zone - S,Launch Ratings,1,,,,,,,,89,85,80,70,53,15,54,74,71,82,43,45,84,60,89,71,87,19,15,30,21,64,35,35,40,15,78,57,63,79,15,10,25,35,40,45,35,Default Stride Loose,61,88,63,89,46,55,67,10,10,15,15,35,12,88,74,77
m27-1,2533,Arik,Armstead,Arik Armstead,DT,Jacksonville Jaguars,Jaguars,32,79,290,Oregon,11,91,15,11,1993,76,Power Rusher - DT,Launch Ratings,1,,,,,,,,70,68,76,20,76,12,16,44,38,60,10,67,80,88,92,15,82,30,30,10,16,32,45,45,45,6,76,77,35,81,12,2,3,10,45,45,45,Default Stride Awkward,15,73,25,84,45,91,85,6,6,6,6,35,17,89,45,40
m27-1,21459,Asante,Samuel Jr,Asante Samuel Jr,CB,Pittsburgh Steelers,Steelers,26,70,180,Florida State,5,22,3,10,1999,76,Zone - CB,Launch Ratings,1,,,,,,,,93,91,72,64,44,16,42,54,74,90,61,36,52,43,90,68,84,25,25,54,10,78,35,35,35,15,73,29,66,75,20,10,13,23,35,35,35,Short Stride Loose,69,91,64,94,30,54,49,18,24,29,22,43,16,82,33,83
m27-1,13177,Austin,Corbett,Austin Corbett,LG,Buffalo Bills,Bills,30,76,305,Nevada,8,63,5,9,1995,76,Agile - G,Launch Ratings,1,,,,,,,,69,56,82,15,15,12,7,32,18,51,15,10,27,82,85,10,70,13,17,10,83,12,81,78,80,6,16,20,10,23,12,5,5,10,80,76,78,Long Stride Awkward,12,68,10,88,10,85,29,6,6,6,6,23,10,87,23,12
m27-1,13160,B.J.,Hill,B.J. Hill,DT,Cincinnati Bengals,Bengals,31,75,311,N.C. State,8,92,20,4,1995,76,Power Rusher - DT,Launch Ratings,1,,,,,,,,75,70,72,24,78,12,23,43,43,60,20,64,81,87,94,33,67,12,18,10,20,22,45,45,45,6,73,76,12,81,15,3,7,15,45,45,45,Long Stride Loose,15,72,26,83,35,88,88,6,6,6,6,19,15,89,41,28
m27-1,14812,Bhayshul,Tuten,Bhayshul Tuten,HB,Jacksonville Jaguars,Jaguars,24,69,206,Virginia Tech,1,33,14,2,2002,76,Elusive Back - HB,Launch Ratings,1,,,,,,,,96,90,61,84,38,27,81,85,65,87,54,30,34,37,88,83,94,23,35,85,30,26,33,36,51,18,29,28,22,38,59,49,52,59,29,28,35,Default Stride High and Tight,56,95,78,89,73,75,37,10,15,21,14,29,26,87,78,30
m27-1,21532,Brady,Christensen,Brady Christensen,LG,Carolina Panthers,Panthers,29,78,300,BYU,5,70,27,9,1996,76,Power - G,Launch Ratings,1,,,,,,,,77,70,75,16,17,12,11,30,26,54,24,10,24,80,90,11,82,12,18,10,75,12,77,83,80,6,15,10,10,18,22,11,12,14,73,79,76,Default Stride Awkward,28,73,10,84,21,88,25,6,6,6,6,21,16,78,30,15
m27-1,21790,Brandon,Stephens,Brandon Stephens,CB,NY Jets,Jets,28,73,215,SMU,5,21,29,12,1997,76,Zone - CB,Launch Ratings,1,,,,,,,,86,84,80,74,58,15,62,69,70,81,58,44,64,56,92,75,90,15,18,25,25,73,38,38,38,6,79,40,82,78,36,28,34,46,35,35,35,Default Stride Loose,72,90,67,91,51,68,71,6,6,6,6,21,14,87,59,78
m27-1,22688,C.J.,Stroud,C.J. Stroud,QB,Houston Texans,Texans,24,75,218,Ohio State,3,7,3,10,2001,76,Field General - QB,Launch Ratings,1,,,,,,,,87,80,74,76,19,72,54,61,21,75,13,10,16,17,88,58,78,19,20,12,13,9,15,13,12,85,14,10,9,29,14,10,11,12,15,12,12,Long Stride Default,10,82,45,85,37,61,24,82,83,87,87,91,82,88,31,10
m27-1,16292,Caleb,Banks,Caleb Banks,DT,Minnesota Vikings,Vikings,23,78,327,Florida,0,95,12,3,2003,76,Power Rusher - DT,Launch Ratings,1,,,,,,,,74,70,79,34,79,19,15,59,26,60,24,71,81,84,82,24,78,22,13,10,22,29,52,51,53,16,78,76,19,80,33,15,17,19,51,52,51,Long Stride Awkward,24,71,24,73,47,87,82,12,14,16,18,25,17,87,52,21
m27-1,22924,Calijah,Kancey,Calijah Kancey,DT,Tampa Bay Buccaneers,Buccaneers,25,72,280,Pittsburgh,3,94,1,3,2001,76,Speed Rusher - DT,Launch Ratings,1,,,,,,,,91,82,74,32,79,10,17,43,52,69,43,77,82,75,86,42,81,12,14,10,33,19,35,35,35,6,72,70,10,80,21,24,28,35,40,40,40,Short Stride High and Tight,42,83,33,79,20,84,82,6,6,6,6,25,10,84,35,29
m27-1,22086,Calvin,Austin,Calvin Austin,WR,NY Giants,Giants,27,69,162,Memphis,4,82,24,3,1999,76,Deep Threat - WR,Launch Ratings,1,,,,,,,,96,91,75,84,30,25,71,72,82,92,78,10,28,39,89,80,90,17,20,81,20,22,15,19,26,25,30,10,21,41,66,76,75,74,19,12,45,Short Stride Default,78,94,74,84,44,53,32,19,28,35,28,35,28,83,34,33
m27-1,20972,Cesar,Ruiz,Cesar Ruiz,RG,New Orleans Saints,Saints,27,76,316,Michigan,6,51,14,6,1999,76,Power - G,Launch Ratings,1,,,,,,,,74,54,84,15,17,12,9,26,22,56,15,10,25,84,91,10,80,11,11,10,81,12,76,81,79,6,10,10,10,23,15,5,5,15,72,77,74,Default Stride Awkward,15,76,10,89,10,87,27,6,6,6,6,25,11,90,25,12
m27-1,23060,Chamarri,Conner,Chamarri Conner,FS,Kansas City Chiefs,Chiefs,26,72,206,Virginia Tech,3,27,11,7,2000,76,Hybrid - S,Launch Ratings,1,,,,,,,,92,86,78,64,58,21,61,59,69,81,58,45,83,62,94,69,94,14,15,55,31,73,35,35,35,15,77,35,75,77,41,39,42,43,35,35,35,Default Stride High and Tight,59,89,65,89,53,66,67,10,10,15,22,25,10,87,54,70
m27-1,20403,Charles,Omenihu,Charles Omenihu,DT,Washington Commanders,Commanders,29,77,280,Texas,9,90,20,8,1997,76,Speed Rusher - DT,Launch Ratings,1,,,,,,,,77,77,87,33,78,12,23,41,46,65,44,70,78,82,89,28,87,15,15,10,17,37,45,45,45,6,84,76,28,83,26,10,14,21,45,45,45,Long Stride Loose,41,73,20,78,41,83,78,6,6,6,6,28,13,84,42,45
m27-1,22347,Chigoziem,Okonkwo,Chigoziem Okonkwo,TE,Washington Commanders,Commanders,26,75,238,Maryland,4,85,8,9,1999,76,Vertical Threat - TE,Launch Ratings,1,,,,,,,,91,77,74,81,29,12,72,73,85,71,79,10,35,58,85,74,85,18,21,35,53,12,60,55,61,6,23,10,15,33,70,61,66,70,62,57,61,Long Stride Default,78,88,66,88,73,67,30,6,10,15,9,20,6,78,72,15
m27-1,16394,Chris,Johnson,Chris Johnson,CB,Miami Dolphins,Dolphins,21,72,193,San Diego St.,0,3,9,11,2004,76,Zone - CB,Launch Ratings,1,,,,,,,,92,92,74,68,45,17,56,64,76,90,67,35,60,47,88,68,90,17,19,53,15,73,35,35,35,6,76,31,71,75,42,34,39,40,35,35,35,Default Stride Loose,66,91,66,89,34,63,64,6,6,6,6,27,10,81,36,78
m27-1,22019,Corliss,Waitman,Corliss Waitman,P,San Francisco 49ers,49ers,31,74,210,South Alabama,6,7,21,7,1995,76,Power - KP,Launch Ratings,0,,,,,,,,68,64,61,28,15,33,27,53,50,47,22,10,44,24,88,28,68,80,94,10,21,12,16,16,16,25,15,10,10,30,15,15,15,15,17,17,21,Default Stride Awkward,37,70,24,83,19,46,35,31,36,41,29,45,25,77,38,15
m27-1,21141,D.J.,Wonnum,D.J. Wonnum,REDG,Detroit Lions,Lions,28,77,258,South Carolina,6,98,31,10,1997,76,Power Rusher - DE,Launch Ratings,1,,,,,,,,80,75,81,40,78,12,22,46,48,66,22,68,80,80,91,34,80,15,17,10,13,45,45,45,45,6,79,75,31,81,16,3,6,13,45,45,45,Long Stride High and Tight,31,81,29,84,38,82,84,6,6,6,6,18,13,89,39,53
m27-1,22396,Dane,Belton,Dane Belton,SS,NY Jets,Jets,25,73,205,Iowa,4,6,7,12,2000,76,Hybrid - S,Launch Ratings,1,,,,,,,,93,87,75,56,50,18,44,62,74,86,59,43,63,53,91,64,87,37,42,40,23,71,35,35,35,6,73,34,63,76,32,23,25,28,35,35,35,Default,63,91,56,87,43,63,75,6,6,6,15,23,10,78,36,72
m27-1,21324,Darnell,Mooney,Darnell Mooney,WR,NY Giants,Giants,28,70,173,Tulane,6,17,29,10,1997,76,Deep Threat - WR,Launch Ratings,1,,,,,,,,91,83,77,84,28,23,76,73,81,85,83,10,27,46,88,84,88,15,17,60,30,20,15,13,26,10,27,10,24,34,82,78,79,79,25,34,55,Short Stride Default,88,90,76,91,37,58,30,10,10,10,10,23,20,80,35,28
m27-1,22824,Darnell,Washington,Darnell Washington,TE,Pittsburgh Steelers,Steelers,25,79,295,Georgia,3,80,17,8,2001,76,Blocking - TE,Launch Ratings,1,,,,,,,,86,86,69,79,51,19,68,72,78,79,78,34,56,74,91,67,88,21,15,15,72,18,61,63,64,6,15,30,26,51,62,52,56,63,74,71,75,Long Stride Loose,80,84,61,85,72,81,55,6,10,15,10,32,15,87,72,23
m27-1,20523,Dawson,Knox,Dawson Knox,TE,Buffalo Bills,Bills,29,76,254,Ole Miss,7,88,14,11,1996,76,Vertical Threat - TE,Launch Ratings,1,,,,,,,,89,83,76,73,28,21,53,71,83,75,82,10,21,65,89,62,91,12,14,25,53,13,62,59,63,21,14,10,13,31,68,58,63,68,65,60,65,Long Stride Default,85,86,56,90,75,72,31,17,23,28,25,41,20,85,72,16
m27-1,12607,Deatrich,Wise Jr,Deatrich Wise Jr,DT,Washington Commanders,Commanders,32,78,285,Arkansas,9,91,26,7,1994,76,Power Rusher - DT,Launch Ratings,1,,,,,,,,76,68,79,31,78,12,18,32,36,56,35,64,81,91,90,32,80,22,14,10,17,24,45,45,45,6,77,75,16,85,15,17,17,17,45,45,45,Long Stride Loose,33,74,16,82,35,85,83,6,6,6,6,11,16,84,24,33
m27-1,22628,Dee,Alford,Dee Alford,CB,Buffalo Bills,Bills,28,71,175,Tusculum College,5,23,5,11,1997,76,Zone - CB,Launch Ratings,1,,,,,,,,90,85,78,78,43,12,67,60,71,84,62,33,51,37,88,74,85,15,14,75,15,76,34,33,13,6,77,30,67,70,33,21,25,30,34,33,18,Default Stride Loose,72,91,67,85,32,49,66,6,6,6,6,22,12,78,33,78
m27-1,17600,Demarcus,Robinson,Demarcus Robinson,WR,San Francisco 49ers,49ers,31,73,203,Florida,10,7,21,9,1994,76,Slot - WR,Launch Ratings,1,,,,,,,,88,88,81,80,22,22,75,73,86,80,85,11,15,46,93,84,86,22,23,71,26,16,19,21,38,14,21,11,16,34,77,77,76,77,19,25,55,Default Stride Loose,84,87,73,87,48,60,23,16,18,21,18,24,19,76,38,24
m27-1,2560,Denzel,Perryman,Denzel Perryman,MIKE,Los Angeles Chargers,Chargers,33,71,240,Miami,11,6,5,12,1992,76,Field General - MLB,Launch Ratings,1,,,,,,,,81,75,81,35,75,12,10,65,60,67,15,51,90,95,85,30,81,20,20,10,22,59,45,45,45,6,82,58,48,86,12,5,5,15,45,45,45,Default Stride Awkward,30,81,25,90,52,84,83,6,6,6,6,25,17,88,45,56
m27-1,22772,Dontayvion,Wicks,Dontayvion Wicks,WR,Philadelphia Eagles,Eagles,25,73,206,Virginia,3,13,16,6,2001,76,Slot - WR,Launch Ratings,0,,,,,,,,88,87,80,84,20,36,75,71,83,86,82,10,21,43,86,82,90,20,24,40,22,10,18,24,23,31,16,10,16,31,73,79,79,79,24,18,42,Long Stride Default,82,89,74,80,50,60,29,35,39,45,44,53,40,85,46,10
m27-1,1080,Evan,Williams,Evan Williams,FS,Green Bay Packers,Packers,25,71,200,Oregon,2,33,28,7,2001,76,Run Support - S,Launch Ratings,1,,,,,,,,90,81,74,65,61,15,63,61,68,85,56,54,80,63,90,70,94,23,25,50,35,74,22,25,25,15,76,45,66,80,30,18,23,25,30,30,30,Default Stride Loose,64,86,65,85,46,62,74,10,10,15,15,25,16,88,51,75
m27-1,16297,Gabe,Jacas,Gabe Jacas,LEDG,New England Patriots,Patriots,22,76,261,Illinois,0,50,27,5,2004,76,Power Rusher - DE,Launch Ratings,1,,,,,,,,87,76,72,31,78,20,45,48,37,69,35,69,83,81,91,36,81,20,25,30,21,43,45,45,45,16,70,75,35,82,16,10,15,17,45,45,45,Long Stride Loose,36,83,37,85,38,87,84,10,24,25,24,24,16,88,29,50
m27-1,20372,Garrett,Bradbury,Garrett Bradbury,C,Chicago Bears,Bears,31,75,300,N.C. State,7,67,20,6,1995,76,Agile - C,Launch Ratings,1,,,,,,,,80,68,81,45,42,12,38,46,56,58,42,34,42,79,89,22,76,20,21,10,82,12,79,78,78,6,30,43,10,41,41,14,21,29,81,76,78,Default,40,76,19,92,32,90,44,6,6,6,6,30,12,89,49,15
m27-1,14703,Graham,Barton,Graham Barton,C,Tampa Bay Buccaneers,Buccaneers,24,77,314,Duke,2,62,1,6,2002,76,Agile - C,Launch Ratings,1,,,,,,,,82,73,83,28,33,7,10,28,32,62,13,22,44,84,90,14,72,24,25,10,85,12,76,74,75,6,30,24,12,39,18,5,11,16,80,79,79,Long Stride Awkward,15,74,10,95,25,87,37,5,6,9,11,21,8,88,32,11
m27-1,15003,Harrison,Mevis,Harrison Mevis,K,Los Angeles Rams,Rams,24,72,241,Missouri,2,92,27,3,2002,76,Power - KP,Launch Ratings,1,,,,,,,,77,67,60,21,15,41,19,29,31,51,10,10,20,10,90,27,62,84,96,10,10,10,10,10,15,25,10,10,10,26,11,10,10,10,10,10,20,Default Stride Awkward,10,70,19,82,29,44,25,22,28,30,28,28,20,73,28,9
m27-1,22334,Isiah,Pacheco,Isiah Pacheco,HB,Detroit Lions,Lions,27,70,216,Rutgers,4,10,2,3,1999,76,Elusive Back - HB,Launch Ratings,1,,,,,,,,95,85,72,78,37,32,77,95,70,83,47,18,42,42,88,82,84,14,22,80,30,19,33,38,54,24,26,13,23,40,50,49,56,63,27,20,34,None,46,93,74,91,78,80,37,22,27,34,33,38,26,89,84,32
m27-1,22977,Ivan,Pace Jr,Ivan Pace Jr,WILL,Minnesota Vikings,Vikings,25,71,231,Cincinnati,3,0,16,12,2000,76,Run Stopper - OLB,Launch Ratings,1,,,,,,,,83,78,75,48,71,14,31,53,63,73,47,73,85,74,93,52,84,19,21,10,25,62,35,35,35,6,79,61,42,92,20,5,6,10,40,40,40,Short Stride Loose,45,85,48,86,36,72,84,6,6,6,6,22,7,88,44,67
m27-1,21787,Jack,Jones,Jack Jones,CB,San Francisco 49ers,49ers,28,71,175,Arizona St.,4,24,20,12,1997,76,Zone - CB,Launch Ratings,1,,,,,,,,93,87,73,64,50,15,55,60,77,89,57,28,54,40,87,73,84,33,37,60,10,72,25,25,25,15,75,23,65,73,26,29,31,35,25,25,25,Short Stride Loose,71,94,66,88,32,53,61,10,10,15,15,26,10,73,34,78
m27-1,13463,Jacob,Martin,Jacob Martin,REDG,Tennessee Titans,Titans,30,74,242,Temple,8,57,11,12,1995,76,Smaller Speed Rusher - DE,Launch Ratings,1,,,,,,,,84,79,82,34,75,12,22,50,48,71,30,78,78,69,89,37,83,11,17,10,17,38,45,45,45,6,79,66,31,79,25,5,5,15,45,45,45,Long Stride Loose,28,86,27,82,34,77,78,6,6,6,6,23,10,84,34,43
m27-1,1806,Jacob,Rodriguez,Jacob Rodriguez,MIKE,Miami Dolphins,Dolphins,23,73,231,Texas Tech,0,10,6,9,2002,76,Field General - MLB,Launch Ratings,1,,,,,,,,90,87,78,43,64,56,34,56,64,76,50,53,86,77,85,38,87,18,12,14,28,62,43,47,69,41,78,52,48,85,18,18,23,28,56,66,41,Default Stride Loose,49,87,42,87,42,76,82,42,44,46,48,74,46,86,42,70
m27-1,17912,Jake,Brendel,Jake Brendel,C,San Francisco 49ers,49ers,33,76,299,UCLA,10,64,10,9,1992,76,Agile - C,Launch Ratings,1,,,,,,,,72,68,86,10,30,12,5,44,40,60,15,15,15,77,86,10,70,22,18,10,85,20,76,73,75,6,30,19,10,32,15,5,5,15,85,76,82,Default Stride Awkward,15,68,10,91,10,84,41,6,6,6,6,22,10,89,15,20
m27-1,1238,Jake,Bates,Jake Bates,K,Detroit Lions,Lions,27,70,202,Arkansas,3,39,3,3,1999,76,Power - KP,Launch Ratings,1,,,,,,,,74,61,59,20,10,12,18,32,31,51,10,10,24,15,89,10,60,86,97,10,15,10,15,15,20,20,15,10,10,25,12,10,10,10,15,15,20,Default Stride Awkward,12,72,10,82,10,35,26,13,22,28,20,32,15,61,10,10
m27-1,1325,Jalen,Coker,Jalen Coker,WR,Carolina Panthers,Panthers,24,73,210,Holy Cross,2,18,31,10,2001,76,Deep Threat - WR,Launch Ratings,1,,,,,,,,92,79,82,78,35,29,73,75,89,77,85,11,24,47,88,78,94,22,23,25,21,16,15,11,40,29,21,11,16,37,74,76,77,78,26,32,48,Long Stride Default,84,91,65,82,59,63,34,28,33,42,43,50,34,81,51,24
m27-1,21924,Jamien,Sherwood,Jamien Sherwood,WILL,NY Jets,Jets,26,74,216,Auburn,5,44,12,1,2000,76,Pass Coverage - OLB,Launch Ratings,1,,,,,,,,86,77,79,67,70,45,54,64,63,74,57,55,85,73,86,68,86,20,25,45,29,68,35,35,35,28,78,56,74,87,34,29,31,35,35,35,35,Default Stride Loose,60,86,61,91,57,67,88,29,33,37,32,43,29,87,55,70
m27-1,14944,Javon,Bullard,Javon Bullard,SS,Green Bay Packers,Packers,23,71,198,Georgia,2,7,5,9,2002,76,Zone - S,Launch Ratings,1,,,,,,,,91,85,76,69,55,15,68,61,71,89,61,37,87,59,92,72,80,25,25,55,24,70,25,28,30,15,73,33,73,76,31,23,26,32,31,33,35,Default Stride Loose,67,89,65,87,44,70,72,10,10,15,15,30,17,85,44,77
m27-1,14751,Jer'Zhan,Newton,Jer'Zhan Newton,DT,Washington Commanders,Commanders,24,74,295,Illinois,2,95,31,8,2002,76,Speed Rusher - DT,Launch Ratings,1,,,,,,,,82,73,74,10,78,21,21,40,35,67,10,78,82,85,90,10,80,18,26,12,20,12,45,45,45,5,76,74,10,79,12,10,10,10,45,45,45,Default Stride Awkward,12,78,10,86,10,85,84,5,5,5,5,29,10,90,10,22
m27-1,20835,Joey,Slye,Joey Slye,K,Tennessee Titans,Titans,30,71,213,Virginia Tech,7,6,10,4,1996,76,Power - KP,Launch Ratings,1,,,,,,,,72,61,58,16,24,15,15,40,35,49,10,10,11,10,87,21,61,83,98,10,10,12,10,10,16,10,10,10,10,29,12,10,10,10,10,10,19,Default Stride Awkward,12,71,25,85,11,66,31,24,30,31,11,29,16,58,15,12
m27-1,14621,Jonathon,Brooks,Jonathon Brooks,HB,Carolina Panthers,Panthers,23,72,207,Texas,2,25,21,7,2003,76,Elusive Back - HB,Launch Ratings,1,,,,,,,,91,90,68,81,35,25,80,91,65,88,50,10,34,36,82,84,85,22,28,40,31,23,39,43,54,15,30,10,25,41,56,51,58,65,26,21,32,Default,50,90,77,82,78,70,38,10,15,20,20,23,18,86,81,30
m27-1,23025,Jordan,Battle,Jordan Battle,SS,Cincinnati Bengals,Bengals,25,73,215,Alabama,3,27,14,12,2000,76,Run Support - S,Launch Ratings,1,,,,,,,,92,77,79,81,66,19,70,65,72,79,60,40,85,64,93,70,75,15,15,70,23,67,35,35,25,6,78,34,70,83,35,25,33,38,35,35,35,Default Stride Loose,71,88,64,90,50,63,72,14,21,27,22,34,10,91,47,75
m27-1,22253,Jordan,Stout,Jordan Stout,P,NY Giants,Giants,28,75,214,Penn State,4,15,4,8,1998,76,Power - KP,Launch Ratings,1,,,,,,,,88,66,62,21,21,18,9,34,27,57,15,10,19,16,89,32,63,79,94,10,15,10,17,17,17,15,17,10,10,24,15,15,15,15,16,16,14,Default Stride Loose,15,83,24,86,15,45,27,18,23,27,19,34,17,76,10,10
m27-1,16231,Jordyn,Tyson,Jordyn Tyson,WR,New Orleans Saints,Saints,22,74,203,Arizona St.,0,0,12,8,2004,76,Deep Threat - WR,Launch Ratings,1,,,,,,,,92,90,71,81,30,37,78,71,83,89,82,23,32,51,80,81,95,25,27,62,33,26,40,42,42,30,26,28,25,34,79,80,79,76,35,39,52,Default,85,90,73,87,69,73,34,33,35,40,41,50,34,82,57,22
m27-1,22638,Kader,Kohou,Kader Kohou,CB,Kansas City Chiefs,Chiefs,27,70,195,Texas AM-Commerce,4,26,28,11,1998,76,Manto Man - CB,Launch Ratings,1,,,,,,,,92,79,76,62,44,15,56,53,70,88,47,24,55,39,86,75,91,30,34,45,15,76,35,35,35,6,75,22,80,74,14,8,9,10,35,35,35,Default Stride Bread Loaf,54,92,70,90,35,63,52,6,6,6,16,25,9,85,30,70
m27-1,22599,KaVontae,Turpin,KaVontae Turpin,WR,Dallas Cowboys,Cowboys,30,69,160,TCU,5,9,2,8,1996,76,Deep Threat - WR,Launch Ratings,1,,,,,,,,94,91,80,87,11,33,80,68,79,88,75,10,13,32,86,86,89,12,15,95,18,25,11,10,22,23,17,9,10,24,75,70,69,68,19,12,30,Short Stride Default,77,97,80,84,29,48,12,24,28,35,35,41,33,76,35,24
m27-1,22934,Keeanu,Benton,Keeanu Benton,DT,Pittsburgh Steelers,Steelers,25,76,309,Wisconsin,3,95,17,6,2001,76,Power Rusher - DT,Launch Ratings,1,,,,,,,,75,69,79,25,76,14,10,38,46,59,32,67,84,87,92,25,73,10,13,10,41,15,40,40,40,6,78,81,10,77,15,6,7,15,45,45,45,Default Stride Awkward,36,70,22,82,41,89,84,6,6,6,6,19,15,88,35,21
m27-1,22742,Kendre,Miller,Kendre Miller,HB,New Orleans Saints,Saints,24,72,220,TCU,3,5,11,6,2002,76,Elusive Back - HB,Launch Ratings,1,,,,,,,,90,84,79,82,55,24,82,89,64,83,47,34,62,35,87,85,84,15,18,72,30,33,34,27,49,18,49,40,48,58,43,38,44,53,31,24,36,Default,48,90,75,81,76,75,57,21,26,34,27,36,20,89,82,38
m27-1,14925,Kool-Aid,McKinstry,Kool-Aid McKinstry,CB,New Orleans Saints,Saints,23,72,196,Alabama,2,1,30,9,2002,76,Manto Man - CB,Launch Ratings,1,,,,,,,,92,91,72,66,50,21,67,55,67,87,58,39,59,44,92,73,83,11,13,83,15,77,9,10,15,10,68,29,79,75,27,22,25,31,12,14,21,Default Stride Loose,66,90,70,94,44,53,67,14,15,20,8,25,11,85,26,78
m27-1,13484,Logan,Cooke,Logan Cooke,P,Jacksonville Jaguars,Jaguars,31,77,230,Mississippi St.,8,9,28,7,1995,76,Power - KP,Launch Ratings,1,,,,,,,,66,49,60,16,26,25,20,41,39,44,15,10,25,24,87,14,61,82,94,10,17,13,21,21,21,17,16,10,10,40,17,15,15,15,21,21,21,Default Stride Loose,15,71,10,86,19,56,33,16,20,26,19,43,18,71,17,16
m27-1,22926,Lukas,Van Ness,Lukas Van Ness,LEDG,Green Bay Packers,Packers,25,77,272,Iowa,3,90,6,7,2001,76,Power Rusher - DE,Launch Ratings,1,,,,,,,,91,83,72,35,77,21,23,44,42,73,35,64,88,78,91,41,76,21,23,10,25,35,35,35,35,12,68,77,28,83,17,5,6,13,40,40,40,Default Stride Loose,35,86,33,76,50,81,82,16,20,25,10,31,12,90,45,41
m27-1,12665,Mack,Hollins,Mack Hollins,WR,New England Patriots,Patriots,32,76,221,North Carolina,9,13,16,9,1993,76,Deep Threat - WR,Launch Ratings,0,,,,,,,,87,82,83,76,49,22,71,74,87,72,86,10,59,62,93,73,85,12,17,50,43,11,19,20,55,10,20,10,10,68,79,79,78,78,32,39,61,Long Stride Default,85,90,66,88,73,73,51,15,20,25,23,27,22,87,59,22
m27-1,1883,Makai,Lemon,Makai Lemon,WR,Philadelphia Eagles,Eagles,22,71,194,USC,0,9,2,6,2004,76,Slot - WR,Launch Ratings,1,,,,,,,,91,92,73,85,33,43,78,76,84,92,80,27,38,43,92,85,87,29,30,79,25,36,28,32,30,40,35,25,29,42,72,73,78,77,34,31,48,Short Stride Default,79,89,78,90,58,69,42,57,54,58,49,62,37,89,46,40
m27-1,22878,Matthew,Bergeron,Matthew Bergeron,LG,Atlanta Falcons,Falcons,26,77,315,Syracuse,3,65,26,2,2000,76,Power - G,Launch Ratings,1,,,,,,,,75,71,78,17,25,12,9,28,31,59,10,15,35,86,93,17,75,31,33,10,79,10,74,79,76,6,13,20,10,21,19,10,14,25,84,78,82,Default Stride Awkward,12,63,11,86,24,89,30,6,6,6,6,23,14,88,29,9
m27-1,23039,Mekhi,Blackmon,Mekhi Blackmon,CB,Indianapolis Colts,Colts,27,71,178,USC,3,29,18,3,1999,76,Zone - CB,Launch Ratings,1,,,,,,,,95,90,73,71,40,13,57,55,71,89,58,42,64,44,84,75,86,15,11,67,13,71,26,26,26,6,74,29,74,72,49,35,42,52,35,35,34,Default Stride Loose,66,90,66,90,29,55,70,6,6,6,6,27,10,85,25,75
m27-1,22191,Micah,McFadden,Micah McFadden,WILL,NY Giants,Giants,26,74,232,Indiana,4,41,3,1,2000,76,Run Stopper - OLB,Launch Ratings,1,,,,,,,,90,83,77,47,74,16,33,50,63,75,37,59,83,88,88,47,84,16,16,10,21,64,45,45,45,6,79,64,41,86,12,8,14,23,45,45,45,Default Stride Loose,39,84,37,89,40,72,80,6,6,6,6,22,12,87,35,67
m27-1,20481,Mitch,Wishnowsky,Mitch Wishnowsky,P,Buffalo Bills,Bills,34,74,220,Utah,7,19,3,3,1992,76,Power - KP,Launch Ratings,1,,,,,,,,85,70,58,20,23,17,29,50,33,54,14,10,63,24,84,10,79,86,94,10,10,10,10,10,9,20,28,10,10,46,15,15,15,15,10,10,7,Long Stride Default,18,83,10,88,10,56,52,25,30,30,20,34,14,83,24,27
m27-1,21481,Nate,Hobbs,Nate Hobbs,CB,San Francisco 49ers,49ers,27,73,195,Illinois,5,22,24,6,1999,76,Zone - CB,Launch Ratings,1,,,,,,,,92,87,74,70,56,13,51,58,66,85,54,33,67,60,90,75,93,14,15,74,24,73,35,35,35,6,74,29,85,78,42,34,41,43,35,35,35,Default Stride Loose,64,90,71,91,44,65,61,6,6,6,6,27,13,82,34,78
m27-1,13083,Orlando,Brown Jr,Orlando Brown Jr,LT,Cincinnati Bengals,Bengals,30,80,350,Oklahoma,8,75,2,5,1996,76,Power - OT,Launch Ratings,1,,,,,,,,56,57,87,15,32,12,14,28,23,40,12,10,36,90,95,11,53,13,19,10,76,12,72,77,75,6,15,10,10,18,12,12,12,12,74,79,76,Long Stride Loose,12,59,10,94,27,94,33,6,6,6,6,25,15,87,39,15
m27-1,16269,Peter,Woods,Peter Woods,DT,Kansas City Chiefs,Chiefs,21,74,298,Clemson,0,99,5,3,2005,76,Power Rusher - DT,Launch Ratings,1,,,,,,,,83,61,78,42,80,12,18,45,44,63,27,69,79,84,87,40,72,24,16,10,27,25,45,45,45,6,77,72,25,78,23,3,10,13,45,45,45,Default Stride Awkward,26,76,35,74,36,89,80,6,6,6,6,21,10,85,45,22
m27-1,17818,Riley,Dixon,Riley Dixon,P,Tampa Bay Buccaneers,Buccaneers,33,76,221,Syracuse,10,9,24,8,1993,76,Power - KP,Launch Ratings,1,,,,,,,,81,67,64,50,24,24,34,50,38,51,15,10,58,22,88,51,70,81,92,10,16,13,10,10,10,22,25,10,10,62,15,10,10,10,16,16,20,Default,20,76,30,89,37,56,34,22,33,37,29,43,13,79,41,22
m27-1,22206,Roger,McCreary,Roger McCreary,CB,Detroit Lions,Lions,26,71,190,Auburn,4,21,10,2,2000,76,Manto Man - CB,Launch Ratings,1,,,,,,,,90,86,75,68,58,36,54,63,72,86,60,47,65,54,92,72,77,36,42,60,20,77,35,35,35,19,74,38,84,74,37,29,33,38,35,35,35,Default,58,88,64,93,37,65,68,24,28,31,34,39,20,85,32,76
m27-1,22710,Ronnie,Hickman,Ronnie Hickman,FS,Cleveland Browns,Browns,24,73,209,Ohio State,3,33,11,10,2001,76,Run Support - S,Launch Ratings,1,,,,,,,,89,81,78,58,57,27,49,60,64,78,54,37,86,62,90,68,84,12,14,45,24,76,25,25,30,15,78,47,70,77,17,10,11,21,35,35,35,Default Stride Loose,60,86,62,89,56,65,75,21,23,27,23,32,12,85,54,75
m27-1,1124,Ryan,Flournoy,Ryan Flournoy,WR,Dallas Cowboys,Cowboys,26,73,200,SE Missouri St.,2,19,27,10,1999,76,Deep Threat - WR,Launch Ratings,1,,,,,,,,92,84,78,78,28,24,76,72,89,82,80,10,29,52,82,78,91,15,19,27,35,13,22,28,33,6,15,10,15,34,77,75,77,78,28,33,52,Long Stride Default,82,92,68,81,62,62,31,15,15,20,15,29,20,80,48,18
m27-1,15369,Ryan,Fitzgerald,Ryan Fitzgerald,K,Carolina Panthers,Panthers,26,71,194,Florida State,1,10,13,8,2000,76,Power - KP,Launch Ratings,1,,,,,,,,71,58,61,13,12,14,13,32,29,50,10,10,18,13,86,11,51,86,94,10,11,12,13,11,12,18,13,10,10,26,12,10,10,10,11,20,15,Default Stride Awkward,14,72,13,83,15,53,24,26,28,29,18,23,16,65,12,14
m27-1,12834,Samson,Ebukam,Samson Ebukam,REDG,Atlanta Falcons,Falcons,31,75,240,Eastern Wash.,9,52,9,5,1995,76,Smaller Speed Rusher - DE,Launch Ratings,1,,,,,,,,87,78,73,46,80,12,26,41,52,66,42,78,83,84,95,57,87,20,20,10,21,48,45,45,45,6,70,67,36,82,17,7,13,23,45,45,45,Long Stride Loose,43,83,48,82,35,83,82,6,6,6,6,25,15,87,52,61
m27-1,15126,Tate,Ratledge,Tate Ratledge,RG,Detroit Lions,Lions,25,79,315,Georgia,1,69,26,4,2001,76,Power - G,Launch Ratings,1,,,,,,,,78,71,78,31,35,13,27,41,42,61,30,30,37,82,82,23,78,56,59,10,83,20,77,76,76,6,35,35,15,34,26,13,19,26,80,80,79,Long Stride Awkward,29,73,22,88,33,88,38,6,6,6,6,10,10,80,40,27
m27-1,17860,Ted,Karras,Ted Karras,C,Cincinnati Bengals,Bengals,33,76,310,Illinois,10,64,15,3,1993,76,Power - C,Launch Ratings,1,,,,,,,,60,51,79,10,29,12,6,31,26,42,24,27,67,82,92,10,67,21,25,11,70,12,83,82,82,6,10,31,10,37,18,6,12,22,76,75,75,Default Stride Awkward,23,68,10,93,10,86,30,6,6,6,6,29,10,90,25,12
m27-1,12903,Tim,Patrick,Tim Patrick,WR,NY Jets,Jets,32,76,212,Utah,9,17,23,11,1993,76,Deep Threat - WR,Launch Ratings,1,,,,,,,,89,81,79,74,28,22,69,74,90,82,84,10,27,58,84,78,89,15,19,48,38,20,17,20,43,6,22,10,17,31,82,76,77,77,27,31,52,Long Stride Default,85,87,72,86,67,69,35,15,15,20,15,36,19,83,58,26
m27-1,1865,Treydan,Stukes,Treydan Stukes,FS,Las Vegas Raiders,Raiders,24,73,200,Arizona,0,31,11,11,2001,76,Zone - S,Launch Ratings,1,,,,,,,,94,87,76,66,51,11,53,54,61,87,63,44,74,56,84,64,90,24,24,50,25,70,35,35,35,6,74,38,66,76,42,34,41,44,35,35,35,Default Stride Loose,62,94,57,92,55,62,65,6,6,6,6,23,12,87,53,73
m27-1,15204,Tyleik,Williams,Tyleik Williams,DT,Detroit Lions,Lions,23,75,329,Ohio State,1,91,25,2,2003,76,Power Rusher - DT,Launch Ratings,1,,,,,,,,78,68,74,26,82,18,26,39,28,60,20,69,76,87,86,24,82,18,18,26,27,13,45,45,45,14,73,72,18,77,18,10,14,18,45,45,45,Default Stride Awkward,20,75,20,70,35,91,79,7,10,15,11,18,13,87,32,19
m27-1,23038,Tyrique,Stevenson,Tyrique Stevenson,CB,Chicago Bears,Bears,26,72,212,Miami,3,29,26,5,2000,76,Zone - CB,Launch Ratings,1,,,,,,,,95,82,70,63,52,15,49,58,72,79,57,40,78,52,87,67,91,22,24,56,19,74,35,35,35,6,71,35,81,76,23,10,15,20,35,35,35,Default Stride Loose,62,91,58,90,42,60,68,6,6,6,6,26,13,88,39,78
m27-1,13145,Uchenna,Nwosu,Uchenna Nwosu,REDG,Seattle Seahawks,Seahawks,29,74,265,USC,8,7,28,12,1996,76,Smaller Speed Rusher - DE,Launch Ratings,1,,,,,,,,85,81,81,41,79,15,30,47,63,72,46,78,83,75,92,52,78,13,17,10,20,47,45,45,45,6,79,72,37,83,35,5,5,15,45,45,45,Long Stride Loose,43,82,42,86,33,73,80,6,6,6,6,18,13,82,33,60
m27-1,21495,Zaven,Collins,Zaven Collins,LEDG,Arizona Cardinals,Cardinals,27,76,270,Tulsa,5,25,19,5,1999,76,Power Rusher - DE,Launch Ratings,1,,,,,,,,87,81,74,49,79,45,31,56,73,73,64,67,87,82,92,34,84,17,19,10,26,65,45,45,45,26,72,76,46,87,12,5,10,20,45,45,45,Default Stride Loose,63,88,36,83,47,76,85,31,34,40,42,40,37,85,52,72
m27-1,1863,Zion,Young,Zion Young,LEDG,Baltimore Ravens,Ravens,22,78,267,Missouri,0,9,18,3,2004,76,Power Rusher - DE,Launch Ratings,1,,,,,,,,78,75,71,37,83,20,39,49,33,69,31,68,83,86,92,31,79,20,27,30,42,18,45,45,45,16,75,75,31,81,17,10,15,17,45,45,45,Long Stride Loose,31,81,31,82,37,88,84,10,18,20,18,18,16,87,38,24
m27-1,20984,A.J.,Epenesa,A.J. Epenesa,REDG,Philadelphia Eagles,Eagles,27,78,260,Iowa,6,57,15,9,1998,75,Power Rusher - DE,Launch Ratings,1,,,,,,,,75,76,81,41,77,12,27,51,53,65,31,68,80,87,90,36,79,15,22,16,16,20,45,45,45,6,80,76,19,82,27,15,22,26,45,45,45,Long Stride Default,37,78,23,82,37,85,83,6,6,6,6,24,14,90,36,28
m27-1,14687,A.J.,Barner,A.J. Barner,TE,Seattle Seahawks,Seahawks,24,78,251,Michigan,2,88,3,5,2002,75,Possession - TE,Launch Ratings,1,,,,,,,,85,83,77,69,34,20,62,73,87,71,82,10,40,63,86,63,83,12,18,25,59,12,57,60,60,10,16,10,12,36,69,62,63,69,58,63,62,Long Stride Default,82,78,57,93,62,78,34,10,15,20,10,23,17,88,67,14
m27-1,14649,Adonai,Mitchell,Adonai Mitchell,WR,NY Jets,Jets,23,74,205,Texas,2,15,8,10,2002,75,Deep Threat - WR,Launch Ratings,1,,,,,,,,95,91,73,79,26,24,70,72,79,90,78,10,17,42,86,77,89,15,19,67,33,10,20,15,26,20,16,10,10,29,66,80,77,76,30,23,48,Long Stride Default,81,94,71,83,43,51,27,15,20,25,34,45,26,79,33,17
m27-1,13845,Andrew,Wylie,Andrew Wylie,RG,Washington Commanders,Commanders,32,78,309,Eastern Michigan,9,71,19,8,1994,75,Power - G,Launch Ratings,1,,,,,,,,70,65,71,25,32,12,20,27,35,52,30,30,40,87,91,20,82,15,19,10,83,11,73,81,77,5,18,40,10,33,20,7,15,25,76,80,78,Default Stride Awkward,30,68,20,87,20,85,35,5,5,5,5,25,10,80,32,11
m27-1,21493,Ar'Darius,Washington,Ar'Darius Washington,CB,NY Giants,Giants,26,68,176,TCU,5,24,2,11,1999,75,Zone - CB,Launch Ratings,1,,,,,,,,86,80,83,67,48,15,50,59,71,84,63,30,74,52,85,73,89,11,10,40,10,77,35,35,35,15,84,25,62,82,12,15,25,30,35,35,35,Short Stride Loose,71,84,68,86,33,57,68,15,20,24,21,27,10,85,30,81
m27-1,16270,Avieon,Terrell,Avieon Terrell,CB,Atlanta Falcons,Falcons,21,71,184,Clemson,0,12,11,1,2005,75,Zone - CB,Launch Ratings,1,,,,,,,,91,91,77,65,51,19,56,64,72,88,65,38,67,48,90,72,82,16,18,57,16,70,35,35,35,6,76,34,70,74,43,42,47,52,35,35,35,Default Stride Loose,63,88,64,88,36,61,70,6,6,6,6,25,10,85,32,73
m27-1,1369,Beanie,Bishop Jr,Beanie Bishop Jr,CB,New Orleans Saints,Saints,26,69,182,West Virginia,2,22,17,12,1999,75,Manto Man - CB,Launch Ratings,1,,,,,,,,94,84,70,63,51,19,54,63,76,89,69,35,58,49,92,65,83,13,14,47,17,75,18,20,30,6,68,29,73,76,19,17,19,22,21,24,35,Short Stride Loose,72,92,60,86,23,68,69,6,6,6,6,35,15,79,25,71
m27-1,20400,Ben,Powers,Ben Powers,LG,Denver Broncos,Broncos,29,76,310,Oklahoma,7,74,29,10,1996,75,Power - G,Launch Ratings,1,,,,,,,,68,60,88,15,33,12,9,40,37,46,15,10,25,83,88,10,72,11,11,10,77,12,79,75,77,6,10,10,10,35,15,5,5,15,77,81,79,Default Stride Awkward,15,70,10,85,10,82,38,6,6,6,6,25,11,87,25,12
m27-1,15290,Benjamin,Morrison,Benjamin Morrison,CB,Tampa Bay Buccaneers,Buccaneers,22,72,193,Notre Dame,1,21,11,3,2004,75,Manto Man - CB,Launch Ratings,1,,,,,,,,94,91,68,78,44,22,58,67,77,89,69,33,53,43,82,78,92,22,24,81,24,76,35,25,35,6,66,25,77,69,23,19,21,24,35,25,35,Default Stride Loose,75,92,69,85,42,57,52,8,7,9,6,15,10,82,37,72
m27-1,16267,Blake,Miller,Blake Miller,RT,Detroit Lions,Lions,22,78,317,Clemson,0,76,25,2,2004,75,Power - OT,Launch Ratings,1,,,,,,,,75,60,80,14,31,12,11,25,22,59,14,30,44,85,89,10,78,12,10,10,80,11,76,79,80,6,23,31,10,33,18,5,5,19,76,77,77,Long Stride Awkward,14,71,10,88,15,92,34,6,6,6,6,15,12,87,28,12
m27-1,21786,Brandin,Echols,Brandin Echols,CB,Pittsburgh Steelers,Steelers,28,70,175,Kentucky,5,26,16,10,1997,75,Zone - CB,Launch Ratings,1,,,,,,,,93,87,74,68,43,31,45,62,63,87,52,38,47,39,87,74,95,16,21,65,14,71,35,35,35,23,73,29,75,66,33,37,40,45,35,35,35,Default Stride Loose,56,91,64,90,32,52,64,12,14,19,21,32,13,85,33,75
m27-1,22915,Bryan,Bresee,Bryan Bresee,DT,New Orleans Saints,Saints,24,77,305,Clemson,3,90,6,10,2001,75,Power Rusher - DT,Launch Ratings,1,,,,,,,,85,70,77,41,73,13,35,44,47,68,41,64,84,87,85,38,72,23,24,10,44,24,40,40,40,6,75,79,20,79,12,3,5,10,45,45,45,Long Stride Awkward,43,78,30,80,47,88,78,7,10,13,6,22,15,90,50,28
m27-1,16411,Bud,Clark,Bud Clark,FS,Seattle Seahawks,Seahawks,24,73,188,TCU,0,9,3,5,2002,75,Zone - S,Launch Ratings,1,,,,,,,,91,86,75,62,53,45,59,55,64,87,65,49,73,61,84,71,88,22,21,64,24,70,35,35,35,34,72,39,67,79,38,32,39,42,35,35,35,Default Stride Loose,63,91,55,95,44,65,69,37,40,43,33,40,37,87,52,72
m27-1,20621,C.J.,Gardner-Johnson,C.J. Gardner-Johnson,SS,Buffalo Bills,Bills,28,71,208,Florida,7,22,20,12,1997,75,Zone - S,Launch Ratings,1,,,,,,,,89,83,77,68,53,12,53,64,84,84,61,51,76,61,85,74,86,50,65,64,19,69,35,35,35,15,73,36,77,77,26,15,21,28,35,35,35,Default Stride Loose,66,90,65,91,25,68,66,10,10,15,15,25,20,83,38,75
m27-1,22091,Cade,Otton,Cade Otton,TE,Tampa Bay Buccaneers,Buccaneers,27,77,247,Washington,4,88,15,4,1999,75,Possession - TE,Launch Ratings,1,,,,,,,,83,70,78,68,42,11,58,72,87,67,79,26,42,70,89,60,77,19,21,25,64,14,61,60,62,15,41,28,12,45,72,59,65,70,60,63,65,Long Stride Default,80,81,56,95,64,77,39,14,20,25,15,30,10,80,69,21
m27-1,1822,Caleb,Lomu,Caleb Lomu,LT,New England Patriots,Patriots,21,78,313,Utah,0,74,23,12,2004,75,Power - OT,Launch Ratings,1,,,,,,,,76,67,79,15,21,12,16,26,25,53,19,10,47,82,86,10,75,12,10,10,83,15,80,75,75,6,23,10,10,21,16,5,5,11,80,74,76,Long Stride Awkward,15,73,10,88,12,85,24,6,6,6,6,18,12,89,21,14
m27-1,14778,Cam,Ward,Cam Ward,QB,Tennessee Titans,Titans,24,74,219,Miami,1,1,25,5,2002,75,Field General - QB,Launch Ratings,1,,,,,,,,85,83,70,73,40,90,63,65,49,81,28,39,34,30,93,62,80,28,24,28,32,33,33,36,26,82,32,38,33,24,25,19,17,35,33,33,32,Default Stride Loose,33,82,64,92,41,66,35,78,80,86,87,91,80,94,41,35
m27-1,23110,Chad,Ryland,Chad Ryland,K,Arizona Cardinals,Cardinals,26,72,195,Maryland,3,38,15,10,1999,75,Power - KP,Launch Ratings,1,,,,,,,,74,60,61,10,13,14,9,32,35,55,10,10,15,15,92,10,66,83,94,10,10,12,10,10,10,20,10,10,10,30,12,10,10,10,12,12,12,Default Stride Awkward,12,73,10,84,10,40,24,25,30,35,22,34,15,63,10,12
m27-1,16419,Chase,Bisontis,Chase Bisontis,RG,Arizona Cardinals,Cardinals,22,77,330,Texas AM,0,57,10,6,2004,75,Agile - G,Launch Ratings,1,,,,,,,,74,66,75,14,18,14,10,27,29,55,17,10,23,82,91,10,78,27,25,10,81,10,77,75,79,6,23,10,10,28,11,5,5,16,80,75,77,Default Stride Awkward,24,72,10,84,16,89,34,6,6,6,6,14,11,89,23,12
m27-1,14753,Chop,Robinson,Chop Robinson,LEDG,Miami Dolphins,Dolphins,23,75,254,Penn State,2,44,2,1,2003,75,Smaller Speed Rusher - DE,Launch Ratings,1,,,,,,,,91,81,74,33,70,12,26,30,28,75,20,77,76,78,89,35,83,12,14,10,14,47,45,45,45,6,71,70,35,81,16,6,8,10,45,45,45,Default Stride Loose,20,88,24,82,26,73,77,6,6,6,6,23,14,81,33,49
m27-1,16167,Christen,Miller,Christen Miller,DT,New Orleans Saints,Saints,22,76,321,Georgia,0,52,5,8,2004,75,Speed Rusher - DT,Launch Ratings,1,,,,,,,,76,61,78,36,78,12,11,45,51,57,36,70,81,88,82,36,75,15,15,10,21,24,45,45,45,6,76,75,25,79,24,2,14,16,45,45,45,Default Stride Awkward,36,68,36,74,43,88,82,6,6,6,6,25,10,87,42,21
m27-1,23035,Clark,Phillips III,Clark Phillips III,CB,Atlanta Falcons,Falcons,24,70,183,Utah,3,22,19,12,2001,75,Manto Man - CB,Launch Ratings,1,,,,,,,,94,89,74,76,41,12,65,57,76,90,64,39,58,41,92,75,80,11,13,55,18,78,35,35,35,8,77,31,62,70,28,21,24,29,35,35,35,Default Stride Loose,67,89,70,91,58,60,55,10,12,15,7,23,15,81,30,74
m27-1,20731,Cole,Holcomb,Cole Holcomb,WILL,Pittsburgh Steelers,Steelers,30,73,240,North Carolina,7,55,30,6,1996,75,Run Stopper - OLB,Launch Ratings,1,,,,,,,,88,86,70,50,72,12,45,60,65,74,45,46,77,73,85,33,80,35,18,10,20,66,45,45,45,6,69,54,50,86,30,21,25,30,45,45,45,Default Stride Loose,47,87,26,92,23,72,88,6,6,6,6,27,12,85,32,70
m27-1,16243,Colton,Hood,Colton Hood,CB,NY Giants,Giants,21,72,193,Tennessee,0,12,23,2,2005,75,Manto Man - CB,Launch Ratings,1,,,,,,,,93,89,74,65,50,15,57,64,71,87,66,43,65,49,88,70,94,15,17,54,16,73,35,35,35,14,74,35,73,74,34,36,39,42,35,35,35,Default Stride Loose,62,91,64,86,36,57,66,12,15,18,13,26,16,85,33,68
m27-1,14708,Cooper,Beebe,Cooper Beebe,C,Dallas Cowboys,Cowboys,25,76,335,Kansas State,2,56,19,5,2001,75,Agile - C,Launch Ratings,1,,,,,,,,75,69,78,19,33,11,14,30,32,60,31,21,37,83,90,15,69,12,14,10,84,9,77,74,75,6,28,28,9,39,22,12,16,21,83,81,81,Default Stride Awkward,24,71,10,84,21,87,40,5,6,7,9,10,5,92,28,12
m27-1,1864,D'Angelo,Ponds,D'Angelo Ponds,CB,NY Jets,Jets,21,69,180,Indiana,0,23,13,1,2005,75,Manto Man - CB,Launch Ratings,1,,,,,,,,94,87,73,67,45,11,55,63,68,85,64,32,61,45,90,68,96,12,14,59,15,70,35,35,35,6,73,35,74,73,34,30,33,31,35,35,35,Short Stride Loose,61,94,66,87,35,54,64,6,6,6,6,28,10,81,34,74
m27-1,12595,Dalvin,Tomlinson,Dalvin Tomlinson,DT,Los Angeles Chargers,Chargers,32,75,317,Alabama,9,94,28,2,1994,75,Power Rusher - DT,Launch Ratings,1,,,,,,,,65,59,82,33,77,12,19,27,34,48,22,65,82,84,96,28,68,17,17,14,32,22,45,44,45,6,81,76,15,80,15,3,5,13,45,46,45,Long Stride Awkward,24,69,16,80,39,89,83,6,6,6,6,23,16,91,37,29
m27-1,2528,Dante,Fowler Jr,Dante Fowler Jr,LEDG,Seattle Seahawks,Seahawks,32,75,261,Florida,11,56,3,8,1994,75,Smaller Speed Rusher - DE,Launch Ratings,1,,,,,,,,84,80,82,50,70,12,35,55,51,66,45,77,83,84,84,45,79,22,21,10,12,41,45,45,45,6,78,68,42,83,28,4,8,15,45,45,45,Default Stride Loose,44,81,52,81,45,73,78,6,6,6,6,25,16,77,55,45
m27-1,23052,Deonte,Banks,Deonte Banks,CB,NY Giants,Giants,25,74,205,Maryland,3,2,3,3,2001,75,Manto Man - CB,Launch Ratings,1,,,,,,,,97,90,70,67,55,20,64,55,66,91,57,41,69,51,89,77,96,17,16,80,24,69,29,29,29,6,67,33,76,72,41,32,36,39,34,34,34,Default Stride Loose,61,94,69,91,53,60,65,12,14,17,19,25,14,85,48,71
m27-1,20491,Devin,Singletary,Devin Singletary,HB,NY Giants,Giants,28,67,203,FAU,7,26,3,9,1997,75,Elusive Back - HB,Launch Ratings,1,,,,,,,,88,88,77,83,25,27,80,86,70,89,51,10,21,41,94,86,84,10,14,73,34,13,35,38,63,17,12,10,15,37,50,47,54,60,21,24,31,Default Stride High and Tight,48,86,76,92,79,70,37,12,15,21,14,24,12,90,78,15
m27-1,15171,Donovan,Ezeiruaku,Donovan Ezeiruaku,REDG,Dallas Cowboys,Cowboys,22,75,248,Boston College,1,6,25,9,2003,75,Smaller Speed Rusher - DE,Launch Ratings,1,,,,,,,,89,85,73,25,78,19,23,42,38,75,23,77,77,81,91,34,85,15,21,28,32,33,45,45,45,6,74,69,28,84,14,7,8,15,45,45,45,Long Stride Loose,21,83,33,82,33,77,77,6,6,9,15,22,14,89,28,43
m27-1,15123,Donovan,Jackson,Donovan Jackson,LG,Minnesota Vikings,Vikings,23,76,324,Ohio State,1,74,4,12,2002,75,Agile - G,Launch Ratings,1,,,,,,,,72,62,76,12,35,11,8,25,23,53,13,20,40,86,89,14,71,12,14,10,82,10,79,77,77,6,25,16,10,22,10,5,5,10,78,76,76,Long Stride Awkward,12,67,12,86,16,90,31,6,6,6,6,13,13,90,12,10
m27-1,23011,Drake,Thomas,Drake Thomas,WILL,Seattle Seahawks,Seahawks,26,71,228,N.C. State,3,32,25,2,2000,75,Pass Coverage - OLB,Launch Ratings,1,,,,,,,,87,80,78,50,69,7,25,53,57,79,49,54,81,68,90,51,85,22,24,10,31,61,35,35,35,6,82,45,46,87,16,6,13,23,45,45,45,Default Stride High and Tight,50,82,49,84,45,66,83,10,11,15,7,27,8,89,48,73
m27-1,15044,Dylan,Sampson,Dylan Sampson,HB,Cleveland Browns,Browns,21,68,199,Tennessee,1,22,14,9,2004,75,Elusive Back - HB,Launch Ratings,1,,,,,,,,91,88,67,82,32,21,82,88,68,86,51,26,26,32,92,82,84,28,32,70,38,22,33,39,50,20,34,24,25,33,48,51,55,61,22,25,39,Default,52,92,80,84,74,65,28,25,14,24,14,29,27,86,72,26
m27-1,22128,Dylan,Parham,Dylan Parham,LG,NY Jets,Jets,27,75,311,Memphis,4,64,24,8,1999,75,Power - G,Launch Ratings,1,,,,,,,,81,58,84,40,33,15,36,46,41,57,38,29,35,82,92,30,67,21,22,10,88,15,77,73,76,6,37,29,18,41,30,29,33,35,74,80,78,Default Stride Awkward,40,74,20,89,33,84,36,6,6,6,6,22,5,82,38,25
m27-1,20730,E.J.,Speed,E.J. Speed,SAM,Houston Texans,Texans,31,75,224,Tarleton State,7,45,1,6,1995,75,Run Stopper - OLB,Launch Ratings,1,,,,,,,,87,82,73,60,72,12,52,66,66,73,66,61,87,76,89,70,82,16,18,60,23,57,45,45,45,6,74,53,37,85,40,27,32,41,45,45,45,Default Stride Loose,64,89,61,91,33,74,84,6,6,6,6,24,15,81,26,63
m27-1,21599,Elijah,Moore,Elijah Moore,WR,Philadelphia Eagles,Eagles,26,70,178,Ole Miss,5,19,27,3,2000,75,Slot - WR,Launch Ratings,1,,,,,,,,90,92,68,86,25,21,75,76,83,92,83,10,15,41,86,87,84,13,16,77,23,12,14,18,27,18,16,10,18,31,66,73,73,73,29,24,41,Default Stride Loose,82,91,78,87,39,59,24,10,10,15,10,36,20,86,43,17
m27-1,1808,Emmanuel,McNeil-Warren,Emmanuel McNeil-Warren,FS,Cleveland Browns,Browns,22,76,201,Toledo,0,28,8,1,2004,75,Zone - S,Launch Ratings,1,,,,,,,,91,84,75,61,53,15,55,59,67,83,60,47,80,56,85,60,85,23,21,46,27,64,35,35,35,6,73,35,65,79,41,35,42,45,35,35,35,Default Stride Loose,62,88,58,90,45,61,71,6,6,6,6,29,12,90,53,76
m27-1,23029,Emmanuel,Forbes Jr,Emmanuel Forbes Jr,CB,Los Angeles Rams,Rams,25,72,173,Mississippi St.,3,1,13,1,2001,75,Manto Man - CB,Launch Ratings,1,,,,,,,,95,89,76,83,41,15,77,65,78,85,72,31,52,35,88,80,89,12,11,75,14,76,35,35,35,6,73,20,58,68,28,40,44,50,35,35,35,Default Stride Loose,75,94,70,89,35,44,47,10,12,15,6,24,10,79,30,72
m27-1,10582,Grey,Zabel,Grey Zabel,LG,Seattle Seahawks,Seahawks,24,78,312,North Dakota St.,2,76,30,3,2002,75,Agile - G,Launch Ratings,1,,,,,,,,79,62,78,15,25,11,9,25,24,61,10,17,26,83,91,10,84,14,17,10,84,10,78,73,76,6,20,19,10,27,14,5,5,12,78,75,77,Default Stride Awkward,15,74,9,91,17,88,30,6,6,6,6,17,14,87,21,10
m27-1,22998,Henry,To'oTo'o,Henry To'oTo'o,WILL,Houston Texans,Texans,25,74,228,Alabama,3,39,5,1,2001,75,Pass Coverage - OLB,Launch Ratings,1,,,,,,,,92,81,79,67,71,10,59,57,55,73,54,55,82,66,89,66,78,31,32,44,31,70,35,35,35,6,80,49,57,89,23,13,18,22,35,35,35,Default Stride High and Tight,55,85,62,87,64,65,78,6,6,6,6,30,11,85,59,68
m27-1,22092,Isaiah,Likely,Isaiah Likely,TE,NY Giants,Giants,26,76,241,Coastal Carolina,4,9,18,4,2000,75,Vertical Threat - TE,Launch Ratings,1,,,,,,,,86,81,61,82,33,28,68,73,89,76,79,30,31,54,90,78,86,12,18,35,54,25,52,49,53,15,36,20,34,36,74,66,68,73,63,60,64,Long Stride Default,81,84,70,87,74,66,36,11,15,21,24,24,13,88,67,30
m27-1,16368,Jadarian,Price,Jadarian Price,HB,Seattle Seahawks,Seahawks,22,71,209,Notre Dame,0,8,9,10,2003,75,Elusive Back - HB,Launch Ratings,1,,,,,,,,90,88,76,83,26,23,77,88,66,84,47,12,26,44,88,83,84,25,24,80,41,21,29,27,52,22,28,18,20,26,42,40,48,55,23,28,41,Default,48,89,77,83,64,72,22,17,19,24,24,35,18,88,70,23
m27-1,15277,Jahdae,Barron,Jahdae Barron,CB,Denver Broncos,Broncos,24,71,200,Texas,1,23,4,12,2001,75,Zone - CB,Launch Ratings,1,,,,,,,,92,88,70,75,50,9,48,62,75,91,63,45,47,44,89,76,84,15,18,55,18,73,35,25,25,6,70,27,73,76,34,31,30,33,35,25,25,Default Stride Loose,69,93,69,93,37,54,59,6,6,6,6,24,8,91,32,77
m27-1,2725,James,Winchester,James Winchester,LS,Kansas City Chiefs,Chiefs,37,75,240,Oklahoma,11,41,6,8,1989,75,Accurate - LS,Launch Ratings,1,,,,,,,,80,74,70,40,39,15,20,64,60,76,47,20,45,60,94,37,77,24,25,10,45,15,40,50,50,10,25,15,25,56,44,32,37,42,35,40,47,Default,49,79,39,69,38,67,42,10,10,10,10,40,10,75,32,25
m27-1,14984,Jarvis,Brownlee Jr,Jarvis Brownlee Jr,CB,NY Jets,Jets,25,70,194,Louisville,2,2,13,7,2001,75,Zone - CB,Launch Ratings,0,,,,,,,,91,85,77,71,51,23,65,55,73,86,61,40,75,57,93,75,77,18,15,60,31,71,22,24,30,14,76,32,69,74,35,30,34,39,26,29,35,Default Stride Loose,64,92,70,89,32,63,70,19,24,29,28,31,12,95,35,76
m27-1,20534,Jawaan,Taylor,Jawaan Taylor,RT,Atlanta Falcons,Falcons,28,77,312,Florida,7,71,25,11,1997,75,Pass Protector - OT,Launch Ratings,1,,,,,,,,59,63,82,15,36,12,6,30,35,51,10,10,43,86,94,10,72,20,22,10,70,12,78,83,81,6,10,10,10,27,12,5,5,10,67,73,70,Default Stride Awkward,12,66,10,90,25,87,38,6,6,6,6,19,10,84,34,12
m27-1,15068,Jaylin,Lane,Jaylin Lane,WR,Washington Commanders,Commanders,24,70,191,Virginia Tech,1,83,1,5,2002,75,Deep Threat - WR,Launch Ratings,1,,,,,,,,93,91,78,80,36,28,76,72,83,90,77,28,32,38,86,79,90,20,24,86,24,34,11,20,22,33,28,27,25,31,71,76,73,76,20,19,43,Default,78,94,70,88,60,58,34,33,41,44,39,60,32,81,57,37
m27-1,1073,John,Jenkins,John Jenkins,DT,Baltimore Ravens,Ravens,37,75,360,Georgia,13,94,11,7,1989,75,Speed Rusher - DT,Launch Ratings,1,,,,,,,,62,54,78,15,77,12,10,40,30,42,15,55,81,88,84,10,63,17,23,10,35,10,45,45,45,6,79,73,10,76,15,3,7,15,45,45,45,Default Stride Awkward,15,70,10,71,25,90,87,6,6,6,6,25,10,76,45,15
m27-1,20990,Joshua,Uche,Joshua Uche,REDG,Miami Dolphins,Dolphins,27,75,226,Michigan,6,9,18,9,1998,75,Smaller Speed Rusher - DE,Launch Ratings,1,,,,,,,,90,83,66,44,72,16,27,44,48,73,26,80,79,79,84,43,84,12,18,10,14,47,45,45,45,5,64,69,43,79,16,5,10,18,45,45,45,Short Stride Loose,29,86,26,81,32,73,80,5,5,5,5,21,16,79,28,55
m27-1,22217,Joshua,Williams,Joshua Williams,CB,Tennessee Titans,Titans,26,75,193,Fayetteville State,4,25,17,10,1999,75,Zone - CB,Launch Ratings,1,,,,,,,,93,86,76,70,46,21,62,64,71,82,61,38,66,55,89,72,88,13,14,55,23,70,33,34,34,6,73,32,76,70,43,35,37,40,35,35,35,Long Stride Default,66,92,65,87,41,59,60,6,6,6,11,30,13,84,42,75
m27-1,21615,Joshua,Palmer,Joshua Palmer,WR,Buffalo Bills,Bills,26,73,210,Tennessee,5,5,22,9,1999,75,Deep Threat - WR,Launch Ratings,1,,,,,,,,89,83,84,77,26,18,77,75,84,82,87,10,18,39,92,76,88,13,18,55,20,15,20,24,28,6,16,10,16,31,79,76,77,77,24,29,38,Long Stride Default,85,87,71,86,63,65,26,10,15,20,10,28,16,89,52,19
m27-1,1839,Josiah,Trotter,Josiah Trotter,MIKE,Tampa Bay Buccaneers,Buccaneers,21,74,237,Missouri,0,45,15,4,2005,75,Field General - MLB,Launch Ratings,1,,,,,,,,90,82,75,30,73,19,38,54,62,76,30,65,84,81,84,55,86,17,22,12,28,58,42,43,68,6,75,62,49,85,16,17,22,27,52,69,48,Default Stride Loose,25,88,52,85,47,76,84,6,6,6,6,12,10,88,46,57
m27-1,12571,JuJu,Smith-Schuster,JuJu Smith-Schuster,WR,NY Giants,Giants,29,73,215,USC,9,8,22,11,1996,75,Deep Threat - WR,Launch Ratings,1,,,,,,,,89,84,78,84,28,22,79,73,87,81,83,21,41,64,86,80,91,17,24,77,44,37,30,34,46,18,15,15,26,50,77,70,73,74,32,34,48,Default,85,87,71,89,83,72,43,14,18,24,28,34,21,91,74,45
m27-1,20991,K'Lavon,Chaisson,K'Lavon Chaisson,REDG,Washington Commanders,Commanders,27,75,255,LSU,6,45,25,7,1999,75,Smaller Speed Rusher - DE,Launch Ratings,1,,,,,,,,87,85,71,32,75,15,19,47,51,72,31,78,85,82,87,41,82,17,20,10,15,49,45,45,45,6,70,65,29,80,15,5,7,12,45,45,45,Default Stride Loose,33,86,34,76,37,78,77,6,6,6,6,26,13,78,30,54
m27-1,12493,Kalif,Raymond,Kalif Raymond,WR,Chicago Bears,Bears,32,68,160,Holy Cross,9,14,8,8,1994,75,Deep Threat - WR,Launch Ratings,1,,,,,,,,91,86,80,75,34,22,73,72,87,83,74,16,42,41,88,82,82,22,23,84,21,22,19,21,38,6,24,11,22,52,75,78,77,76,16,23,41,Short Stride Default,80,91,79,85,53,53,44,6,10,15,10,35,19,75,32,31
m27-1,16182,Kayden,McDonald,Kayden McDonald,DT,Houston Texans,Texans,21,74,326,Ohio State,0,93,12,3,2005,75,Power Rusher - DT,Launch Ratings,1,,,,,,,,73,59,77,27,80,12,15,41,37,53,27,69,81,84,89,27,74,23,15,10,28,23,45,45,45,6,77,73,25,79,25,3,15,17,45,45,45,Default Stride Loose,27,65,27,77,45,88,82,6,6,6,6,25,10,87,41,21
m27-1,16347,KC,Concepcion Jr,KC Concepcion Jr,WR,Cleveland Browns,Browns,21,72,190,Texas AM,0,1,24,9,2004,75,Deep Threat - WR,Launch Ratings,1,,,,,,,,93,91,63,84,29,39,79,70,76,91,79,28,31,47,92,83,90,29,28,82,31,32,25,24,22,36,33,22,42,33,78,77,79,79,36,33,53,Default,80,91,75,89,63,70,36,47,47,51,44,63,37,87,54,36
m27-1,23134,Keaton,Mitchell,Keaton Mitchell,HB,Los Angeles Chargers,Chargers,24,68,186,East Carolina,3,34,17,1,2002,75,Elusive Back - HB,Launch Ratings,1,,,,,,,,95,82,73,79,23,26,78,86,71,83,64,22,26,35,85,84,90,10,10,73,29,25,41,37,47,15,20,15,22,33,42,54,53,62,40,40,40,Short Stride Loose,61,94,79,86,56,60,27,20,24,25,25,27,11,79,48,32
m27-1,15238,Kenneth,Grant,Kenneth Grant,DT,Miami Dolphins,Dolphins,22,76,330,Michigan,1,78,27,10,2003,75,Power Rusher - DT,Launch Ratings,1,,,,,,,,78,66,75,35,75,21,29,44,45,60,37,67,84,88,91,23,76,25,36,28,27,15,45,45,45,15,74,73,18,78,17,10,12,18,45,45,45,Default Stride Awkward,38,68,19,74,36,92,83,8,10,15,12,18,17,93,44,21
m27-1,14646,Keon,Coleman,Keon Coleman,WR,Buffalo Bills,Bills,23,75,215,Florida State,2,0,17,5,2003,75,Slot - WR,Launch Ratings,1,,,,,,,,88,87,73,84,40,22,77,74,84,88,85,10,39,40,88,78,94,20,22,77,15,25,30,30,52,28,26,10,28,45,79,75,77,77,27,33,42,Long Stride Default,88,87,73,85,62,72,40,40,46,52,35,65,19,84,52,31
m27-1,16236,Keyron,Crawford,Keyron Crawford,REDG,Las Vegas Raiders,Raiders,22,76,253,Auburn,0,42,17,10,2003,75,Smaller Speed Rusher - DE,Launch Ratings,1,,,,,,,,86,79,81,31,74,20,32,50,45,75,39,77,79,76,88,38,82,20,27,29,24,44,45,45,45,12,80,71,38,80,19,10,15,17,45,45,45,Long Stride Loose,38,80,40,79,35,78,77,10,15,12,10,20,25,87,35,51
m27-1,14705,Kingsley,Suamataia,Kingsley Suamataia,LG,Kansas City Chiefs,Chiefs,23,77,326,BYU,2,76,18,1,2003,75,Power - G,Launch Ratings,1,,,,,,,,76,67,71,28,30,11,20,31,35,52,31,33,30,84,91,15,70,25,31,10,81,15,76,82,79,9,20,35,15,27,14,11,12,14,78,75,77,Long Stride Awkward,32,71,15,88,35,89,40,9,11,15,9,78,12,85,40,20
m27-1,20430,Kyler,Murray,Kyler Murray,QB,Minnesota Vikings,Vikings,29,70,207,Oklahoma,7,1,7,8,1997,75,Field General - QB,Launch Ratings,1,,,,,,,,90,89,53,94,14,85,73,69,50,88,19,10,12,10,80,86,64,15,19,10,10,17,12,12,12,84,17,10,10,29,11,13,15,17,13,13,13,Short Stride Loose,21,89,77,89,49,59,34,79,82,87,85,90,83,85,25,23
m27-1,20974,Lloyd,Cushenberry III,Lloyd Cushenberry III,C,Buffalo Bills,Bills,28,76,315,LSU,6,53,22,11,1997,75,Power - C,Launch Ratings,1,,,,,,,,65,56,89,10,23,12,9,30,30,49,10,12,22,83,88,10,61,21,22,10,81,13,78,77,77,6,28,15,10,25,12,5,5,10,76,78,77,Default Stride Awkward,12,70,10,88,10,85,22,6,6,6,6,22,15,92,20,14
m27-1,21763,Mac,Jones,Mac Jones,QB,San Francisco 49ers,49ers,27,75,220,Alabama,5,10,5,9,1998,75,Field General - QB,Launch Ratings,1,,,,,,,,81,80,78,73,20,54,36,65,28,74,15,10,13,19,90,52,75,29,41,10,32,10,14,14,14,83,16,10,10,20,15,12,14,15,23,20,32,Default,15,84,43,82,34,60,18,78,87,88,79,86,82,91,50,14
m27-1,21691,Malcolm,Koonce,Malcolm Koonce,LEDG,Las Vegas Raiders,Raiders,28,74,243,Buffalo,5,51,6,6,1998,75,Smaller Speed Rusher - DE,Launch Ratings,1,,,,,,,,87,82,75,45,76,12,29,52,47,70,42,78,78,78,89,43,82,17,20,15,28,38,45,45,45,6,73,72,28,82,29,18,24,27,45,45,45,Default Stride Loose,47,84,37,72,35,75,79,6,6,6,6,26,13,81,29,46
m27-1,20737,Marcus,Epps,Marcus Epps,SS,Philadelphia Eagles,Eagles,30,73,198,Wyoming,7,29,27,1,1996,75,Run Support - S,Launch Ratings,1,,,,,,,,87,87,76,63,61,11,53,57,67,81,57,43,84,55,88,70,91,17,18,60,18,67,34,33,35,6,77,32,66,79,28,26,30,38,34,33,35,Short Stride Loose,57,87,62,94,48,63,72,10,12,14,6,27,10,85,30,72
m27-1,22258,Martin,Emerson Jr,Martin Emerson Jr,CB,New Orleans Saints,Saints,25,74,201,Mississippi St.,4,47,27,9,2000,75,Zone - CB,Launch Ratings,1,,,,,,,,91,86,77,61,45,17,52,60,67,86,50,39,59,49,89,70,84,13,19,42,19,70,35,35,35,6,78,31,85,73,36,28,32,35,35,35,35,Long Stride Default,55,88,62,90,38,65,52,8,13,16,15,26,11,83,35,79
m27-1,14714,Matt,Goncalves,Matt Goncalves,RG,Indianapolis Colts,Colts,25,78,317,Pittsburgh,2,71,26,1,2001,75,Power - G,Launch Ratings,1,,,,,,,,71,54,78,10,28,11,10,25,12,51,10,10,25,82,85,10,75,14,16,10,79,11,77,81,79,5,13,10,9,31,12,8,10,10,76,80,78,Long Stride Awkward,12,66,10,86,26,84,32,5,6,7,7,17,5,86,20,11
m27-1,22388,Matt,Araiza,Matt Araiza,P,Kansas City Chiefs,Chiefs,26,73,200,San Diego St.,4,14,16,5,2000,75,Power - KP,Launch Ratings,0,,,,,,,,86,67,55,25,20,21,14,35,27,57,15,10,24,17,89,32,78,79,98,10,16,11,17,17,17,19,19,10,10,38,15,15,15,15,16,16,16,Default Stride Loose,20,82,23,87,10,49,34,20,25,30,24,35,19,76,12,15
m27-1,20715,Matt,Gay,Matt Gay,K,Las Vegas Raiders,Raiders,32,72,232,Utah,7,14,15,3,1994,75,Power - KP,Launch Ratings,1,,,,,,,,68,57,58,10,13,21,16,40,30,51,15,10,12,21,86,10,68,84,96,10,16,12,16,16,16,20,10,10,10,15,15,15,15,15,17,17,21,Default Stride Awkward,15,73,10,87,10,41,13,25,30,35,20,27,24,60,10,12
m27-1,16232,Max,Iheanachor,Max Iheanachor,LT,Pittsburgh Steelers,Steelers,22,78,321,Arizona St.,0,71,19,10,2003,75,Power - OT,Launch Ratings,1,,,,,,,,77,64,78,12,24,12,18,24,28,52,17,10,46,83,88,10,75,12,10,10,80,11,74,80,79,6,22,10,10,21,18,5,5,16,77,77,76,Long Stride Awkward,17,75,10,86,13,88,26,6,6,6,6,14,12,86,24,16
m27-1,21386,Michael,Hoecht,Michael Hoecht,LEDG,Buffalo Bills,Bills,28,76,264,Brown,6,55,5,10,1997,75,Smaller Speed Rusher - DE,Launch Ratings,1,,,,,,,,85,79,75,47,76,12,36,52,33,66,35,77,80,84,89,51,81,6,8,35,23,46,45,45,49,6,73,69,18,81,15,17,22,30,45,45,45,Long Stride Loose,33,83,44,75,51,83,79,6,6,6,6,10,14,88,57,50
m27-1,15200,Mike,Green,Mike Green,REDG,Baltimore Ravens,Ravens,23,75,251,Marshall,1,15,28,7,2003,75,Smaller Speed Rusher - DE,Launch Ratings,1,,,,,,,,92,88,66,37,72,22,27,42,37,77,23,76,75,77,87,35,88,24,24,26,20,28,45,45,45,6,64,66,25,79,12,7,8,15,45,45,45,Long Stride Loose,25,88,36,74,34,79,79,6,8,6,6,16,10,85,26,39
m27-1,13148,Mike,Hughes,Mike Hughes,CB,Atlanta Falcons,Falcons,29,70,189,UCF,8,21,11,2,1997,75,Zone - CB,Launch Ratings,1,,,,,,,,89,90,77,73,47,17,63,72,76,87,69,31,69,57,85,81,85,24,22,82,15,73,35,35,35,6,77,23,82,72,24,26,30,35,35,35,35,Short Stride Default,74,88,73,88,41,66,64,6,6,6,6,23,18,84,44,78
m27-1,16165,Monroe,Freeling,Monroe Freeling,LT,Carolina Panthers,Panthers,22,79,315,Georgia,0,57,25,7,2004,75,Power - OT,Launch Ratings,1,,,,,,,,79,68,79,15,24,12,17,25,22,57,15,10,43,83,85,10,81,12,10,10,80,12,80,78,78,6,23,10,10,25,15,5,5,19,80,77,78,Long Stride Awkward,14,75,10,80,11,86,28,6,6,6,6,15,12,84,25,15
m27-1,22936,Moro,Ojomo,Moro Ojomo,DT,Philadelphia Eagles,Eagles,25,75,292,Texas,3,97,15,8,2001,75,Power Rusher - DT,Launch Ratings,1,,,,,,,,82,69,78,33,74,15,21,35,33,61,22,73,81,86,92,35,80,22,28,10,25,22,45,45,45,6,74,83,31,80,15,6,8,10,45,45,45,Default Stride Awkward,25,71,25,81,51,84,82,6,9,13,7,20,6,84,38,26
m27-1,21708,Nahshon,Wright,Nahshon Wright,CB,NY Jets,Jets,27,76,185,Oregon State,5,26,23,9,1998,75,Zone - CB,Launch Ratings,1,,,,,,,,85,81,84,70,55,12,60,62,78,76,67,40,55,47,89,69,83,16,21,30,13,74,35,35,35,6,81,31,73,78,47,39,43,48,35,35,38,Long Stride Loose,74,90,63,90,49,54,69,6,10,15,10,27,10,87,40,78
m27-1,15203,Nic,Scourton,Nic Scourton,LEDG,Carolina Panthers,Panthers,22,75,257,Texas AM,1,11,25,8,2004,75,Smaller Speed Rusher - DE,Launch Ratings,1,,,,,,,,90,81,76,35,75,19,29,39,33,73,20,76,76,83,90,41,84,23,26,33,25,43,45,45,45,25,75,71,29,80,13,7,8,15,45,45,45,Long Stride Loose,22,82,37,81,41,83,78,9,10,15,9,28,32,86,33,50
m27-1,20747,Nick,Scott,Nick Scott,SS,Carolina Panthers,Panthers,31,71,200,Penn State,7,21,17,5,1995,75,Zone - S,Launch Ratings,1,,,,,,,,92,81,77,73,53,17,60,69,69,81,49,50,85,58,91,73,92,14,18,40,17,67,35,35,45,6,76,28,64,77,21,20,26,39,35,35,35,Short Stride Loose,65,89,67,91,50,64,69,6,6,6,6,28,17,84,50,74
m27-1,22852,O'Cyrus,Torrence,O'Cyrus Torrence,RG,Buffalo Bills,Bills,26,77,330,Florida,3,64,20,1,2000,75,Power - G,Launch Ratings,1,,,,,,,,68,50,75,10,39,11,5,34,25,51,12,10,45,86,92,10,61,13,14,10,67,7,73,79,76,6,10,21,7,22,12,5,7,10,76,82,79,Long Stride Awkward,14,61,10,92,10,91,35,5,6,7,6,21,12,91,15,8
m27-1,14695,Olu,Fashanu,Olu Fashanu,LT,NY Jets,Jets,23,78,312,Penn State,2,74,9,12,2002,75,Power - OT,Launch Ratings,1,,,,,,,,74,64,75,25,46,12,15,36,32,57,15,29,42,88,95,27,78,14,15,10,84,10,78,82,80,6,29,42,10,38,12,5,5,10,80,77,78,Long Stride Awkward,20,69,24,88,31,88,43,6,6,6,6,22,11,88,39,11
m27-1,16299,Omar,Cooper Jr.,Omar Cooper Jr.,WR,NY Jets,Jets,22,72,199,Indiana,0,83,14,12,2003,75,Deep Threat - WR,Launch Ratings,1,,,,,,,,93,90,64,82,22,41,79,74,82,90,80,21,29,48,88,81,91,28,28,53,37,22,20,31,31,37,23,25,27,28,77,81,77,75,34,38,55,Default,82,93,74,90,68,72,31,33,37,43,35,46,38,89,59,24
m27-1,15122,Oronde,Gadsden,Oronde Gadsden,TE,Los Angeles Chargers,Chargers,23,77,241,Syracuse,1,86,25,6,2003,75,Vertical Threat - TE,Launch Ratings,1,,,,,,,,88,80,79,73,33,32,66,73,82,75,82,31,25,59,82,68,84,16,28,33,47,22,56,54,55,28,35,28,19,33,73,64,66,73,55,52,55,Long Stride Default,81,86,66,87,64,73,29,18,23,24,31,37,24,84,63,26
m27-1,14904,Payton,Wilson,Payton Wilson,WILL,Pittsburgh Steelers,Steelers,26,76,238,N.C. State,2,41,21,4,2000,75,Pass Coverage - OLB,Launch Ratings,1,,,,,,,,93,87,76,67,65,21,56,64,73,81,66,72,87,70,84,65,83,28,27,21,35,63,29,25,35,15,75,63,69,86,31,26,32,34,38,37,41,Long Stride High and Tight,71,92,59,83,50,67,85,18,17,25,20,29,11,92,57,65
m27-1,21910,Pete,Werner,Pete Werner,MIKE,New Orleans Saints,Saints,28,75,242,Ohio State,5,20,5,6,1998,75,Field General - MLB,Launch Ratings,1,,,,,,,,88,80,77,35,73,12,15,55,62,72,42,54,82,72,88,22,89,20,20,10,14,66,45,45,45,6,75,61,53,86,20,5,5,10,45,45,45,Default Stride Loose,48,84,30,88,39,72,86,6,6,6,6,30,15,82,47,62
m27-1,14626,Ray,Davis,Ray Davis,HB,Buffalo Bills,Bills,26,69,211,Kentucky,2,7,11,11,1999,75,Elusive Back - HB,Launch Ratings,1,,,,,,,,88,86,74,82,30,34,83,93,71,85,52,10,30,35,87,82,84,55,58,88,30,12,27,33,52,25,19,10,15,36,55,54,61,66,28,33,36,Default,56,88,76,88,75,78,33,20,26,32,31,40,27,85,81,12
m27-1,1861,Romello,Height,Romello Height,LEDG,San Francisco 49ers,49ers,25,75,239,Texas Tech,0,94,13,4,2001,75,Smaller Speed Rusher - DE,Launch Ratings,1,,,,,,,,89,79,74,45,78,17,40,45,39,71,15,75,82,80,80,42,90,20,24,16,23,39,45,45,45,13,72,72,47,79,15,10,15,17,45,45,45,Long Stride Loose,15,84,44,80,42,81,83,11,27,14,24,17,15,82,35,45
m27-1,1330,Ryan,Rehkow,Ryan Rehkow,P,Cincinnati Bengals,Bengals,27,76,235,BYU,2,8,11,9,1998,75,Power - KP,Launch Ratings,1,,,,,,,,71,67,56,10,14,20,10,33,29,53,10,11,27,20,87,10,66,81,96,10,14,10,14,14,14,16,19,11,10,27,12,10,10,10,15,15,15,Long Stride Awkward,12,68,10,83,10,53,28,10,15,20,21,33,17,78,10,10
m27-1,22538,Ryan,Wright,Ryan Wright,P,New Orleans Saints,Saints,26,75,245,Tulane,4,17,1,6,2000,75,Power - KP,Launch Ratings,1,,,,,,,,83,64,61,35,23,21,29,45,31,58,21,10,44,25,90,34,80,83,92,10,15,10,8,8,16,25,23,10,10,32,15,7,11,15,9,9,7,Long Stride Awkward,24,80,24,84,30,62,39,35,40,45,24,48,14,81,36,10
m27-1,12627,Samaje,Perine,Samaje Perine,HB,Cincinnati Bengals,Bengals,30,71,240,Oklahoma,10,34,16,9,1995,75,Power Back - HB,Launch Ratings,1,,,,,,,,90,79,76,79,37,18,78,95,73,76,48,10,42,53,89,78,80,22,20,79,54,15,32,37,61,15,21,10,10,45,41,45,55,64,37,44,54,Default Stride High and Tight,45,86,67,86,85,84,40,19,23,28,15,31,17,80,84,13
m27-1,15256,Teddye,Buchanan,Teddye Buchanan,WILL,Baltimore Ravens,Ravens,23,74,240,California,1,40,3,10,2002,75,Run Stopper - OLB,Launch Ratings,1,,,,,,,,89,82,73,45,69,36,37,65,61,78,52,60,81,76,89,49,88,18,23,10,25,61,40,40,40,20,71,54,44,84,26,22,25,28,40,40,40,Default Stride Loose,54,86,43,88,39,78,86,23,26,29,34,28,23,87,40,67
m27-1,21104,Terence,Steele,Terence Steele,RT,Dallas Cowboys,Cowboys,29,78,310,Texas Tech,6,78,4,6,1997,75,Power - OT,Launch Ratings,1,,,,,,,,75,57,73,10,25,12,5,40,41,46,21,10,20,83,91,10,69,12,17,10,82,15,68,75,72,6,15,10,10,24,14,10,12,27,85,83,84,Long Stride Loose,25,74,10,88,15,88,32,6,6,6,6,22,14,88,25,20
m27-1,21913,Tommy,Togiai,Tommy Togiai,DT,Houston Texans,Texans,26,74,296,Ohio State,5,72,19,9,1999,75,Power Rusher - DT,Launch Ratings,1,,,,,,,,72,72,68,30,76,12,27,26,23,62,12,65,84,85,88,21,78,17,17,12,30,14,45,44,44,6,71,78,12,79,15,3,5,11,45,46,45,Long Stride Awkward,16,76,15,73,27,91,86,6,6,6,6,23,13,90,36,17
m27-1,22642,Tony,Adams,Tony Adams,SS,Tennessee Titans,Titans,27,72,205,Illinois,4,38,24,1,1999,75,Hybrid - S,Launch Ratings,1,,,,,,,,93,83,74,63,48,21,51,59,68,86,52,33,77,54,86,72,95,11,15,50,21,77,35,35,35,15,72,25,67,73,41,39,42,43,35,35,35,Default Stride Loose,54,89,65,86,42,62,65,10,10,15,22,25,10,75,42,74
m27-1,15008,Tory,Taylor,Tory Taylor,P,Chicago Bears,Bears,29,76,225,Iowa,2,19,10,7,1997,75,Power - KP,Launch Ratings,1,,,,,,,,83,65,59,31,28,26,10,51,45,55,10,10,49,21,93,25,65,77,95,10,17,10,15,15,20,15,15,10,15,44,12,10,10,10,15,15,25,Long Stride Awkward,12,81,22,85,30,61,39,22,25,28,21,41,13,84,25,13
m27-1,15064,Tory,Horton,Tory Horton,WR,Seattle Seahawks,Seahawks,23,75,196,Colorado St.,1,15,29,11,2002,75,Deep Threat - WR,Launch Ratings,1,,,,,,,,94,87,73,79,31,19,74,71,85,88,78,27,31,48,82,76,88,23,24,85,31,50,14,21,28,28,32,26,24,33,75,76,76,77,21,21,50,Default Stride Loose,79,93,73,85,61,68,39,12,19,27,16,31,26,84,53,37
m27-1,16290,Trey,Smack,Trey Smack,K,Green Bay Packers,Packers,23,73,188,Florida,0,28,12,7,2003,75,Power - KP,Launch Ratings,1,,,,,,,,80,61,60,21,15,15,10,36,33,51,10,10,18,11,87,22,60,84,94,10,10,18,12,13,10,17,10,10,10,28,12,10,10,10,10,10,15,Default Stride Awkward,15,73,25,81,15,43,20,27,29,32,17,25,17,56,16,12
m27-1,21582,Tutu,Atwell,Tutu Atwell,WR,Miami Dolphins,Dolphins,26,69,165,Louisville,5,4,7,10,1999,75,Slot - WR,Launch Ratings,1,,,,,,,,93,88,78,84,21,57,67,63,83,89,79,10,12,30,80,79,80,17,20,69,16,10,14,10,22,54,18,10,10,28,59,79,77,76,17,10,33,Short Stride Default,81,93,74,82,40,40,18,52,55,60,64,66,49,74,22,17
m27-1,23381,Ty,Okada,Ty Okada,FS,Seattle Seahawks,Seahawks,27,71,200,Montana State,3,39,4,6,1999,75,Zone - S,Launch Ratings,1,,,,,,,,91,88,75,73,49,45,64,67,64,90,60,38,79,51,89,73,94,22,26,45,26,70,35,35,35,41,72,32,61,72,29,26,28,35,35,35,35,Default Stride Loose,66,90,66,82,48,62,66,40,46,51,51,52,31,77,49,75
m27-1,20734,Ty,Johnson,Ty Johnson,HB,Buffalo Bills,Bills,28,70,210,Maryland,7,26,17,9,1997,75,Elusive Back - HB,Launch Ratings,1,,,,,,,,89,85,80,79,24,20,77,91,67,84,54,10,28,31,90,82,82,16,13,81,29,12,28,25,51,13,15,10,15,34,47,51,56,65,23,17,31,Default,52,90,75,85,71,64,31,10,15,20,15,23,11,79,65,15
m27-1,14931,Tyler,Nubin,Tyler Nubin,SS,NY Giants,Giants,25,74,210,Minnesota,2,27,1,11,2000,75,Run Support - S,Launch Ratings,1,,,,,,,,85,82,80,67,69,19,61,63,77,83,68,49,85,76,92,68,77,20,20,45,45,73,37,36,40,10,81,48,72,75,21,13,15,15,41,41,45,Default Stride Loose,72,87,64,90,45,62,68,7,8,10,7,25,5,89,55,76
m27-1,22371,Tyquan,Thornton,Tyquan Thornton,WR,Kansas City Chiefs,Chiefs,26,74,182,Baylor,4,2,7,8,2000,75,Deep Threat - WR,Launch Ratings,1,,,,,,,,91,82,78,73,21,25,69,76,86,83,82,10,18,39,85,72,89,14,18,72,24,12,23,25,25,26,17,10,18,30,73,79,78,76,25,16,43,Long Stride Loose,83,92,67,88,39,55,19,22,31,38,33,44,27,79,33,18
m27-1,14907,Tyrice,Knight,Tyrice Knight,WILL,Seattle Seahawks,Seahawks,25,73,233,UTEP,2,48,20,12,2000,75,Run Stopper - OLB,Launch Ratings,1,,,,,,,,90,75,73,47,74,24,43,61,62,73,52,63,85,74,91,55,83,25,24,37,35,63,23,25,26,13,72,69,49,85,41,25,24,31,25,25,27,Default Stride Loose,52,85,54,83,45,71,84,10,13,13,19,23,11,87,44,67
m27-1,15327,Upton,Stout,Upton Stout,CB,San Francisco 49ers,49ers,24,69,181,W. Kentucky,1,20,9,1,2002,75,Manto Man - CB,Launch Ratings,1,,,,,,,,92,87,72,74,47,22,54,67,76,85,64,47,58,47,87,75,89,27,27,75,25,75,35,25,35,10,70,31,74,73,23,25,27,31,35,25,35,Default,72,91,68,87,40,57,68,6,6,10,6,18,10,85,31,75
m27-1,20917,A.J.,Dillon,A.J. Dillon,HB,Carolina Panthers,Panthers,28,72,247,Boston College,6,28,2,5,1998,74,Power Back - HB,Launch Ratings,1,,,,,,,,85,78,71,82,31,36,81,90,68,79,44,10,28,53,92,76,89,12,18,25,57,10,37,42,62,15,15,15,15,33,41,34,44,51,40,48,56,Default Stride High and Tight,52,87,75,83,85,85,29,10,15,20,18,31,15,88,86,17
m27-1,10191,A.J.,Haulcy,A.J. Haulcy,SS,Indianapolis Colts,Colts,22,72,215,LSU,0,25,10,1,2004,74,Zone - S,Launch Ratings,1,,,,,,,,89,85,78,63,54,15,58,61,64,83,65,48,74,58,89,66,87,23,24,64,27,71,35,35,35,6,76,38,70,75,39,35,42,45,35,35,35,Default Stride Loose,62,88,56,94,44,72,64,6,6,6,6,26,12,91,53,73
m27-1,20390,Alec,Ingold,Alec Ingold,FB,Los Angeles Chargers,Chargers,30,73,235,Wisconsin,7,30,9,7,1996,74,Utility - FB,Launch Ratings,1,,,,,,,,79,72,70,71,35,33,49,80,71,74,62,35,41,70,85,71,86,37,56,32,81,15,43,47,67,38,33,30,20,49,51,42,50,63,59,55,67,Default,54,82,61,87,73,78,50,43,47,52,51,60,40,87,77,20
m27-1,15364,Andres,Borregales,Andres Borregales,K,New England Patriots,Patriots,23,71,202,Miami,1,36,2,1,2003,74,Power - KP,Launch Ratings,1,,,,,,,,75,67,59,19,10,15,15,35,32,51,11,10,16,15,88,13,60,82,94,10,14,11,16,13,16,18,15,10,10,22,13,10,10,12,12,11,12,Default Stride Awkward,12,75,12,82,14,46,23,22,29,32,18,28,16,71,16,12
m27-1,15335,Andrew,Mukuba,Andrew Mukuba,FS,Philadelphia Eagles,Eagles,23,71,186,Texas,1,24,7,12,2002,74,Zone - S,Launch Ratings,1,,,,,,,,91,82,72,69,57,14,57,64,73,84,61,33,78,53,85,68,85,18,20,43,25,67,35,35,35,6,69,35,70,84,36,29,33,38,35,35,35,Default Stride Loose,64,91,61,89,47,64,76,6,6,6,6,25,13,84,50,71
m27-1,20439,Anthony,Nelson,Anthony Nelson,LEDG,Tampa Bay Buccaneers,Buccaneers,29,79,271,Iowa,7,98,4,3,1997,74,Power Rusher - DE,Launch Ratings,1,,,,,,,,83,80,75,35,75,12,31,33,47,67,39,69,81,82,92,27,85,19,20,9,17,37,44,46,44,6,76,77,26,81,17,3,7,14,45,44,44,Long Stride Loose,42,80,24,79,38,77,85,6,6,6,6,22,17,86,26,44
m27-1,13120,Arden,Key,Arden Key,REDG,Indianapolis Colts,Colts,30,77,240,LSU,8,98,3,5,1996,74,Smaller Speed Rusher - DE,Launch Ratings,1,,,,,,,,77,76,81,21,79,12,13,32,35,64,19,76,82,81,87,36,76,12,17,10,14,34,45,45,45,6,80,68,21,82,12,4,8,10,45,45,45,Long Stride Loose,16,80,29,76,31,79,78,6,6,6,6,10,14,79,28,46
m27-1,20965,Austin,Jackson,Austin Jackson,RT,Miami Dolphins,Dolphins,27,77,310,USC,6,73,11,8,1999,74,Power - OT,Launch Ratings,1,,,,,,,,75,64,81,27,55,12,13,24,31,53,20,41,52,80,84,26,76,20,20,10,87,22,77,73,75,6,42,54,18,53,13,5,7,18,81,77,79,Long Stride Awkward,16,71,22,85,34,84,54,6,6,6,6,22,10,91,32,31
m27-1,17645,Austin,Hooper,Austin Hooper,TE,Atlanta Falcons,Falcons,31,76,254,Stanford,10,81,29,10,1994,74,Possession - TE,Launch Ratings,0,,,,,,,,83,79,80,78,29,12,64,75,86,70,81,17,27,68,91,69,85,19,21,18,56,14,55,59,59,6,22,17,17,31,69,56,60,65,62,58,62,Default,81,84,59,89,78,73,34,6,10,15,10,26,15,88,70,21
m27-1,15329,Azareye'h,Thomas,Azareye'h Thomas,CB,NY Jets,Jets,22,74,196,Florida State,1,1,6,7,2004,74,Zone - CB,Launch Ratings,1,,,,,,,,89,85,79,69,54,12,46,57,72,84,62,38,60,57,90,71,86,19,29,81,26,71,35,25,35,6,79,33,79,67,27,23,25,28,35,25,35,Default Stride Loose,66,86,63,85,46,67,56,6,6,6,6,26,10,89,36,78
m27-1,21109,Ben,Bredeson,Ben Bredeson,LG,Tampa Bay Buccaneers,Buccaneers,28,77,315,Michigan,6,68,20,2,1998,74,Pass Protector - G,Launch Ratings,1,,,,,,,,59,52,78,10,15,12,14,20,12,49,15,10,12,81,84,10,65,16,19,10,76,10,77,83,81,6,10,10,10,19,10,5,5,10,72,72,72,Long Stride Awkward,10,70,10,83,10,86,20,6,6,6,6,17,12,89,10,11
m27-1,21407,Blake,Gillikin,Blake Gillikin,P,Arizona Cardinals,Cardinals,28,74,196,Penn State,6,12,21,1,1998,74,Power - KP,Launch Ratings,1,,,,,,,,75,63,54,22,23,17,10,30,35,52,15,10,12,10,83,16,80,82,96,10,7,10,10,10,9,20,26,10,10,31,15,15,15,15,10,10,7,Default Stride Awkward,15,72,10,81,15,49,28,16,22,26,23,40,14,60,12,25
m27-1,21922,Bobby,Brown III,Bobby Brown III,DT,Carolina Panthers,Panthers,26,76,332,Texas AM,5,97,7,8,2000,74,Power Rusher - DT,Launch Ratings,1,,,,,,,,78,62,73,22,79,12,14,25,26,60,13,59,77,85,88,23,80,19,18,9,33,16,44,44,44,6,72,69,17,77,14,5,6,10,45,44,45,Long Stride Loose,14,71,22,70,34,86,86,6,6,6,6,22,11,85,39,23
m27-1,22123,Cade,Mays,Cade Mays,C,Detroit Lions,Lions,27,78,325,Tennessee,4,64,26,4,1999,74,Power - C,Launch Ratings,1,,,,,,,,68,60,77,11,24,10,7,19,21,54,12,15,23,83,86,10,66,10,11,10,80,10,81,81,81,6,22,21,10,22,15,5,5,15,79,75,77,Default Stride Awkward,15,64,10,82,18,82,21,6,6,6,6,20,10,87,20,10
m27-1,21412,Cam,Lewis,Cam Lewis,SS,Chicago Bears,Bears,29,69,183,Buffalo,6,21,13,4,1997,74,Zone - S,Launch Ratings,1,,,,,,,,90,89,80,71,52,10,52,60,60,83,45,35,60,50,88,73,78,13,14,47,17,72,35,35,35,6,78,32,68,75,30,10,12,22,35,35,35,Short Stride Loose,58,90,60,87,33,51,59,6,6,6,6,35,15,83,19,75
m27-1,22771,Cedric,Tillman,Cedric Tillman,WR,Cleveland Browns,Browns,26,75,215,Tennessee,3,19,19,4,2000,74,Deep Threat - WR,Launch Ratings,1,,,,,,,,90,79,84,77,31,26,73,74,86,77,83,10,26,49,87,76,88,15,19,45,34,10,22,28,33,6,17,10,10,34,76,75,75,76,26,31,52,Long Stride Default,82,88,66,83,65,70,35,15,15,20,15,22,20,83,56,10
m27-1,15071,Chimere,Dike,Chimere Dike,WR,Tennessee Titans,Titans,24,73,196,Florida,1,17,14,12,2001,74,Deep Threat - WR,Launch Ratings,1,,,,,,,,94,88,77,75,38,29,69,73,85,86,77,31,40,50,85,73,91,18,20,89,34,53,15,24,26,21,39,31,26,43,69,76,74,74,26,27,51,Default Stride Loose,77,94,70,86,45,65,49,14,10,21,8,11,35,81,37,47
m27-1,22131,Chris,Paul,Chris Paul,LG,Washington Commanders,Commanders,27,76,324,Tulsa,4,75,19,11,1998,74,Pass Protector - G,Launch Ratings,1,,,,,,,,82,59,70,21,23,10,14,25,29,52,10,15,26,81,90,10,68,23,27,10,73,8,79,84,81,6,30,19,10,33,12,5,6,12,73,73,73,Default Stride Awkward,15,75,10,80,25,82,31,6,6,6,6,25,10,72,25,9
m27-1,23287,Christian,Izien,Christian Izien,SS,Detroit Lions,Lions,26,69,200,Rutgers,3,27,8,6,2000,74,Hybrid - S,Launch Ratings,1,,,,,,,,90,85,75,62,46,12,44,57,68,83,56,44,77,45,93,70,95,11,12,64,15,71,30,30,30,29,77,34,64,79,32,39,45,48,30,30,30,Short Stride Loose,63,92,63,86,33,52,66,22,25,26,22,25,22,85,31,73
m27-1,16172,CJ,Allen,CJ Allen,MIKE,Indianapolis Colts,Colts,21,73,230,Georgia,0,53,1,3,2005,74,Field General - MLB,Launch Ratings,1,,,,,,,,90,83,75,65,72,16,46,67,68,75,50,54,82,78,85,61,87,13,14,14,28,62,45,45,45,6,74,55,46,84,18,15,20,25,53,52,42,Default Stride Loose,50,88,49,85,63,75,83,6,6,6,6,24,10,88,56,62
m27-1,13241,Da'Shawn,Hand,Da'Shawn Hand,DT,Atlanta Falcons,Falcons,30,75,302,Alabama,8,90,14,11,1995,74,Speed Rusher - DT,Launch Ratings,1,,,,,,,,76,56,69,26,78,12,17,28,27,53,20,62,79,88,82,29,77,16,33,10,20,20,45,45,45,6,71,74,20,79,13,4,8,15,45,45,45,Long Stride Loose,18,76,23,73,32,88,84,6,6,6,6,22,14,85,34,28
m27-1,20361,Dalton,Risner,Dalton Risner,RG,Cincinnati Bengals,Bengals,31,77,312,Kansas State,7,66,13,7,1995,74,Power - G,Launch Ratings,1,,,,,,,,62,60,81,20,36,12,10,34,31,58,18,24,41,85,91,19,71,12,18,10,79,12,75,80,78,6,29,31,10,42,15,5,6,15,78,73,76,Default Stride Awkward,16,69,17,87,23,86,44,6,6,6,6,26,10,90,27,12
m27-1,22067,Dameon,Pierce,Dameon Pierce,HB,Philadelphia Eagles,Eagles,26,70,214,Florida,4,39,19,2,2000,74,Power Back - HB,Launch Ratings,1,,,,,,,,88,82,64,80,39,30,84,89,67,81,54,10,40,45,96,82,82,12,16,76,45,12,35,39,57,15,14,10,15,46,49,44,52,60,27,33,45,Default,50,89,72,86,82,84,41,10,15,20,15,26,11,91,89,16
m27-1,16218,Dani,Dennis-Sutton,Dani Dennis-Sutton,LEDG,Green Bay Packers,Packers,22,78,256,Penn State,0,51,23,12,2003,74,Power Rusher - DE,Launch Ratings,1,,,,,,,,87,83,73,44,79,20,43,60,59,72,48,70,85,80,95,43,93,20,27,29,27,33,45,45,45,21,70,74,45,80,16,10,15,18,45,45,45,Long Stride Loose,48,84,36,83,41,83,80,13,23,22,18,36,24,92,36,44
m27-1,23301,Daniel,Whelan,Daniel Whelan,P,Green Bay Packers,Packers,27,77,216,California-Davis,3,19,10,2,1999,74,Power - KP,Launch Ratings,1,,,,,,,,78,57,57,14,15,16,9,26,23,50,14,10,26,22,88,10,75,82,94,10,14,10,15,15,20,25,15,10,10,25,12,10,14,15,15,15,20,Long Stride Awkward,15,77,10,81,10,57,28,24,32,38,21,42,22,70,12,12
m27-1,22104,Daniel,Faalele,Daniel Faalele,RG,NY Giants,Giants,26,80,380,Minnesota,4,77,9,11,1999,74,Power - G,Launch Ratings,1,,,,,,,,47,39,77,38,35,17,37,44,34,39,33,13,48,86,88,23,73,15,21,10,74,7,74,80,77,6,16,15,10,32,15,10,16,24,74,81,77,Long Stride Awkward,30,57,21,84,55,90,44,9,12,15,6,29,15,74,45,7
m27-1,15291,Darien,Porter,Darien Porter,CB,Las Vegas Raiders,Raiders,25,75,195,Iowa State,1,26,6,1,2001,74,Manto Man - CB,Launch Ratings,1,,,,,,,,94,92,68,73,45,25,51,59,71,90,65,25,48,54,90,77,86,26,28,77,26,72,35,25,35,6,69,20,75,71,28,22,25,28,35,25,35,Default,68,96,67,82,42,61,46,6,7,9,6,23,8,88,35,69
m27-1,22275,Darrell,Baker Jr,Darrell Baker Jr,CB,Miami Dolphins,Dolphins,28,73,190,Ga. Southern,4,22,27,3,1998,74,Zone - CB,Launch Ratings,1,,,,,,,,93,81,74,70,54,17,57,60,58,85,57,35,64,52,89,71,95,14,13,50,21,71,23,24,30,6,75,30,78,75,35,36,39,44,25,26,35,Default Stride Loose,59,91,65,87,47,57,66,8,12,18,21,30,17,78,38,74
m27-1,16184,Davison,Igbinosun,Davison Igbinosun,CB,Buffalo Bills,Bills,22,74,189,Ohio State,0,21,11,4,2004,74,Manto Man - CB,Launch Ratings,1,,,,,,,,91,85,74,65,50,14,52,62,68,84,65,45,61,43,87,70,82,15,17,53,15,74,35,35,35,6,73,34,73,74,41,37,41,45,35,35,35,Default Stride Loose,60,91,65,88,33,56,65,6,6,6,6,27,10,85,36,71
m27-1,16376,De'Zhaun,Stribling,De'Zhaun Stribling,WR,San Francisco 49ers,49ers,23,74,207,Ole Miss,0,15,18,12,2002,74,Deep Threat - WR,Launch Ratings,1,,,,,,,,93,85,69,80,28,35,77,77,83,81,79,20,33,49,90,78,86,22,26,65,34,24,25,20,30,23,23,20,24,28,77,79,77,74,38,37,54,Default,81,94,71,88,68,72,32,15,18,22,24,32,23,90,58,29
m27-1,13610,Dennis,Gardeck,Dennis Gardeck,SAM,Jacksonville Jaguars,Jaguars,32,72,232,Sioux Falls,8,47,9,8,1994,74,Run Stopper - OLB,Launch Ratings,1,,,,,,,,85,73,74,37,76,12,20,45,50,70,32,77,77,78,83,44,87,17,14,10,12,50,45,45,45,6,72,70,34,84,15,6,10,14,45,45,45,Default Stride Loose,37,86,37,82,45,81,82,6,6,6,6,28,10,88,37,59
m27-1,1833,Denzel,Boston,Denzel Boston,WR,Cleveland Browns,Browns,22,76,212,Washington,0,12,6,12,2003,74,Deep Threat - WR,Launch Ratings,1,,,,,,,,88,87,79,79,26,45,74,76,82,82,84,20,29,50,89,75,93,33,36,78,34,24,30,34,35,33,23,23,26,27,76,76,75,72,34,37,54,Long Stride Default,84,88,69,88,67,71,29,30,34,41,48,54,41,90,57,25
m27-1,22207,Derion,Kendrick,Derion Kendrick,CB,Dallas Cowboys,Cowboys,26,72,190,Georgia,4,15,24,8,2000,74,Zone - CB,Launch Ratings,1,,,,,,,,89,87,78,72,49,39,59,63,75,85,66,32,59,49,89,74,81,16,19,73,24,76,35,35,35,28,80,26,72,75,47,44,48,54,35,35,35,Default Stride Loose,69,85,66,89,35,59,56,35,38,41,44,42,25,82,39,81
m27-1,21674,Derrick,Barnes,Derrick Barnes,SAM,Detroit Lions,Lions,27,73,245,Purdue,5,55,29,5,1999,74,Run Stopper - OLB,Launch Ratings,1,,,,,,,,82,71,78,68,73,19,50,69,59,69,43,66,85,79,91,64,88,20,21,35,31,58,46,46,46,6,74,72,42,83,26,10,24,38,45,45,45,Default Stride Loose,56,85,63,85,65,79,84,6,12,15,6,25,10,86,68,66
m27-1,1160,Devaughn,Vele,Devaughn Vele,WR,New Orleans Saints,Saints,28,77,210,Utah,2,14,15,12,1997,74,Slot - WR,Launch Ratings,1,,,,,,,,90,83,76,76,32,28,69,71,88,80,85,10,28,37,84,74,86,20,20,80,26,20,27,20,28,24,25,10,25,35,71,73,75,76,21,15,40,Long Stride Default,83,90,68,80,49,58,33,23,30,37,37,49,31,79,41,27
m27-1,21071,Devin,Duvernay,Devin Duvernay,WR,Arizona Cardinals,Cardinals,28,71,202,Texas,6,81,12,9,1997,74,Deep Threat - WR,Launch Ratings,1,,,,,,,,91,85,73,85,36,29,79,77,87,83,82,10,28,49,91,81,84,12,17,86,32,16,21,24,28,24,17,10,16,40,70,72,73,75,26,31,50,Short Stride High and Tight,82,93,75,84,72,68,35,23,28,38,30,44,26,89,70,20
m27-1,23015,Dorian,Williams,Dorian Williams,WILL,Buffalo Bills,Bills,25,74,230,Tulane,3,42,28,6,2001,74,Pass Coverage - OLB,Launch Ratings,1,,,,,,,,93,79,74,58,67,15,52,55,65,75,55,54,76,66,90,65,84,16,18,42,24,61,30,30,30,12,73,46,67,86,25,10,10,15,35,35,35,Default Stride Loose,60,89,60,86,55,63,85,10,12,15,6,20,11,76,48,67
m27-1,21585,Dyami,Brown,Dyami Brown,WR,Washington Commanders,Commanders,26,72,195,North Carolina,5,6,1,11,1999,74,Deep Threat - WR,Launch Ratings,0,,,,,,,,91,87,74,82,39,28,76,72,85,83,81,17,30,42,89,80,85,13,17,60,26,22,15,13,25,23,25,12,24,41,72,78,76,75,31,26,43,Default,81,92,75,84,51,63,37,30,32,43,38,51,31,84,58,29
m27-1,17713,Eric,Murray,Eric Murray,FS,Jacksonville Jaguars,Jaguars,32,71,199,Minnesota,10,29,7,1,1994,74,Zone - S,Launch Ratings,1,,,,,,,,89,80,81,66,48,10,45,58,62,78,58,44,72,60,90,68,88,17,18,60,15,67,34,33,10,6,80,38,76,71,27,11,16,26,34,33,15,Default,67,86,65,88,29,63,71,6,6,6,6,27,14,84,26,73
m27-1,16261,Fernando,Mendoza,Fernando Mendoza,QB,Las Vegas Raiders,Raiders,23,77,225,Indiana,0,15,1,8,2003,74,Field General - QB,Launch Ratings,1,,,,,,,,84,84,75,86,31,79,75,64,35,80,27,34,31,22,94,70,79,18,20,25,18,25,10,10,12,85,24,26,13,38,22,10,15,20,10,10,22,Default,30,84,71,94,57,70,27,78,79,88,82,91,82,93,67,22
m27-1,1832,Germie,Bernard,Germie Bernard,WR,Pittsburgh Steelers,Steelers,22,73,206,Alabama,0,17,2,12,2003,74,Deep Threat - WR,Launch Ratings,1,,,,,,,,94,92,62,82,30,39,78,77,84,84,76,20,31,49,92,82,79,22,22,76,38,23,26,28,31,39,24,25,29,33,76,78,78,77,36,33,55,Default,78,91,73,91,66,71,33,38,45,50,50,50,37,92,58,28
m27-1,1891,Jake,Golday,Jake Golday,MIKE,Minnesota Vikings,Vikings,23,77,239,Cincinnati,0,41,23,5,2003,74,Field General - MLB,Launch Ratings,1,,,,,,,,90,83,75,28,72,14,31,63,53,76,57,63,80,75,88,52,88,13,15,15,27,60,44,45,54,6,74,61,44,83,35,28,33,43,51,57,43,Default Stride High and Tight,56,88,47,86,45,76,81,6,6,6,6,24,10,87,48,67
m27-1,16287,Jake,Slaughter,Jake Slaughter,LG,Los Angeles Chargers,Chargers,23,77,303,Florida,0,66,19,12,2002,74,Agile - G,Launch Ratings,1,,,,,,,,76,62,79,15,42,12,10,25,32,57,15,22,35,80,92,14,79,15,15,10,84,13,76,78,77,6,36,23,10,40,13,5,5,10,78,76,78,Default Stride Awkward,15,69,10,86,22,86,36,6,6,6,6,16,6,87,35,14
m27-1,14660,Jalen,McMillan,Jalen McMillan,WR,Tampa Bay Buccaneers,Buccaneers,24,73,197,Washington,2,11,7,12,2001,74,Slot - WR,Launch Ratings,1,,,,,,,,92,85,78,83,27,19,76,75,82,85,76,10,22,39,83,80,88,19,15,71,29,10,22,26,30,10,12,10,14,31,71,75,77,78,30,23,41,Long Stride Loose,78,90,73,82,49,60,29,10,15,20,15,24,17,86,50,17
m27-1,22088,Jalen,Tolbert,Jalen Tolbert,WR,Miami Dolphins,Dolphins,27,73,195,South Alabama,4,1,27,2,1999,74,Deep Threat - WR,Launch Ratings,1,,,,,,,,94,85,75,82,23,26,74,75,84,86,81,10,23,41,92,77,87,14,20,71,22,13,26,23,28,20,15,10,12,28,72,77,75,73,25,19,42,Long Stride Default,83,91,71,88,49,61,23,15,20,25,23,27,20,87,39,16
m27-1,1076,Jalyx,Hunt,Jalyx Hunt,REDG,Philadelphia Eagles,Eagles,25,75,252,Houston Christian,2,58,13,3,2001,74,Smaller Speed Rusher - DE,Launch Ratings,1,,,,,,,,90,79,76,52,74,22,34,27,30,72,45,73,74,77,90,48,89,12,14,10,25,56,40,40,40,6,75,77,46,80,15,5,7,10,45,45,45,Default Stride Loose,47,84,45,78,45,77,79,6,6,6,6,30,12,83,44,58
m27-1,20968,Jedrick,Wills Jr,Jedrick Wills Jr,LT,Chicago Bears,Bears,27,76,307,Alabama,6,71,17,5,1999,74,Pass Protector - OT,Launch Ratings,1,,,,,,,,68,66,85,14,28,12,8,27,33,54,26,10,25,86,88,18,83,28,19,8,77,11,75,83,79,6,26,10,12,27,18,7,13,23,73,70,71,Default Stride Awkward,22,72,14,86,26,92,29,6,6,6,6,21,13,92,27,17
m27-1,1871,Jermod,McCoy,Jermod McCoy,CB,Las Vegas Raiders,Raiders,21,73,192,Tennessee,0,28,16,8,2005,74,Zone - CB,Launch Ratings,1,,,,,,,,94,91,72,68,50,13,53,62,69,90,67,41,62,49,80,68,90,14,16,62,14,71,35,35,35,6,71,35,69,73,46,39,40,45,35,35,35,Default Stride Loose,59,92,67,86,37,58,63,6,6,6,6,23,10,87,35,74
m27-1,22324,Jerome,Ford,Jerome Ford,HB,Washington Commanders,Commanders,26,70,210,Cincinnati,4,34,12,9,1999,74,Elusive Back - HB,Launch Ratings,1,,,,,,,,91,84,71,81,36,25,78,93,68,85,55,23,38,41,88,83,79,15,19,79,42,16,35,40,57,10,25,32,16,43,54,46,53,59,35,28,41,Default,54,91,74,83,76,73,39,15,25,30,10,25,11,83,78,24
m27-1,23058,Ji'Ayir,Brown,Ji'Ayir Brown,SS,San Francisco 49ers,49ers,26,71,202,Penn State,3,27,25,1,2000,74,Run Support - S,Launch Ratings,1,,,,,,,,91,85,72,75,62,15,62,63,80,84,71,61,87,63,93,72,85,15,20,59,17,72,35,35,35,15,73,51,71,76,20,15,20,30,35,35,35,Default Stride Loose,70,86,66,88,52,64,70,10,10,15,15,30,16,87,55,75
m27-1,21179,Jon,Runyan,Jon Runyan,LG,NY Giants,Giants,29,76,307,Michigan,6,76,8,8,1997,74,Agile - G,Launch Ratings,1,,,,,,,,69,63,84,12,22,12,17,29,36,57,22,16,22,83,92,19,75,12,17,10,77,12,77,75,76,6,26,24,10,30,18,5,12,17,77,75,76,Default Stride Awkward,15,71,15,90,26,87,30,6,6,6,6,25,14,88,27,15
m27-1,23127,Jordan,Howden,Jordan Howden,FS,New Orleans Saints,Saints,26,72,209,Minnesota,3,31,14,5,2000,74,Zone - S,Launch Ratings,1,,,,,,,,93,88,71,67,52,12,51,55,65,84,57,35,84,51,92,68,93,9,10,60,23,69,30,30,30,6,69,41,65,73,32,30,37,40,35,35,30,Default Stride High and Tight,60,89,63,90,50,58,74,6,6,6,6,27,9,87,48,74
m27-1,15176,Josaiah,Stewart,Josaiah Stewart,LEDG,Los Angeles Rams,Rams,23,73,249,Michigan,1,10,26,4,2003,74,Power Rusher - DE,Launch Ratings,1,,,,,,,,88,77,75,39,73,23,34,41,31,69,15,74,81,82,92,36,83,22,24,32,22,32,45,45,45,15,71,78,31,79,13,10,15,20,45,45,45,Default Stride Loose,15,82,27,76,35,79,79,8,10,20,18,22,20,89,36,41
m27-1,21510,Joseph,Ossai,Joseph Ossai,LEDG,NY Jets,Jets,26,76,253,Texas,5,46,12,4,2000,74,Power Rusher - DE,Launch Ratings,1,,,,,,,,90,79,70,42,73,12,25,57,53,64,43,71,84,84,85,34,90,38,45,10,17,45,45,45,45,6,66,78,47,79,15,5,5,10,45,45,45,Long Stride Default,46,83,30,75,37,80,79,6,6,6,6,24,10,85,39,54
m27-1,1165,Jowon,Briggs,Jowon Briggs,DT,NY Jets,Jets,25,73,313,Cincinnati,2,91,1,9,2001,74,Power Rusher - DT,Launch Ratings,1,,,,,,,,73,66,73,43,75,12,33,46,48,57,18,74,82,86,91,36,66,19,23,15,18,19,45,45,47,6,70,80,19,79,29,17,22,15,45,45,45,Long Stride Loose,15,72,32,82,45,88,84,6,6,6,6,21,10,88,56,27
m27-1,15175,JT,Tuimoloau,JT Tuimoloau,REDG,Indianapolis Colts,Colts,23,76,264,Ohio State,1,91,10,5,2003,74,Power Rusher - DE,Launch Ratings,1,,,,,,,,87,77,75,41,81,13,27,50,57,71,49,69,79,82,92,38,87,16,18,25,23,44,45,45,45,6,75,76,36,83,15,7,13,17,45,45,45,Long Stride Loose,49,80,35,86,39,82,77,7,17,24,9,20,15,92,31,53
m27-1,21273,Justin,Strnad,Justin Strnad,WILL,Denver Broncos,Broncos,30,75,235,Wake Forest,6,40,21,8,1996,74,Pass Coverage - OLB,Launch Ratings,1,,,,,,,,83,81,79,46,67,13,18,58,60,74,51,57,81,71,86,43,74,15,20,30,17,63,45,45,45,15,76,50,52,85,17,7,14,24,45,45,45,Default Stride Loose,57,87,35,85,39,71,85,10,10,15,15,30,14,77,29,68
m27-1,15046,Kaleb,Johnson,Kaleb Johnson,HB,Pittsburgh Steelers,Steelers,23,73,224,Iowa,1,20,14,8,2003,74,Elusive Back - HB,Launch Ratings,1,,,,,,,,90,92,65,83,34,18,83,89,66,90,57,34,32,39,89,79,72,17,32,75,34,33,44,45,51,15,36,32,25,37,45,44,50,58,33,35,38,Default,54,88,74,82,81,76,38,9,13,10,20,24,19,91,83,29
m27-1,23054,Kei'Trel,Clark,Kei'Trel Clark,CB,Arizona Cardinals,Cardinals,25,70,181,Louisville,3,13,19,3,2001,74,Manto Man - CB,Launch Ratings,1,,,,,,,,95,90,74,80,39,15,77,59,73,87,57,30,55,39,85,79,83,11,15,77,15,75,20,20,20,6,72,21,63,68,26,36,35,42,21,21,21,Short Stride Loose,65,92,70,88,25,51,45,6,6,6,6,26,10,74,25,70
m27-1,16385,Kenyon,Sadiq,Kenyon Sadiq,TE,NY Jets,Jets,21,75,241,Oregon,0,16,4,3,2005,74,Vertical Threat - TE,Launch Ratings,1,,,,,,,,93,84,64,72,52,46,71,74,78,80,82,48,44,61,91,75,96,28,33,65,58,40,61,56,61,25,44,50,37,57,68,62,65,71,61,56,60,Default Stride Loose,81,91,67,85,66,76,47,20,25,36,33,38,37,87,62,47
m27-1,16342,Keylan,Rutledge,Keylan Rutledge,C,Houston Texans,Texans,22,76,330,Georgia Tech,0,66,2,9,2003,74,Power - C,Launch Ratings,1,,,,,,,,69,66,77,11,27,13,10,24,22,63,14,38,26,83,86,10,79,24,22,10,83,14,76,78,78,6,25,37,10,43,13,5,5,11,79,80,78,Long Stride Awkward,24,71,10,88,16,87,35,6,6,6,6,14,12,86,22,12
m27-1,14767,Kris,Jenkins Jr,Kris Jenkins Jr,DT,Cincinnati Bengals,Bengals,24,75,310,Michigan,2,90,10,10,2001,74,Power Rusher - DT,Launch Ratings,1,,,,,,,,80,67,68,40,78,13,35,44,46,55,35,66,82,86,89,38,74,23,24,10,20,24,40,40,40,6,71,72,20,78,12,3,5,10,45,45,45,Default Stride Awkward,38,75,30,83,47,87,83,7,10,13,6,22,15,90,50,28
m27-1,15174,Landon,Jackson,Landon Jackson,DT,Buffalo Bills,Bills,23,78,264,Arkansas,1,94,2,1,2003,74,Power Rusher - DT,Launch Ratings,1,,,,,,,,85,79,72,29,78,18,26,41,35,64,21,71,80,80,82,31,90,16,21,25,28,26,45,45,45,25,73,72,27,80,12,7,8,15,45,45,45,Long Stride Loose,21,83,28,81,29,81,81,9,14,16,25,17,27,84,29,35
m27-1,1857,Lee,Hunter,Lee Hunter,DT,Carolina Panthers,Panthers,24,76,330,Texas Tech,0,92,2,7,2002,74,Power Rusher - DT,Launch Ratings,1,,,,,,,,71,61,77,22,78,12,16,47,25,50,26,67,81,83,85,25,65,29,13,10,28,30,53,54,55,6,75,73,24,79,29,2,10,12,52,52,51,Long Stride Awkward,24,66,23,79,47,88,83,6,6,6,6,17,10,87,45,22
m27-1,21524,Levi,Onwuzurike,Levi Onwuzurike,DT,Detroit Lions,Lions,28,75,304,Washington,5,95,2,3,1998,74,Power Rusher - DT,Launch Ratings,1,,,,,,,,81,73,74,41,76,12,21,32,28,63,20,76,79,83,83,29,74,10,15,40,17,21,45,45,45,6,72,68,19,77,13,4,8,15,45,45,45,Long Stride Loose,16,78,23,78,30,87,83,6,6,6,6,25,14,89,29,30
m27-1,22180,Logan,Hall,Logan Hall,DT,Houston Texans,Texans,26,78,283,Houston,4,90,22,4,2000,74,Power Rusher - DT,Launch Ratings,1,,,,,,,,83,75,76,32,75,12,23,35,37,66,25,68,77,85,90,29,74,15,15,10,24,20,45,45,45,6,76,76,25,79,21,10,14,21,45,45,45,Long Stride Loose,32,78,25,79,41,85,81,6,6,6,6,28,13,86,42,28
m27-1,22460,Malcolm,Rodriguez,Malcolm Rodriguez,WILL,Detroit Lions,Lions,27,71,225,Oklahoma St.,4,44,29,3,1999,74,Run Stopper - OLB,Launch Ratings,1,,,,,,,,89,78,68,66,72,51,47,58,58,76,34,53,81,86,92,52,93,19,20,10,27,53,45,45,45,46,69,48,36,86,15,6,10,20,45,45,45,Short Stride Default,37,86,44,85,35,80,84,40,44,47,44,45,39,87,39,62
m27-1,14962,Malik,Mustapha,Malik Mustapha,FS,San Francisco 49ers,49ers,24,70,206,Wake Forest,2,6,25,6,2002,74,Run Support - S,Launch Ratings,1,,,,,,,,91,84,71,69,56,10,63,59,66,82,64,32,89,53,89,73,95,16,19,60,22,67,32,30,33,15,70,27,65,83,34,27,30,33,35,35,35,Default Stride Loose,59,88,69,83,42,66,73,10,10,15,15,23,11,89,39,73
m27-1,22048,Malik,Willis,Malik Willis,QB,Miami Dolphins,Dolphins,27,73,225,Liberty,4,2,25,5,1999,74,Improviser - QB,Launch Ratings,1,,,,,,,,93,92,70,88,29,81,77,67,58,89,39,10,30,35,92,84,83,20,23,48,24,22,18,16,20,84,16,10,16,41,22,17,26,33,15,19,26,Default,43,90,80,84,73,72,35,75,76,84,79,93,79,94,69,28
m27-1,13366,Marquez,Valdes-Scantling,Marquez Valdes-Scantling,WR,Dallas Cowboys,Cowboys,31,76,206,USF,8,11,10,10,1994,74,Deep Threat - WR,Launch Ratings,1,,,,,,,,92,85,71,78,27,19,70,74,82,82,80,10,22,53,87,76,79,19,15,75,28,10,22,27,32,10,19,10,14,30,77,79,76,74,16,21,50,Long Stride Default,84,92,70,83,47,63,29,10,15,20,15,24,17,78,47,17
m27-1,15118,Mason,Taylor,Mason Taylor,TE,NY Jets,Jets,22,77,246,LSU,1,85,8,5,2004,74,Possession - TE,Launch Ratings,1,,,,,,,,86,83,71,75,42,25,67,71,84,69,83,39,39,67,92,66,81,30,18,22,57,34,53,56,56,10,31,36,18,42,71,60,66,70,59,63,62,Long Stride Default,81,83,54,91,66,75,39,11,14,7,26,22,35,92,65,37
m27-1,14953,Max,Melton,Max Melton,CB,Arizona Cardinals,Cardinals,24,71,187,Rutgers,2,16,15,4,2002,74,Manto Man - CB,Launch Ratings,1,,,,,,,,94,85,69,68,45,10,65,55,77,85,65,37,73,52,90,74,94,12,15,65,21,73,19,16,25,6,72,33,74,75,35,10,15,25,21,21,35,Default Stride Loose,67,93,70,88,40,60,52,15,21,22,9,21,8,83,30,76
m27-1,21697,Michael,Carter II,Michael Carter II,SS,Philadelphia Eagles,Eagles,27,70,184,Duke,5,35,8,3,1999,74,Hybrid - S,Launch Ratings,1,,,,,,,,92,85,77,52,47,15,39,54,68,82,44,36,45,38,89,72,85,17,18,49,15,77,35,35,35,6,79,30,72,71,27,11,16,22,35,35,35,Short Stride Loose,66,91,65,89,25,55,56,6,6,6,6,27,10,85,28,75
m27-1,22256,Montaric,Brown,Montaric Brown,CB,Jacksonville Jaguars,Jaguars,27,72,190,Arkansas,4,1,24,8,1999,74,Zone - CB,Launch Ratings,1,,,,,,,,90,78,78,60,49,16,49,61,70,79,56,34,52,53,90,68,82,14,17,45,23,76,35,35,35,6,76,27,72,71,39,32,36,41,35,35,35,Default Stride Loose,67,87,63,89,30,57,60,6,6,6,6,23,6,75,31,81
m27-1,13188,Nathan,Shepherd,Nathan Shepherd,DT,New Orleans Saints,Saints,32,76,315,Fort Hays State,8,93,9,10,1993,74,Power Rusher - DT,Launch Ratings,1,,,,,,,,72,69,75,33,74,12,24,36,33,60,28,77,78,86,90,34,76,12,16,10,18,21,45,45,45,6,77,69,13,78,12,3,5,10,45,45,45,Long Stride Loose,27,72,34,77,46,90,82,6,6,6,6,30,17,89,49,27
m27-1,21067,Nick,Westbrook-Ikhine,Nick Westbrook-Ikhine,WR,Indianapolis Colts,Colts,29,74,211,Indiana,6,12,21,3,1997,74,Slot - WR,Launch Ratings,1,,,,,,,,88,82,79,75,36,23,71,76,84,80,85,10,29,47,91,76,85,15,19,29,26,14,22,26,34,6,17,10,18,38,74,76,76,78,20,25,55,Default,83,90,71,83,51,64,32,10,15,20,15,31,20,84,54,19
m27-1,15293,Nohl,Williams,Nohl Williams,CB,Kansas City Chiefs,Chiefs,23,72,199,California,1,20,23,9,2002,74,Manto Man - CB,Launch Ratings,1,,,,,,,,89,84,75,75,56,19,52,68,79,83,68,32,69,57,92,72,83,18,30,79,24,76,35,25,35,6,75,31,76,75,37,34,36,39,35,25,35,Default,74,89,65,94,38,63,64,6,6,6,6,25,7,92,38,76
m27-1,21414,P.J.,Locke,P.J. Locke,SS,Dallas Cowboys,Cowboys,29,70,210,Texas,7,1,12,2,1997,74,Zone - S,Launch Ratings,1,,,,,,,,86,80,78,56,57,15,40,58,67,81,48,58,83,69,87,64,86,18,21,60,23,66,33,34,25,15,77,52,64,78,23,10,10,20,33,33,16,Default Stride Loose,62,90,57,91,47,66,69,10,10,15,15,27,18,89,31,74
m27-1,21643,Robert,Hainsey,Robert Hainsey,C,Jacksonville Jaguars,Jaguars,28,76,306,Notre Dame,5,73,12,8,1998,74,Power - C,Launch Ratings,1,,,,,,,,68,63,82,10,33,16,12,34,22,48,21,15,23,81,89,10,69,11,13,10,79,13,76,78,77,6,20,25,10,29,13,5,5,15,78,78,78,Default Stride Awkward,15,63,10,86,19,87,25,6,6,6,6,21,11,91,24,11
m27-1,11938,Sam,Martin,Sam Martin,P,Carolina Panthers,Panthers,36,73,205,Appalach. St.,13,6,27,2,1990,74,Power - KP,Launch Ratings,1,,,,,,,,70,54,63,15,10,17,10,48,45,50,10,10,12,15,92,10,65,78,89,10,15,10,15,15,20,15,15,10,10,35,12,10,10,10,15,15,25,Default Stride Awkward,12,75,10,85,10,46,24,15,15,15,18,41,13,75,10,25
m27-1,15201,Shemar,Stewart,Shemar Stewart,REDG,Cincinnati Bengals,Bengals,22,77,267,Texas AM,1,94,12,11,2003,74,Power Rusher - DE,Launch Ratings,1,,,,,,,,91,86,71,31,72,12,30,42,40,74,21,72,82,85,88,42,93,20,21,20,23,17,45,45,45,6,70,75,29,80,15,7,8,15,45,45,45,Default Stride Loose,21,86,40,88,37,87,72,5,6,7,6,19,13,88,34,24
m27-1,1416,Spencer,Shrader,Spencer Shrader,K,Indianapolis Colts,Colts,27,74,201,Notre Dame,2,3,19,5,1999,74,Power - KP,Launch Ratings,1,,,,,,,,65,60,58,15,11,14,10,29,32,51,12,10,16,19,85,10,59,84,94,10,12,11,13,13,13,20,10,10,10,21,12,7,8,10,12,12,12,Default Stride Awkward,15,67,10,78,15,42,25,21,28,33,18,28,17,63,14,12
m27-1,23142,Tavius,Robinson,Tavius Robinson,LEDG,Baltimore Ravens,Ravens,27,78,258,Ole Miss,3,95,3,1,1999,74,Power Rusher - DE,Launch Ratings,1,,,,,,,,91,71,74,43,73,16,31,36,35,62,31,60,82,81,86,50,81,14,13,10,32,31,45,45,45,6,73,75,32,80,12,10,15,20,45,45,45,Long Stride Loose,35,84,45,74,43,79,85,6,6,6,6,20,16,77,32,38
m27-1,21238,Tershawn,Wharton,Tershawn Wharton,DT,Carolina Panthers,Panthers,28,73,280,Missouri University of Science & Technology,6,98,25,6,1998,74,Speed Rusher - DT,Launch Ratings,1,,,,,,,,82,72,77,16,75,12,17,27,36,59,10,74,80,81,87,17,76,20,20,10,22,19,45,45,45,6,76,64,10,79,12,3,5,10,45,45,45,Default Stride Loose,24,78,13,81,24,87,80,6,6,6,6,25,10,88,35,29
m27-1,15031,Trevin,Wallace,Trevin Wallace,WILL,Carolina Panthers,Panthers,23,74,241,Kentucky,2,32,22,2,2003,74,Pass Coverage - OLB,Launch Ratings,1,,,,,,,,88,81,73,64,73,51,50,64,66,75,57,67,83,80,90,66,89,20,21,50,31,69,34,35,40,37,69,62,65,84,26,12,24,38,44,45,45,Default Stride Loose,62,89,63,83,65,70,85,42,44,47,44,50,35,85,67,70
m27-1,20916,Tua,Tagovailoa,Tua Tagovailoa,QB,Atlanta Falcons,Falcons,28,73,220,Alabama,6,1,2,3,1998,74,Field General - QB,Launch Ratings,0,,,,,,,,83,78,69,79,23,79,70,68,32,78,19,10,25,27,83,70,73,14,21,10,19,11,13,13,16,89,18,10,10,32,16,11,15,19,14,20,22,Default Stride Loose,20,82,62,84,52,61,28,84,84,90,83,87,83,93,54,17
m27-1,22882,Tyler,Steen,Tyler Steen,RG,Philadelphia Eagles,Eagles,26,78,321,Alabama,3,56,24,6,2000,74,Agile - G,Launch Ratings,1,,,,,,,,73,59,76,23,52,10,10,23,24,59,10,45,51,83,94,10,73,11,12,10,69,12,80,77,79,6,47,51,10,53,12,6,8,10,79,75,77,Long Stride Awkward,15,64,10,86,17,91,48,6,8,10,6,26,7,85,22,13
m27-1,14866,Tyler,Davis,Tyler Davis,DT,Los Angeles Rams,Rams,25,74,306,Clemson,2,90,1,11,2000,74,Power Rusher - DT,Launch Ratings,1,,,,,,,,78,60,65,31,77,23,35,40,22,51,15,67,83,86,88,37,71,17,23,8,11,17,18,25,23,15,70,72,10,78,13,4,4,4,45,45,45,Default Stride Awkward,15,72,23,85,24,89,87,17,16,13,11,12,15,87,25,19
m27-1,17644,Tyler,Higbee,Tyler Higbee,TE,Los Angeles Rams,Rams,33,78,255,W. Kentucky,10,89,1,1,1993,74,Possession - TE,Launch Ratings,1,,,,,,,,79,80,74,78,32,12,68,78,85,69,81,17,27,65,89,68,83,19,21,18,50,14,56,59,60,10,22,17,17,33,71,60,62,68,63,59,64,Long Stride Default,82,82,58,91,72,79,34,16,18,22,21,26,16,90,73,21
m27-1,21170,Tyler,Bass,Tyler Bass,K,Buffalo Bills,Bills,29,70,183,Ga. Southern,6,16,14,2,1997,74,Power - KP,Launch Ratings,1,,,,,,,,80,62,59,10,13,15,5,33,35,54,10,10,12,12,86,10,65,77,97,10,12,12,17,17,17,20,10,10,10,31,12,10,10,10,12,12,12,Short Stride Awkward,12,85,10,87,10,40,29,25,30,35,20,27,14,60,10,12
m27-1,14652,Xavier,Legette,Xavier Legette,WR,Carolina Panthers,Panthers,25,73,227,South Carolina,2,17,29,1,2001,74,Deep Threat - WR,Launch Ratings,1,,,,,,,,93,89,67,83,36,46,78,75,81,86,83,11,33,57,89,82,92,19,23,81,34,23,32,35,47,31,23,11,22,41,71,74,72,72,41,33,53,Long Stride Default,83,93,75,85,66,73,38,25,32,38,42,48,33,84,59,28
m27-1,12821,Zane,Gonzalez,Zane Gonzalez,K,Miami Dolphins,Dolphins,31,72,202,Arizona St.,9,45,7,5,1995,74,Power - KP,Launch Ratings,1,,,,,,,,75,55,57,25,17,18,18,23,28,49,17,10,17,10,81,31,50,86,94,10,10,12,10,10,16,18,12,10,10,19,13,16,16,16,10,10,24,Default Stride Awkward,14,71,23,83,15,45,24,24,28,33,26,29,11,62,24,12
m27-1,21544,Aaron,Banks,Aaron Banks,LG,Green Bay Packers,Packers,28,77,325,Notre Dame,5,65,3,9,1997,73,Power - G,Launch Ratings,0,,,,,,,,57,59,83,10,15,12,5,31,30,50,10,10,29,82,85,10,76,22,19,10,80,12,72,76,74,6,10,10,10,25,12,5,5,10,76,76,76,Default Stride Awkward,12,60,10,85,25,87,25,6,6,6,6,25,14,85,23,15
m27-1,12950,Adam,Butler,Adam Butler,DT,Las Vegas Raiders,Raiders,32,76,300,Vanderbilt,9,69,12,4,1994,73,Speed Rusher - DT,Launch Ratings,1,,,,,,,,62,62,85,18,76,12,10,31,36,51,33,60,80,87,91,18,71,16,15,10,34,26,45,45,45,6,84,74,26,79,15,6,10,18,45,45,45,Default Stride Awkward,29,70,12,80,27,85,81,6,6,6,6,20,10,87,26,29
m27-1,16417,Albert,Regis,Albert Regis,DT,Jacksonville Jaguars,Jaguars,23,73,295,Texas AM,0,98,17,5,2003,73,Speed Rusher - DT,Launch Ratings,1,,,,,,,,78,59,74,23,77,12,17,45,39,52,34,67,80,89,87,23,82,21,15,10,28,25,45,45,45,6,73,74,18,77,33,21,27,31,45,45,45,Default Stride Bread Loaf,24,76,23,75,44,87,81,6,6,6,6,25,10,85,45,16
m27-1,22778,Andrei,Iosivas,Andrei Iosivas,WR,Cincinnati Bengals,Bengals,26,75,210,Princeton,3,80,15,10,1999,73,Deep Threat - WR,Launch Ratings,1,,,,,,,,91,89,76,81,28,27,76,73,82,87,80,11,22,35,88,75,90,21,24,50,17,10,15,19,22,21,15,10,16,31,66,77,75,74,11,18,34,Long Stride Loose,78,92,71,87,54,67,28,10,15,20,19,30,22,86,50,10
m27-1,17655,Andrew,Billings,Andrew Billings,DT,Arizona Cardinals,Cardinals,31,73,311,Baylor,10,95,6,3,1995,73,Power Rusher - DT,Launch Ratings,1,,,,,,,,67,61,75,28,76,12,17,28,26,50,14,56,80,82,88,23,69,19,23,9,28,18,45,44,44,6,77,74,13,75,15,3,5,13,45,46,45,Default Stride Awkward,16,69,17,72,32,89,83,6,6,6,6,24,10,78,43,26
m27-1,1885,Antonio,Williams,Antonio Williams,WR,Washington Commanders,Commanders,22,72,195,Clemson,0,14,14,7,2004,73,Deep Threat - WR,Launch Ratings,1,,,,,,,,92,91,53,83,34,43,76,75,82,91,78,27,34,45,86,82,93,29,30,88,33,36,29,30,33,44,36,28,33,42,73,74,77,76,30,27,51,Default,80,92,76,86,59,61,37,59,57,57,63,66,52,82,48,40
m27-1,21152,Ashtyn,Davis,Ashtyn Davis,FS,San Francisco 49ers,49ers,29,73,202,California,6,29,10,10,1996,73,Zone - S,Launch Ratings,1,,,,,,,,92,88,76,74,49,20,61,64,74,82,57,32,83,63,85,78,88,17,18,81,10,68,34,33,30,6,75,26,64,71,29,30,35,44,34,33,35,Default Stride Loose,68,92,67,86,51,60,61,14,6,6,6,37,10,92,47,73
m27-1,15007,Austin,McNamara,Austin McNamara,P,NY Jets,Jets,25,77,204,Texas Tech,2,14,24,2,2001,73,Power - KP,Launch Ratings,1,,,,,,,,80,68,54,53,21,22,38,40,40,63,20,10,15,12,90,49,76,85,93,50,6,15,5,5,18,23,27,10,22,26,15,15,15,15,6,6,15,Long Stride Awkward,23,76,48,83,41,45,25,51,54,55,40,42,24,78,38,25
m27-1,14875,Austin,Booker,Austin Booker,LEDG,Chicago Bears,Bears,23,77,245,Kansas,2,94,14,12,2002,73,Smaller Speed Rusher - DE,Launch Ratings,1,,,,,,,,83,74,78,47,73,12,29,34,34,69,34,77,75,80,89,46,79,22,21,10,16,38,45,45,45,6,76,69,36,79,24,6,10,17,45,45,45,Default Stride Loose,30,79,32,75,44,76,82,6,6,6,6,25,15,83,36,45
m27-1,13332,Avonte,Maddox,Avonte Maddox,FS,Detroit Lions,Lions,30,69,191,Pittsburgh,8,29,31,3,1996,73,Hybrid - S,Launch Ratings,1,,,,,,,,91,91,72,73,44,12,48,62,71,92,65,39,61,45,81,83,88,10,19,74,15,72,35,40,35,6,72,25,74,71,27,24,27,37,35,35,40,Short Stride Loose,67,91,66,87,34,55,59,6,6,6,6,27,10,77,25,77
m27-1,21509,Azeez,Ojulari,Azeez Ojulari,LEDG,Atlanta Falcons,Falcons,26,75,240,Georgia,5,51,16,6,2000,73,Smaller Speed Rusher - DE,Launch Ratings,1,,,,,,,,89,79,72,48,74,12,33,53,50,72,44,74,80,87,78,46,74,12,14,10,29,43,45,45,45,6,75,67,32,81,31,19,24,29,45,45,45,Default Stride Loose,48,85,39,83,40,77,76,6,6,6,6,23,14,82,33,51
m27-1,21677,Baron,Browning,Baron Browning,LEDG,Arizona Cardinals,Cardinals,27,75,255,Ohio State,5,5,19,2,1999,73,Power Rusher - DE,Launch Ratings,1,,,,,,,,91,84,71,40,78,23,31,49,50,74,41,69,85,83,90,33,93,13,16,10,22,61,45,45,45,23,70,77,48,81,13,5,8,17,45,45,45,Default Stride Loose,40,86,31,86,42,75,78,11,11,21,21,31,24,83,37,58
m27-1,15332,Billy,Bowman Jr,Billy Bowman Jr,CB,Atlanta Falcons,Falcons,23,70,192,Oklahoma,1,33,29,1,2003,73,Zone - CB,Launch Ratings,1,,,,,,,,92,89,70,66,52,15,54,62,70,88,59,38,75,58,89,64,85,15,19,81,25,71,35,35,35,6,67,38,66,78,34,27,31,36,35,35,35,Default Stride High and Tight,62,92,58,90,44,61,63,6,6,6,6,24,12,90,46,76
m27-1,23337,Blake,Grupe,Blake Grupe,K,Indianapolis Colts,Colts,27,67,160,Notre Dame,3,10,5,11,1998,73,Power - KP,Launch Ratings,1,,,,,,,,75,64,59,23,11,14,14,23,32,52,19,10,21,15,87,21,63,78,94,10,10,15,17,17,20,20,15,10,10,27,16,12,15,20,16,16,20,Short Stride Awkward,17,76,15,82,10,28,24,20,21,31,24,27,15,54,11,14
m27-1,14768,Brandon,Dorlus,Brandon Dorlus,DT,Atlanta Falcons,Falcons,25,75,295,Oregon,2,54,22,3,2001,73,Power Rusher - DT,Launch Ratings,1,,,,,,,,82,70,73,28,79,12,12,26,35,52,17,72,81,87,88,29,75,19,21,9,14,22,44,45,44,6,70,77,23,78,17,3,6,13,45,44,44,Default Stride Awkward,20,77,25,85,31,84,79,6,6,6,6,22,16,89,38,29
m27-1,15034,Brashard,Smith,Brashard Smith,HB,Kansas City Chiefs,Chiefs,23,70,194,SMU,1,24,11,4,2003,73,Elusive Back - HB,Launch Ratings,1,,,,,,,,93,84,69,79,29,18,76,87,69,85,60,25,24,29,87,81,79,18,18,85,27,20,12,21,50,20,29,23,22,39,62,58,63,66,25,24,33,Default,63,93,77,83,69,64,27,10,15,21,21,25,18,85,55,24
m27-1,22135,Braxton,Jones,Braxton Jones,RT,Chicago Bears,Bears,27,77,303,Southern Utah,4,70,27,3,1999,73,Pass Protector - OT,Launch Ratings,1,,,,,,,,80,64,82,15,46,12,15,35,26,55,18,40,35,86,91,10,68,26,30,10,77,10,80,76,78,6,34,44,10,48,13,10,12,16,71,76,73,Long Stride Awkward,23,73,10,85,21,88,40,6,6,6,6,22,10,75,25,12
m27-1,16181,Caden,Curry,Caden Curry,LEDG,Indianapolis Colts,Colts,23,75,257,Ohio State,0,55,24,5,2003,73,Power Rusher - DE,Launch Ratings,1,,,,,,,,79,77,68,36,81,20,36,51,47,66,39,64,85,82,90,39,80,20,27,29,20,38,45,45,45,25,68,73,33,81,18,10,15,17,45,45,45,Long Stride Loose,39,76,39,78,39,83,83,12,13,20,21,19,16,90,35,44
m27-1,15330,Caleb,Ransaw,Caleb Ransaw,FS,Jacksonville Jaguars,Jaguars,23,72,197,Tulane,1,27,22,12,2002,73,Hybrid - S,Launch Ratings,1,,,,,,,,96,86,68,62,54,15,47,59,67,86,53,35,74,58,86,66,93,17,21,42,25,68,35,35,35,6,64,38,63,77,22,13,15,25,35,35,35,Default Stride Loose,60,95,60,88,42,62,68,6,6,6,6,24,12,88,38,72
m27-1,14960,Cam,Hart,Cam Hart,CB,Los Angeles Chargers,Chargers,25,74,207,Notre Dame,2,20,5,12,2000,73,Manto Man - CB,Launch Ratings,1,,,,,,,,92,80,69,75,61,32,67,66,70,81,65,32,72,61,86,75,93,22,21,65,25,74,32,31,35,26,68,23,76,73,60,48,51,56,35,35,35,Long Stride Loose,68,91,71,85,48,59,67,25,31,33,31,32,10,86,53,77
m27-1,14966,Chau,Smith-Wade,Chau Smith-Wade,CB,Carolina Panthers,Panthers,23,71,176,Wash. St.,2,26,17,9,2002,73,Zone - CB,Launch Ratings,1,,,,,,,,92,86,73,64,42,10,59,50,69,84,47,27,51,42,88,71,83,27,29,56,15,72,34,33,10,6,72,26,65,73,27,11,16,26,34,33,15,Default Stride Loose,54,88,67,85,31,57,71,9,14,17,9,27,11,85,26,75
m27-1,21874,Chauncey,Golston,Chauncey Golston,REDG,NY Giants,Giants,28,77,277,Iowa,5,57,10,2,1998,73,Power Rusher - DE,Launch Ratings,1,,,,,,,,85,70,74,38,77,12,31,49,65,63,49,68,79,81,91,33,84,10,10,10,15,28,45,45,45,6,76,75,23,79,14,6,10,30,45,45,45,Long Stride Default,51,78,32,81,34,81,82,6,6,6,6,23,14,86,37,39
m27-1,1859,Chris,McClellan,Chris McClellan,DT,Green Bay Packers,Packers,22,76,313,Missouri,0,55,17,10,2003,73,Speed Rusher - DT,Launch Ratings,1,,,,,,,,70,61,75,36,77,12,11,45,46,55,36,70,81,82,89,36,73,24,15,10,27,27,45,45,45,6,73,74,22,78,24,3,14,16,45,45,45,Long Stride Awkward,36,71,36,75,33,87,83,6,6,6,6,29,10,85,31,25
m27-1,14895,Chris,Braswell,Chris Braswell,REDG,Tampa Bay Buccaneers,Buccaneers,24,75,255,Alabama,2,43,25,10,2001,73,Power Rusher - DE,Launch Ratings,1,,,,,,,,90,78,71,51,74,12,33,48,51,64,37,72,78,81,90,46,81,17,15,10,17,41,45,45,45,6,70,75,25,78,12,2,3,10,45,45,45,Long Stride Loose,41,86,39,79,29,79,82,6,6,6,6,31,17,84,39,47
m27-1,22682,Christian,Elliss,Christian Elliss,WILL,New England Patriots,Patriots,27,75,231,Idaho,5,53,2,1,1999,73,Run Stopper - OLB,Launch Ratings,1,,,,,,,,86,83,75,41,71,14,29,59,58,72,48,59,86,75,89,39,85,12,11,10,37,56,45,45,45,6,78,68,44,83,12,5,5,15,45,45,45,Default Stride High and Tight,51,88,40,78,42,74,82,6,6,6,6,21,10,84,40,59
m27-1,21358,Christian,Rozeboom,Christian Rozeboom,WILL,Tampa Bay Buccaneers,Buccaneers,29,74,230,S. Dakota St.,6,52,30,1,1997,73,Pass Coverage - OLB,Launch Ratings,1,,,,,,,,85,77,83,47,69,12,30,50,70,69,33,57,80,75,88,50,80,20,16,10,21,61,45,45,45,6,82,51,46,84,12,5,5,26,45,45,45,Default Stride Loose,37,81,37,84,42,67,83,6,6,6,6,22,15,84,37,67
m27-1,20951,Colby,Parkinson,Colby Parkinson,TE,Los Angeles Rams,Rams,27,79,265,Stanford,6,84,8,1,1999,73,Possession - TE,Launch Ratings,1,,,,,,,,84,78,78,71,47,12,52,78,87,68,77,20,46,64,86,58,84,16,21,41,47,16,61,58,62,6,46,20,19,47,68,58,66,71,62,59,63,Long Stride Default,83,85,52,81,62,73,48,6,10,15,10,23,13,84,61,22
m27-1,21663,Damar,Hamlin,Damar Hamlin,FS,Buffalo Bills,Bills,28,72,200,Pittsburgh,5,3,24,3,1998,73,Zone - S,Launch Ratings,1,,,,,,,,92,85,75,66,52,14,49,63,70,76,62,38,72,61,87,68,84,20,20,51,32,61,35,35,35,6,74,33,62,83,38,31,33,37,35,35,35,Default Stride Loose,65,87,63,91,45,62,70,6,6,6,6,25,18,78,42,71
m27-1,21655,Dan,Moore,Dan Moore,LT,Tennessee Titans,Titans,27,77,315,Texas AM,5,75,28,9,1998,73,Power - OT,Launch Ratings,1,,,,,,,,64,64,83,15,29,12,8,36,27,54,11,16,31,83,92,10,75,12,19,10,82,12,76,72,74,6,31,21,10,25,12,5,5,13,78,76,77,Default Stride Awkward,15,64,10,90,20,88,36,6,6,6,6,13,10,78,35,13
m27-1,21122,DaVon,Hamilton,DaVon Hamilton,DT,Jacksonville Jaguars,Jaguars,29,76,335,Ohio State,6,52,1,2,1997,73,Power Rusher - DT,Launch Ratings,1,,,,,,,,67,65,74,23,76,12,14,36,26,52,19,60,79,86,89,26,73,19,18,9,33,16,44,46,44,6,76,72,19,78,17,5,6,14,45,44,45,Long Stride Loose,18,70,22,76,34,91,79,6,6,6,6,22,11,87,38,23
m27-1,21692,Dayo,Odeyingbo,Dayo Odeyingbo,REDG,Chicago Bears,Bears,26,77,282,Vanderbilt,5,55,24,9,1999,73,Smaller Speed Rusher - DE,Launch Ratings,1,,,,,,,,83,78,71,44,76,12,28,44,45,64,29,76,81,86,87,36,83,15,15,10,17,23,45,45,45,6,68,68,22,81,24,14,19,26,45,45,45,Long Stride Default,31,79,29,81,36,84,82,6,6,6,6,26,13,87,36,35
m27-1,15245,Demetrius,Knight Jr,Demetrius Knight Jr,WILL,Cincinnati Bengals,Bengals,26,74,240,South Carolina,1,44,21,7,2000,73,Run Stopper - OLB,Launch Ratings,1,,,,,,,,87,80,75,51,72,38,37,63,65,75,57,65,86,76,90,55,77,20,22,10,24,59,45,45,45,22,74,62,47,83,32,26,31,34,45,45,45,Default Stride High and Tight,59,86,51,89,45,72,82,25,28,31,36,35,25,90,43,65
m27-1,13136,Derrick,Nnadi,Derrick Nnadi,DT,Indianapolis Colts,Colts,30,73,317,Florida State,8,92,9,5,1996,73,Speed Rusher - DT,Launch Ratings,1,,,,,,,,64,53,84,24,72,12,16,27,25,45,15,57,79,89,90,25,68,12,17,10,31,19,45,45,45,6,86,69,15,79,15,3,7,15,45,45,45,Long Stride Loose,15,72,18,80,37,88,81,6,6,6,6,24,16,93,46,28
m27-1,16311,Domonique,Orange,Domonique Orange,DT,Minnesota Vikings,Vikings,22,74,322,Iowa State,0,97,11,3,2004,73,Power Rusher - DT,Launch Ratings,1,,,,,,,,74,60,74,23,79,12,16,49,25,56,24,66,81,86,89,23,73,29,14,10,29,17,45,45,45,6,74,73,19,78,27,2,10,12,45,45,45,Default Stride Awkward,25,67,21,75,42,86,81,6,6,6,6,25,10,85,41,19
m27-1,22310,Drake,Jackson,Drake Jackson,REDG,Washington Commanders,Commanders,25,75,273,USC,4,93,12,4,2001,73,Smaller Speed Rusher - DE,Launch Ratings,1,,,,,,,,90,82,68,42,68,19,35,47,50,72,33,76,77,75,86,47,87,13,12,10,25,36,45,45,45,6,68,62,24,83,17,5,7,14,45,45,45,Long Stride Loose,34,83,42,76,44,75,76,6,6,6,6,26,10,73,35,47
m27-1,23335,Emanuel,Wilson,Emanuel Wilson,HB,Seattle Seahawks,Seahawks,27,71,226,Fort Valley State,3,27,8,5,1999,73,Elusive Back - HB,Launch Ratings,1,,,,,,,,93,82,78,80,31,32,78,88,68,81,62,10,41,50,90,80,86,17,16,70,44,10,41,40,54,10,22,10,10,36,53,49,57,62,39,42,51,Default Stride Loose,60,90,73,84,79,72,37,21,26,29,21,35,11,85,79,15
m27-1,16208,Emmanuel,Pregnon,Emmanuel Pregnon,LG,Jacksonville Jaguars,Jaguars,24,76,314,Oregon,0,75,4,10,2001,73,Power - G,Launch Ratings,1,,,,,,,,68,60,74,14,28,11,10,22,24,54,17,39,38,84,87,10,84,27,25,10,81,11,75,76,76,6,22,41,10,35,13,5,5,14,75,78,77,Long Stride Awkward,24,65,10,87,16,89,35,6,6,6,6,14,13,86,24,16
m27-1,13670,Evan,Brown,Evan Brown,LG,Houston Texans,Texans,29,75,320,SMU,8,67,16,9,1996,73,Agile - G,Launch Ratings,1,,,,,,,,64,53,79,13,26,12,8,29,25,51,14,13,22,81,89,11,86,12,17,9,83,12,77,73,75,5,19,12,8,31,15,5,5,13,77,70,74,Default Stride Awkward,14,68,10,85,15,90,35,5,5,5,5,24,14,84,20,14
m27-1,22441,Evan,Neal,Evan Neal,RG,NY Giants,Giants,25,79,340,Alabama,4,73,19,9,2000,73,Power - G,Launch Ratings,1,,,,,,,,78,61,63,29,34,16,24,29,30,54,19,33,39,87,92,32,84,17,18,10,79,10,62,75,68,6,30,30,10,31,12,5,8,14,77,81,79,Long Stride Awkward,24,75,29,86,39,91,35,6,6,6,6,26,10,83,35,12
m27-1,22916,Felix,Anudike-Uzomah,Felix Anudike-Uzomah,REDG,Kansas City Chiefs,Chiefs,24,76,255,Kansas State,3,91,24,1,2002,73,Smaller Speed Rusher - DE,Launch Ratings,1,,,,,,,,82,85,75,31,73,12,33,34,32,72,21,74,86,79,88,36,82,29,34,10,15,24,35,35,35,6,72,72,32,84,13,5,7,10,40,40,40,Short Stride Loose,27,81,29,77,42,72,78,6,6,6,6,20,11,82,35,29
m27-1,20574,Greg,Dortch,Greg Dortch,WR,Detroit Lions,Lions,28,67,175,Wake Forest,8,8,29,5,1998,73,Slot - WR,Launch Ratings,1,,,,,,,,90,86,77,84,22,23,70,68,87,88,77,10,16,38,85,85,77,14,19,85,17,18,13,10,25,10,16,10,12,26,63,71,74,76,16,13,37,Short Stride Default,81,90,75,80,43,43,23,17,23,28,27,38,20,76,35,25
m27-1,15067,Isaac,TeSlaa,Isaac TeSlaa,WR,Detroit Lions,Lions,24,76,214,Arkansas,1,18,20,2,2002,73,Slot - WR,Launch Ratings,1,,,,,,,,91,88,75,77,41,32,69,69,83,89,83,35,43,39,87,73,92,32,18,81,25,23,12,21,23,32,29,31,21,43,72,69,75,74,28,29,48,Default,86,91,67,80,48,65,28,47,48,48,46,69,37,85,54,30
m27-1,21000,Isaiah,Simmons,Isaiah Simmons,FS,Carolina Panthers,Panthers,28,76,238,Clemson,6,27,26,7,1998,73,Hybrid - S,Launch Ratings,1,,,,,,,,91,83,73,69,63,12,43,65,75,77,60,60,83,67,93,68,93,20,20,58,18,68,45,45,23,6,71,62,72,73,43,32,36,39,45,45,29,Long Stride Default,67,91,63,90,47,73,73,6,6,6,6,24,12,87,39,66
m27-1,14655,Ja'Lynn,Polk,Ja'Lynn Polk,WR,New Orleans Saints,Saints,24,74,203,Washington,2,13,11,4,2002,73,Deep Threat - WR,Launch Ratings,1,,,,,,,,90,89,72,78,30,22,71,75,83,87,82,10,23,47,88,78,88,12,17,46,32,11,19,20,32,10,20,10,10,28,74,75,77,74,29,36,48,Long Stride Default,82,89,73,83,48,62,30,15,20,25,23,27,22,83,46,22
m27-1,14951,Jaden,Hicks,Jaden Hicks,SS,Kansas City Chiefs,Chiefs,24,74,215,Wash. St.,2,21,16,8,2002,73,Zone - S,Launch Ratings,1,,,,,,,,91,87,70,63,64,11,59,68,71,84,57,53,87,65,95,70,89,15,16,50,31,69,26,27,30,16,68,45,71,79,40,17,22,26,35,35,35,Default Stride Loose,67,89,63,83,55,67,69,24,31,35,15,40,14,88,60,74
m27-1,16381,Jadon,Canady,Jadon Canady,SS,Kansas City Chiefs,Chiefs,23,70,182,Oregon,0,22,1,5,2003,73,Hybrid - S,Launch Ratings,1,,,,,,,,88,85,74,65,55,16,57,54,66,86,63,45,75,50,83,68,89,21,23,57,24,69,35,35,35,6,72,27,71,77,42,35,42,45,35,35,35,Default Stride High and Tight,62,90,57,91,49,63,67,6,6,6,6,22,12,91,52,72
m27-1,22073,Jahan,Dotson,Jahan Dotson,WR,Atlanta Falcons,Falcons,26,71,182,Penn State,4,4,22,3,2000,73,Deep Threat - WR,Launch Ratings,1,,,,,,,,93,84,76,82,21,22,72,74,83,87,83,10,21,40,91,82,84,15,18,80,22,20,17,13,27,24,27,10,19,36,70,75,74,72,22,15,38,Short Stride Default,83,92,74,88,51,61,25,30,34,44,37,48,30,81,35,28
m27-1,16331,Jaishawn,Barham,Jaishawn Barham,WILL,Dallas Cowboys,Cowboys,22,76,240,Michigan,0,55,2,2,2004,73,Run Stopper - OLB,Launch Ratings,1,,,,,,,,89,82,73,47,76,17,35,58,65,77,60,69,80,77,86,49,80,17,18,15,24,61,47,43,65,6,70,70,44,84,13,16,21,26,55,63,46,Default Stride Loose,36,87,47,87,48,73,80,6,6,6,6,21,10,85,46,62
m27-1,1850,Jakobe,Thomas,Jakobe Thomas,SS,Minnesota Vikings,Vikings,23,73,214,Miami,0,8,30,6,2003,73,Zone - S,Launch Ratings,1,,,,,,,,87,84,75,60,66,14,55,53,70,81,63,49,76,50,90,68,80,23,25,48,23,71,35,35,35,6,74,46,69,76,38,35,39,41,35,35,35,Default Stride Loose,61,87,55,89,48,66,73,6,6,6,6,24,12,91,57,73
m27-1,23083,Jakorian,Bennett,Jakorian Bennett,CB,Philadelphia Eagles,Eagles,26,71,195,Maryland,3,23,23,8,2000,73,Manto Man - CB,Launch Ratings,1,,,,,,,,97,89,65,71,38,21,65,58,75,87,55,37,60,39,89,74,94,14,14,63,22,72,31,31,31,14,64,29,63,68,25,11,14,21,35,35,35,Default Stride Loose,73,95,65,87,32,54,53,20,21,23,13,29,10,78,29,68
m27-1,21701,Jason,Pinnock,Jason Pinnock,SS,NY Giants,Giants,27,72,205,Pittsburgh,5,25,30,6,1999,73,Hybrid - S,Launch Ratings,1,,,,,,,,93,86,74,69,52,12,51,56,72,86,61,37,61,55,89,72,93,20,20,60,28,68,35,35,35,6,73,33,73,68,51,40,44,47,39,39,39,Default Stride Loose,69,90,65,89,47,61,64,6,6,6,6,35,10,87,41,73
m27-1,15051,Jaydon,Blue,Jaydon Blue,HB,Dallas Cowboys,Cowboys,22,69,195,Texas,1,23,8,1,2004,73,Elusive Back - HB,Launch Ratings,1,,,,,,,,95,89,65,81,30,18,78,84,71,88,59,27,27,40,86,80,77,25,24,69,33,29,36,39,53,20,37,25,26,43,60,59,64,68,24,27,36,Short Stride Default,60,93,72,81,76,65,30,15,19,24,20,31,23,86,79,31
m27-1,14632,Jaylen,Wright,Jaylen Wright,HB,Miami Dolphins,Dolphins,23,71,210,Tennessee,2,5,1,4,2003,73,Elusive Back - HB,Launch Ratings,1,,,,,,,,93,84,67,80,33,22,78,86,66,86,48,10,37,43,90,83,89,12,18,58,40,10,31,34,57,16,16,10,14,38,47,53,54,60,30,26,42,Default,48,93,77,84,74,76,34,12,16,22,17,26,17,89,80,17
m27-1,15059,Jaylin,Noel,Jaylin Noel,WR,Houston Texans,Texans,23,70,200,Iowa State,1,13,4,9,2002,73,Deep Threat - WR,Launch Ratings,1,,,,,,,,94,89,68,83,39,38,70,73,82,86,79,33,39,51,93,77,84,30,29,83,35,25,24,30,29,35,35,28,25,42,72,78,76,76,22,24,52,Default,78,93,74,90,55,66,25,56,59,63,55,68,47,88,47,37
m27-1,23032,Jaylon,Jones,Jaylon Jones,CB,Indianapolis Colts,Colts,24,74,200,Texas AM,3,40,3,4,2002,73,Zone - CB,Launch Ratings,1,,,,,,,,93,87,75,72,52,16,63,63,67,81,62,44,75,51,86,69,90,13,15,60,15,71,25,25,25,6,75,35,75,75,49,33,37,39,35,35,35,Default Stride Loose,67,89,64,92,52,62,61,11,13,17,19,33,15,80,48,74
m27-1,13269,Jeremy,Reaves,Jeremy Reaves,SS,Washington Commanders,Commanders,30,71,200,South Alabama,8,39,29,8,1996,73,Run Support - S,Launch Ratings,1,,,,,,,,84,75,77,66,52,10,49,64,59,73,48,41,85,55,86,74,76,13,16,35,11,68,35,35,35,6,77,33,71,81,15,10,13,15,35,35,35,Default Stride Loose,62,85,70,88,37,61,74,6,6,6,6,28,16,87,41,72
m27-1,28329,Joe,Flacco,Joe Flacco,QB,Cincinnati Bengals,Bengals,41,78,245,Delaware,18,16,16,1,1985,73,Field General - QB,Launch Ratings,1,,,,,,,,70,68,75,60,24,39,40,59,31,62,10,10,12,30,93,44,71,24,25,10,18,15,15,25,15,80,15,10,10,30,12,10,10,10,20,20,15,Default,12,75,25,77,49,66,29,79,83,87,78,89,80,92,40,20
m27-1,22361,John,Metchie III,John Metchie III,WR,Carolina Panthers,Panthers,26,71,187,Alabama,4,13,18,7,2000,73,Deep Threat - WR,Launch Ratings,1,,,,,,,,91,87,73,84,22,23,75,77,80,87,79,10,17,46,84,82,84,15,18,73,28,10,19,20,31,6,16,10,12,29,75,73,75,76,32,26,48,Default,79,90,77,81,47,66,24,6,10,15,10,24,17,90,49,17
m27-1,22853,John Michael,Schmitz Jr,John Michael Schmitz Jr,C,NY Giants,Giants,27,76,320,Minnesota,3,61,19,3,1999,73,Power - C,Launch Ratings,1,,,,,,,,72,57,80,32,28,19,30,33,35,57,29,25,39,79,92,20,73,15,19,15,85,10,75,78,76,15,15,26,10,34,15,5,8,10,81,77,79,Long Stride Awkward,31,61,15,87,32,84,35,18,24,28,20,26,15,91,30,10
m27-1,14764,Jonah,Elliss,Jonah Elliss,LEDG,Denver Broncos,Broncos,23,74,246,Utah,2,52,3,4,2003,73,Smaller Speed Rusher - DE,Launch Ratings,1,,,,,,,,87,82,76,29,74,12,28,28,26,70,39,74,74,79,84,27,90,19,20,10,17,41,44,46,44,6,75,71,26,79,17,3,7,14,45,44,44,Default Stride Awkward,42,81,24,78,33,74,77,6,6,6,6,22,17,84,26,47
m27-1,1875,Jonah,Coleman,Jonah Coleman,HB,Denver Broncos,Broncos,23,68,220,Washington,0,20,20,8,2003,73,Power Back - HB,Launch Ratings,1,,,,,,,,90,78,67,85,23,33,82,96,71,82,57,14,34,47,93,75,78,22,28,70,42,21,40,48,56,25,27,16,26,27,49,46,53,61,40,36,43,Default Stride High and Tight,56,87,68,90,76,80,30,18,20,25,25,35,21,93,85,25
m27-1,17656,Jonathan,Bullard,Jonathan Bullard,DT,Dallas Cowboys,Cowboys,32,75,290,Florida,10,98,22,10,1993,73,Power Rusher - DT,Launch Ratings,1,,,,,,,,78,69,69,28,79,12,12,26,35,57,17,58,80,86,87,29,78,19,21,9,14,22,44,45,44,6,71,70,23,77,17,3,6,13,45,44,44,Default Stride Loose,20,70,25,74,31,81,87,6,6,6,6,22,16,87,38,29
m27-1,15048,Jordan,James,Jordan James,HB,San Francisco 49ers,49ers,22,70,208,Oregon,1,29,29,3,2004,73,Elusive Back - HB,Launch Ratings,1,,,,,,,,92,85,66,80,33,16,78,92,62,84,58,30,30,33,93,82,80,14,17,78,28,20,37,38,48,31,28,27,22,35,49,48,54,59,25,28,34,Default,55,89,82,84,70,72,34,8,25,14,22,20,21,86,75,28
m27-1,15178,Jordan,Burch,Jordan Burch,LEDG,Arizona Cardinals,Cardinals,24,76,280,Oregon,1,52,10,10,2001,73,Power Rusher - DE,Launch Ratings,1,,,,,,,,85,81,72,43,75,12,32,52,52,72,29,66,82,81,85,51,88,23,21,35,25,38,45,45,45,15,68,73,35,79,15,5,10,17,45,45,45,Long Stride Default,43,83,39,83,40,81,82,9,10,15,10,29,15,83,32,45
m27-1,20358,Josh,Oliver,Josh Oliver,TE,Minnesota Vikings,Vikings,29,77,259,San Jose St.,7,84,21,3,1997,73,Possession - TE,Launch Ratings,1,,,,,,,,83,77,68,67,48,18,59,76,84,67,77,32,46,73,87,60,82,15,20,39,78,17,60,59,61,6,33,26,23,49,65,56,61,67,62,69,71,Long Stride High and Tight,79,85,54,83,64,75,47,6,10,15,10,24,10,81,69,26
m27-1,14873,Justin,Eboigbe,Justin Eboigbe,DT,Los Angeles Chargers,Chargers,25,77,292,Alabama,2,92,9,4,2001,73,Speed Rusher - DT,Launch Ratings,1,,,,,,,,71,67,72,11,77,19,19,52,44,50,34,69,80,86,80,29,70,17,20,21,16,41,18,25,24,14,75,75,18,79,17,7,7,7,45,45,45,Long Stride Awkward,37,66,24,77,17,83,86,11,13,16,8,19,15,85,40,45
m27-1,13322,Justin,Watson,Justin Watson,WR,Houston Texans,Texans,30,74,215,Penn,8,84,4,4,1996,73,Deep Threat - WR,Launch Ratings,1,,,,,,,,92,80,79,72,27,22,70,76,81,78,82,10,19,53,86,69,92,15,17,70,42,17,34,31,39,6,18,10,15,29,75,77,75,77,27,33,47,Long Stride Loose,83,90,62,81,60,69,30,6,10,15,10,26,25,86,57,25
m27-1,22937,Keion,White,Keion White,REDG,San Francisco 49ers,49ers,27,77,285,Georgia Tech,3,56,20,1,1999,73,Power Rusher - DE,Launch Ratings,1,,,,,,,,81,75,66,56,74,21,51,65,61,66,58,68,85,86,85,51,82,15,15,34,49,32,47,47,47,8,64,76,41,84,51,41,49,53,50,50,50,Long Stride Loose,66,82,44,82,52,85,84,5,6,7,15,20,9,81,54,41
m27-1,16242,Keionte,Scott,Keionte Scott,CB,Tampa Bay Buccaneers,Buccaneers,25,71,191,Miami,0,22,11,8,2001,73,Manto Man - CB,Launch Ratings,1,,,,,,,,93,87,68,69,51,19,58,60,65,86,66,39,58,49,82,71,82,13,15,66,15,74,35,35,35,6,69,33,67,74,46,39,45,47,35,35,35,Default Stride Loose,65,95,67,84,36,55,53,6,6,6,6,27,10,84,35,72
m27-1,22707,Kelee,Ringo,Kelee Ringo,CB,Philadelphia Eagles,Eagles,24,74,207,Georgia,3,7,27,6,2002,73,Zone - CB,Launch Ratings,1,,,,,,,,95,84,68,70,44,16,63,62,71,83,58,44,64,47,92,68,81,22,19,54,15,69,35,35,35,6,66,35,75,67,49,41,35,45,35,35,35,Long Stride Loose,66,94,64,88,52,58,62,6,6,6,6,35,15,78,51,75
m27-1,15361,Kevin,Winston Jr,Kevin Winston Jr,FS,Tennessee Titans,Titans,22,74,213,Penn State,1,23,2,12,2003,73,Run Support - S,Launch Ratings,1,,,,,,,,94,84,69,71,58,14,56,62,66,81,52,40,82,55,87,65,86,17,20,79,25,62,35,35,35,6,68,38,70,82,21,12,14,24,35,35,35,Default Stride Loose,59,89,64,84,51,64,75,6,6,6,6,24,12,89,52,71
m27-1,21891,Khyiris,Tonga,Khyiris Tonga,DT,Kansas City Chiefs,Chiefs,30,76,338,BYU,5,92,7,7,1996,73,Power Rusher - DT,Launch Ratings,1,,,,,,,,74,56,71,39,80,12,21,39,30,53,28,65,75,86,88,33,74,28,27,5,49,18,47,52,48,6,69,76,13,78,27,12,16,22,46,50,51,Long Stride Default,29,68,33,78,43,91,80,6,6,6,6,23,10,85,52,24
m27-1,11215,Kirk,Cousins,Kirk Cousins,QB,Las Vegas Raiders,Raiders,38,75,205,Michigan St.,14,8,19,8,1988,73,Field General - QB,Launch Ratings,1,,,,,,,,67,69,76,58,12,41,48,58,22,67,15,10,27,14,85,47,71,19,12,10,10,12,13,13,13,90,10,12,10,37,15,13,15,15,14,14,14,Default,15,69,45,89,31,52,38,78,83,87,84,85,83,93,28,12
m27-1,14954,Kris,Abrams-Draine,Kris Abrams-Draine,CB,Denver Broncos,Broncos,24,71,178,Missouri,2,31,4,10,2001,73,Manto Man - CB,Launch Ratings,1,,,,,,,,93,91,67,68,41,15,64,57,74,90,64,33,57,39,93,71,81,15,22,55,14,75,19,15,25,8,69,25,62,75,24,16,23,33,26,25,35,Default Stride Loose,68,91,66,87,34,40,67,10,12,14,6,31,8,76,29,73
m27-1,15061,Kyle,Williams,Kyle Williams,WR,New England Patriots,Patriots,23,72,190,Wash. St.,1,18,13,11,2002,73,Deep Threat - WR,Launch Ratings,0,,,,,,,,95,87,70,84,31,37,76,72,81,85,79,28,29,42,83,76,87,21,32,70,28,29,18,24,27,34,40,25,28,33,78,74,75,75,21,20,46,Default,77,94,71,92,66,66,29,38,43,48,41,59,32,85,60,36
m27-1,20452,Lonnie,Johnson Jr,Lonnie Johnson Jr,FS,Miami Dolphins,Dolphins,30,74,221,Kentucky,7,32,4,11,1995,73,Hybrid - S,Launch Ratings,1,,,,,,,,91,85,72,60,49,25,43,64,66,86,51,42,71,51,88,70,90,13,15,35,17,76,35,35,35,6,72,28,77,70,31,27,34,39,35,35,35,Default Stride Loose,60,91,64,89,10,65,56,8,14,18,22,29,14,85,25,73
m27-1,1826,Malachi,Fields,Malachi Fields,WR,NY Giants,Giants,23,76,218,Notre Dame,0,0,26,8,2003,73,Deep Threat - WR,Launch Ratings,1,,,,,,,,88,85,78,81,22,37,77,69,83,81,81,18,29,48,88,76,92,27,27,71,35,21,22,24,33,31,25,17,24,26,77,75,76,75,29,32,53,Default,84,87,69,89,70,73,25,42,44,56,49,64,37,87,61,24
m27-1,22566,Malik,Davis,Malik Davis,HB,Dallas Cowboys,Cowboys,27,70,202,Florida,4,20,26,11,1998,73,Elusive Back - HB,Launch Ratings,1,,,,,,,,92,82,78,82,31,22,77,89,69,83,63,10,33,44,91,81,90,10,14,64,30,12,37,34,55,10,16,10,12,38,44,50,60,64,17,15,30,Default,64,88,74,83,64,64,34,13,17,20,15,24,13,76,74,15
m27-1,21145,Malik,Harrison,Malik Harrison,MIKE,Pittsburgh Steelers,Steelers,28,75,247,Ohio State,6,39,5,3,1998,73,Field General - MLB,Launch Ratings,1,,,,,,,,85,83,75,44,74,40,36,55,58,72,42,61,83,79,87,55,86,46,55,33,14,56,45,45,45,21,74,71,55,83,20,16,21,26,45,45,45,Long Stride Loose,48,85,47,82,48,75,83,22,27,34,45,47,36,79,50,65
m27-1,14665,Malik,Washington,Malik Washington,WR,Miami Dolphins,Dolphins,25,69,191,Virginia,2,6,20,10,2000,73,Slot - WR,Launch Ratings,1,,,,,,,,92,88,74,80,20,27,72,68,87,86,79,10,26,35,88,81,87,15,19,85,22,18,33,38,24,18,16,10,15,28,67,72,73,75,24,16,39,Default,77,90,74,87,54,59,29,19,27,30,25,42,29,83,44,16
m27-1,16333,Markel,Bell,Markel Bell,RT,Philadelphia Eagles,Eagles,22,81,346,Miami,0,72,19,7,2004,73,Power - OT,Launch Ratings,1,,,,,,,,66,64,76,11,25,12,16,30,24,56,15,10,42,86,89,10,73,12,10,10,81,13,77,79,78,6,22,10,10,24,18,5,5,14,76,77,74,Long Stride Awkward,17,64,10,81,14,87,27,6,6,6,6,12,12,86,24,15
m27-1,15350,Marques,Sigle,Marques Sigle,SS,San Francisco 49ers,49ers,24,71,199,Kansas State,1,36,18,7,2002,73,Zone - S,Launch Ratings,1,,,,,,,,92,84,70,64,50,14,52,60,68,81,57,37,77,54,90,62,90,15,19,43,25,68,35,35,35,6,67,36,67,76,32,25,29,34,35,35,35,Default Stride Loose,60,92,56,87,42,64,75,6,6,6,6,24,12,88,44,72
m27-1,20508,Mecole,Hardman,Mecole Hardman,WR,Buffalo Bills,Bills,28,70,187,Georgia,7,1,12,3,1998,73,Deep Threat - WR,Launch Ratings,1,,,,,,,,95,90,63,87,41,34,73,71,82,84,77,11,31,41,83,83,86,32,44,83,20,46,10,10,23,36,38,11,41,51,66,73,71,70,8,15,39,Short Stride Loose,80,93,76,85,55,60,45,37,40,45,44,56,29,73,51,41
m27-1,14608,Michael,Penix Jr,Michael Penix Jr,QB,Atlanta Falcons,Falcons,26,74,216,Washington,2,9,8,5,2000,73,Field General - QB,Launch Ratings,0,,,,,,,,89,78,71,72,18,73,50,68,30,73,15,10,12,12,82,58,86,21,22,10,10,12,15,15,15,83,17,10,10,28,15,12,14,15,12,12,12,Default Stride Loose,15,84,54,89,39,57,18,76,85,86,74,92,75,81,29,15
m27-1,22914,Myles,Murphy,Myles Murphy,LEDG,Cincinnati Bengals,Bengals,24,77,275,Clemson,3,99,3,1,2002,73,Power Rusher - DE,Launch Ratings,0,,,,,,,,90,77,67,45,73,31,25,45,40,74,28,65,85,88,93,39,76,14,15,10,33,28,40,40,40,15,65,76,31,79,16,7,8,15,45,45,45,Long Stride Loose,35,88,31,84,47,82,79,27,32,42,21,51,11,88,42,37
m27-1,21810,Noah,Gray,Noah Gray,TE,Kansas City Chiefs,Chiefs,27,75,240,Duke,5,83,30,4,1999,73,Vertical Threat - TE,Launch Ratings,1,,,,,,,,88,84,68,74,36,34,67,78,89,70,78,10,30,61,91,67,85,18,23,28,50,14,60,56,60,30,19,10,15,43,66,58,63,69,60,58,61,Default Stride High and Tight,78,87,61,87,65,69,37,31,36,43,37,51,31,85,68,18
m27-1,20511,Noah,Fant,Noah Fant,TE,New Orleans Saints,Saints,28,76,249,Iowa,7,87,20,11,1997,73,Vertical Threat - TE,Launch Ratings,1,,,,,,,,90,86,67,80,38,18,67,76,84,75,77,19,26,60,90,72,87,12,17,10,47,16,58,56,59,10,28,16,19,38,71,61,64,68,59,56,59,Long Stride Loose,81,87,64,87,62,72,41,10,15,20,10,28,14,82,64,22
m27-1,20802,Olamide,Zaccheaus,Olamide Zaccheaus,WR,Atlanta Falcons,Falcons,29,68,193,Virginia,7,14,23,7,1997,73,Deep Threat - WR,Launch Ratings,1,,,,,,,,88,84,77,79,35,24,75,72,84,84,79,23,25,44,88,82,85,15,13,72,31,15,19,19,35,13,30,15,10,39,72,76,76,77,17,23,45,Default Stride Loose,80,90,75,85,39,54,35,7,12,19,10,31,20,84,35,23
m27-1,15049,Ollie,Gordon II,Ollie Gordon II,HB,Miami Dolphins,Dolphins,22,73,226,Oklahoma St.,1,0,15,1,2004,73,Power Back - HB,Launch Ratings,1,,,,,,,,88,83,77,82,36,33,82,90,69,82,48,30,37,35,92,78,87,25,25,69,34,27,36,40,54,29,28,29,22,42,56,50,56,62,28,29,37,Long Stride Default,48,86,73,89,83,76,38,31,32,38,39,51,35,87,82,20
m27-1,15180,Oluwafemi,Oladejo,Oluwafemi Oladejo,REDG,Tennessee Titans,Titans,22,75,261,UCLA,1,7,20,9,2003,73,Smaller Speed Rusher - DE,Launch Ratings,1,,,,,,,,87,83,72,40,75,13,32,51,55,74,47,72,81,81,89,37,86,24,27,28,23,49,45,45,45,6,72,73,41,80,16,5,10,17,45,45,45,Long Stride Loose,47,85,31,83,38,81,80,10,15,20,10,26,15,90,32,57
m27-1,15125,Ozzy,Trapilo,Ozzy Trapilo,LT,Chicago Bears,Bears,24,80,312,Boston College,1,75,17,10,2001,73,Power - OT,Launch Ratings,1,,,,,,,,74,61,74,10,28,13,6,34,24,57,17,23,24,83,84,15,74,27,22,10,83,14,78,77,79,6,22,29,10,26,21,5,5,15,78,77,77,Long Stride Awkward,20,65,10,86,12,87,21,6,6,6,6,14,14,83,29,16
m27-1,20856,Patrick,Mekari,Patrick Mekari,RG,Jacksonville Jaguars,Jaguars,29,76,305,California,7,65,13,8,1997,73,Power - G,Launch Ratings,1,,,,,,,,67,58,86,15,25,12,9,33,22,49,10,15,30,83,87,12,67,20,22,10,76,9,73,76,75,6,30,15,10,31,12,5,5,10,73,77,75,Default Stride Awkward,12,71,10,86,10,85,34,6,6,6,6,22,10,84,23,12
m27-1,21688,Payton,Turner,Payton Turner,LEDG,Detroit Lions,Lions,27,78,270,Houston,5,92,7,1,1999,73,Power Rusher - DE,Launch Ratings,1,,,,,,,,83,82,68,27,73,12,16,39,37,72,19,66,86,86,84,36,85,15,15,10,17,23,45,45,45,6,63,75,16,82,16,4,7,15,45,45,45,Long Stride Loose,21,79,31,74,30,82,84,6,6,6,6,28,13,84,30,34
m27-1,15313,Quincy,Riley,Quincy Riley,CB,New Orleans Saints,Saints,25,71,194,Louisville,1,29,26,5,2001,73,Manto Man - CB,Launch Ratings,1,,,,,,,,90,90,73,74,44,28,45,66,77,85,65,32,56,48,86,72,85,17,22,75,26,76,35,25,35,27,70,32,73,72,33,30,33,32,35,25,35,Short Stride Loose,71,90,66,89,35,64,48,12,12,20,25,28,29,85,33,75
m27-1,15109,Robbie,Ouzts,Robbie Ouzts,FB,Seattle Seahawks,Seahawks,23,76,274,Alabama,1,40,6,9,2002,73,Blocking - FB,Launch Ratings,1,,,,,,,,74,72,69,63,37,27,56,70,75,68,68,30,40,73,86,56,82,24,28,23,85,18,55,56,57,17,30,37,16,40,57,51,58,65,64,60,62,Long Stride Default,69,75,49,82,60,82,44,27,8,27,30,23,25,87,69,25
m27-1,14850,Ruke,Orhorhoro,Ruke Orhorhoro,DT,Jacksonville Jaguars,Jaguars,24,76,290,Clemson,2,99,13,10,2001,73,Power Rusher - DT,Launch Ratings,1,,,,,,,,83,71,64,36,76,12,16,34,48,64,10,66,83,87,84,32,78,19,21,9,18,23,44,45,45,6,66,76,22,80,17,3,6,13,45,44,45,Default Stride Bread Loaf,12,76,27,83,36,90,80,6,6,6,6,22,15,88,33,29
m27-1,16341,Ryan,Eckley,Ryan Eckley,P,Baltimore Ravens,Ravens,22,73,207,Michigan St.,0,30,16,2,2004,73,Power - KP,Launch Ratings,1,,,,,,,,82,64,58,15,23,32,28,55,28,53,16,10,26,19,87,21,68,80,92,10,14,10,15,17,14,28,23,10,10,32,16,14,12,11,13,17,20,Long Stride Awkward,28,75,26,87,22,47,29,26,21,16,27,29,18,76,10,12
m27-1,22150,Sam,Williams,Sam Williams,REDG,Dallas Cowboys,Cowboys,27,76,261,Ole Miss,4,54,31,3,1999,73,Power Rusher - DE,Launch Ratings,1,,,,,,,,90,81,70,27,67,19,19,35,42,69,34,64,79,85,88,27,86,14,12,10,21,30,45,45,45,6,67,74,24,82,13,5,7,10,45,45,45,Long Stride Loose,30,88,23,74,33,79,79,6,6,6,6,20,14,78,33,40
m27-1,23078,Starling,Thomas V,Starling Thomas V,CB,Arizona Cardinals,Cardinals,26,70,194,UAB,3,24,25,1,2000,73,Manto Man - CB,Launch Ratings,1,,,,,,,,90,82,73,70,42,23,62,52,65,82,57,42,70,40,86,73,89,18,15,64,24,73,25,25,30,14,74,32,69,70,35,30,34,39,35,35,35,Default Stride Loose,61,93,70,85,35,56,63,19,24,29,28,31,12,79,33,71
m27-1,15241,T.J.,Sanders,T.J. Sanders,DT,Buffalo Bills,Bills,23,76,297,South Carolina,1,98,30,7,2003,73,Power Rusher - DT,Launch Ratings,1,,,,,,,,83,61,73,20,80,13,25,39,20,58,16,68,78,86,90,19,77,14,15,22,24,14,45,45,45,6,70,75,15,77,15,10,13,15,45,45,45,Long Stride Awkward,17,74,17,76,32,88,78,6,6,6,6,28,12,89,27,18
m27-1,15072,Tez,Johnson,Tez Johnson,WR,Tampa Bay Buccaneers,Buccaneers,24,70,165,Oregon,1,15,18,5,2002,73,Deep Threat - WR,Launch Ratings,1,,,,,,,,91,93,65,81,22,32,71,75,83,90,77,17,18,43,88,83,88,22,27,77,29,21,15,22,22,29,37,18,21,19,66,75,74,75,12,14,48,Short Stride Default,76,91,78,85,36,58,19,44,43,49,47,63,39,78,29,28
m27-1,12908,Thomas,Hennessy,Thomas Hennessy,LS,NY Jets,Jets,32,74,246,Duke,9,42,11,6,1994,73,Accurate - LS,Launch Ratings,1,,,,,,,,72,66,60,25,48,10,15,63,61,66,49,10,60,72,94,30,73,13,13,10,58,25,40,50,59,6,37,10,15,48,30,34,39,44,35,40,45,Long Stride Loose,52,73,25,77,45,67,59,6,6,6,6,38,10,76,34,24
m27-1,16177,Tommy,Doman Jr,Tommy Doman Jr,P,Buffalo Bills,Bills,24,76,213,Florida,0,39,1,9,2002,73,Power - KP,Launch Ratings,1,,,,,,,,82,62,60,25,25,26,25,56,31,52,15,10,23,18,88,47,66,78,91,10,15,12,15,16,13,24,25,10,10,30,17,10,10,10,16,17,21,Long Stride Awkward,27,75,21,86,25,51,33,20,24,15,34,34,20,75,10,16
m27-1,15058,Tre',Harris,Tre' Harris,WR,Los Angeles Chargers,Chargers,24,75,210,Ole Miss,1,9,28,2,2002,73,Deep Threat - WR,Launch Ratings,1,,,,,,,,91,82,76,80,38,36,74,71,82,82,83,33,30,45,87,81,91,25,33,69,31,24,14,21,21,32,36,31,25,37,75,76,73,75,30,27,49,Long Stride Default,85,88,75,87,54,68,21,40,44,51,43,64,33,89,46,27
m27-1,13645,Trent,Sieg,Trent Sieg,LS,Dallas Cowboys,Cowboys,30,75,240,Colorado St.,8,44,2,12,1995,73,Power - LS,Launch Ratings,1,,,,,,,,67,75,64,41,46,18,25,58,47,60,42,26,45,67,89,52,71,20,17,35,49,24,49,54,53,6,46,24,16,49,27,20,26,30,49,46,50,Default Stride Loose,45,75,42,80,44,72,65,6,6,6,6,29,10,88,45,25
m27-1,1870,Trey,Zuhn III,Trey Zuhn III,LG,Las Vegas Raiders,Raiders,23,78,320,Texas AM,0,66,12,10,2002,73,Agile - G,Launch Ratings,1,,,,,,,,80,65,76,19,42,12,10,24,31,59,13,23,38,78,89,12,78,14,16,10,81,12,76,73,76,6,34,28,10,30,14,5,5,10,76,71,75,Long Stride Awkward,15,72,10,88,22,89,40,6,6,6,6,16,6,86,32,13
m27-1,22069,Treylon,Burks,Treylon Burks,WR,Washington Commanders,Commanders,26,74,225,Arkansas,4,13,23,3,2000,73,Slot - WR,Launch Ratings,1,,,,,,,,91,89,69,86,42,35,78,77,81,86,82,17,40,50,83,82,85,16,19,77,32,26,27,30,34,23,33,12,24,46,65,70,72,73,31,29,46,Default,86,89,74,83,76,74,46,23,33,39,30,53,31,84,75,34
m27-1,14701,Tyler,Guyton,Tyler Guyton,LT,Dallas Cowboys,Cowboys,24,79,327,Oklahoma,2,60,11,6,2002,73,Power - OT,Launch Ratings,1,,,,,,,,75,71,81,19,29,12,18,39,33,59,22,24,33,87,91,41,83,8,9,10,82,16,73,77,77,7,33,23,13,39,15,15,17,21,79,75,77,Long Stride Awkward,25,67,35,85,32,85,28,7,9,12,5,25,7,84,25,14
m27-1,16310,Tyler,Onyedim,Tyler Onyedim,DT,Denver Broncos,Broncos,23,76,290,Texas AM,0,98,14,5,2003,73,Power Rusher - DT,Launch Ratings,1,,,,,,,,81,58,75,47,77,12,14,48,27,59,24,66,82,86,87,26,78,29,19,10,27,24,45,45,45,6,74,75,19,78,25,2,13,15,45,45,45,Long Stride Loose,24,70,24,74,44,86,82,6,6,6,6,12,10,87,46,25
m27-1,22973,Tyree,Wilson,Tyree Wilson,LEDG,New Orleans Saints,Saints,26,78,263,Texas Tech,3,98,20,5,2000,73,Power Rusher - DE,Launch Ratings,1,,,,,,,,87,76,71,38,74,12,26,45,49,70,44,61,87,82,87,40,82,17,15,10,33,35,40,40,40,6,71,74,44,80,12,5,8,10,45,45,45,Long Stride Loose,47,81,32,75,62,85,81,6,6,6,6,22,17,90,48,45
m27-1,21072,Van,Jefferson,Van Jefferson,WR,Washington Commanders,Commanders,30,73,200,Florida,6,12,26,7,1996,73,Slot - WR,Launch Ratings,1,,,,,,,,92,84,79,78,34,24,68,77,81,79,82,10,23,43,89,75,85,14,18,73,20,16,22,28,41,21,15,10,14,38,75,73,75,77,22,28,33,Long Stride Loose,83,88,72,87,57,59,34,22,27,32,28,36,25,85,34,23
m27-1,22908,Warren,McClendon Jr,Warren McClendon Jr,RT,Los Angeles Rams,Rams,25,76,317,Georgia,3,71,11,4,2001,73,Power - OT,Launch Ratings,1,,,,,,,,77,53,72,13,35,12,13,24,25,50,21,33,39,84,89,10,65,12,12,10,72,10,72,78,75,5,23,41,10,42,17,10,15,20,83,77,80,Long Stride Awkward,22,69,10,83,10,88,40,5,5,5,5,10,7,89,10,10
m27-1,16279,Wesley,Williams,Wesley Williams,REDG,Jacksonville Jaguars,Jaguars,21,76,256,Duke,0,90,22,9,2004,73,Smaller Speed Rusher - DE,Launch Ratings,1,,,,,,,,82,79,78,48,75,20,43,48,42,69,29,67,81,79,87,37,85,20,27,30,41,31,45,45,45,25,79,73,49,79,15,10,15,17,45,45,45,Long Stride Default,32,76,36,84,32,80,81,17,17,21,23,36,16,84,31,39
m27-1,14630,Will,Shipley,Will Shipley,HB,Philadelphia Eagles,Eagles,24,71,210,Clemson,2,28,29,8,2002,73,Elusive Back - HB,Launch Ratings,1,,,,,,,,91,87,72,80,25,25,74,83,64,89,52,10,26,32,83,83,90,17,22,79,29,11,35,30,48,18,17,10,10,35,58,55,62,67,32,25,30,Default Stride Loose,53,91,74,90,73,68,32,15,22,28,24,36,22,83,76,18
m27-1,22769,Xavier,Hutchinson,Xavier Hutchinson,WR,Houston Texans,Texans,26,75,205,Iowa State,3,19,1,6,2000,73,Slot - WR,Launch Ratings,1,,,,,,,,89,86,77,85,25,30,75,71,86,83,82,10,29,40,92,75,86,15,19,29,20,14,22,19,26,30,17,10,18,38,69,73,74,75,20,25,45,Default,83,88,68,86,57,62,32,38,42,47,45,57,35,91,52,19
m27-1,22920,Zach,Harrison,Zach Harrison,DT,Atlanta Falcons,Falcons,25,78,272,Ohio State,3,96,14,8,2001,73,Power Rusher - DT,Launch Ratings,1,,,,,,,,87,73,74,46,76,26,34,35,46,61,41,69,85,85,88,44,83,12,15,10,32,35,40,40,40,5,71,78,44,76,32,24,26,29,45,45,45,Long Stride Loose,49,83,37,72,64,81,81,13,14,20,22,23,12,83,45,44
m27-1,16206,Zachariah,Branch,Zachariah Branch,WR,Atlanta Falcons,Falcons,22,69,177,Georgia,0,17,29,3,2004,73,Deep Threat - WR,Launch Ratings,1,,,,,,,,95,93,51,84,20,21,76,75,81,88,76,18,24,34,91,83,90,27,28,81,23,22,25,27,28,22,26,15,20,23,69,74,73,72,25,24,45,Default Stride Loose,79,95,76,84,46,64,22,18,23,27,26,34,21,88,39,24
m27-1,14769,Adisa,Isaac,Adisa Isaac,LEDG,Baltimore Ravens,Ravens,24,76,254,Penn State,2,50,4,10,2001,72,Smaller Speed Rusher - DE,Launch Ratings,1,,,,,,,,86,77,73,24,71,14,13,24,25,71,21,75,74,78,83,41,83,21,22,10,20,42,51,48,49,6,71,71,42,80,12,5,7,10,50,45,49,Long Stride Bread Loaf,22,81,35,78,34,72,79,6,6,6,6,19,10,83,26,49
m27-1,21160,Akeem,Davis-Gaither,Akeem Davis-Gaither,WILL,Indianapolis Colts,Colts,28,74,238,Appalach. St.,6,51,21,9,1997,72,Run Stopper - OLB,Launch Ratings,1,,,,,,,,90,85,73,52,67,15,38,62,63,77,45,58,82,76,85,63,86,19,25,40,17,60,35,35,40,15,73,52,60,83,15,18,28,33,35,35,35,Default,60,86,60,84,46,70,82,10,10,15,15,30,10,88,54,67
m27-1,22313,Alex,Wright,Alex Wright,LEDG,Cleveland Browns,Browns,25,77,267,UAB,4,91,5,9,2000,72,Power Rusher - DE,Launch Ratings,1,,,,,,,,83,70,79,40,77,12,30,44,42,66,39,67,76,86,88,40,74,15,15,10,19,22,45,45,45,6,78,76,25,81,31,27,30,35,45,45,45,Long Stride Default,41,79,32,73,42,73,82,6,6,6,6,15,10,87,32,31
m27-1,15206,Alfred,Collins,Alfred Collins,DT,San Francisco 49ers,49ers,24,78,332,Texas,1,95,8,10,2001,72,Power Rusher - DT,Launch Ratings,1,,,,,,,,79,69,73,27,72,17,27,45,42,52,35,59,78,89,91,22,75,21,20,23,26,11,45,45,45,12,73,74,10,78,16,10,13,15,45,45,45,Long Stride Awkward,36,73,17,77,30,92,78,7,10,15,10,24,13,91,33,15
m27-1,22893,Anthony,Bradford,Anthony Bradford,RG,Seattle Seahawks,Seahawks,25,77,335,LSU,3,75,28,4,2001,72,Power - G,Launch Ratings,1,,,,,,,,84,56,74,11,25,12,9,31,24,52,16,10,20,86,87,10,74,16,15,10,70,11,65,72,69,5,21,10,10,22,11,7,9,11,74,79,77,Long Stride Awkward,14,70,10,88,10,92,30,6,7,10,6,12,7,85,14,12
m27-1,15127,Anthony,Belton,Anthony Belton,RG,Green Bay Packers,Packers,25,78,336,N.C. State,1,71,23,2,2001,72,Power - G,Launch Ratings,1,,,,,,,,68,59,74,22,44,12,11,24,22,55,15,32,39,84,90,14,74,15,11,23,82,13,73,77,74,6,12,39,10,30,16,5,5,16,73,75,74,Long Stride Awkward,21,64,23,87,33,86,31,6,9,6,6,15,11,90,31,15
m27-1,16224,Anthony,Hill Jr.,Anthony Hill Jr.,MIKE,Tennessee Titans,Titans,21,74,238,Texas,0,53,14,2,2005,72,Field General - MLB,Launch Ratings,1,,,,,,,,91,82,73,54,70,15,36,57,65,75,41,57,82,72,85,50,88,13,14,15,25,59,42,48,50,6,73,58,47,82,15,15,20,25,54,54,45,Default Stride Loose,61,89,34,87,46,73,82,6,6,6,6,32,10,87,46,63
m27-1,12418,Antonio,Hamilton Sr,Antonio Hamilton Sr,CB,Washington Commanders,Commanders,33,72,188,S.C. State,9,34,24,1,1993,72,Manto Man - CB,Launch Ratings,1,,,,,,,,88,81,76,72,45,13,63,68,65,80,43,33,59,45,91,78,88,19,23,80,15,77,35,35,13,6,74,22,66,74,31,15,22,32,35,35,19,Short Stride Default,60,90,73,86,44,59,61,6,6,6,6,27,10,79,43,73
m27-1,20649,Ashton,Dulin,Ashton Dulin,WR,Indianapolis Colts,Colts,29,73,215,Malone University,7,16,15,5,1997,72,Deep Threat - WR,Launch Ratings,1,,,,,,,,91,87,74,80,28,20,73,74,83,80,80,10,27,44,88,78,88,14,18,83,23,10,22,26,33,16,15,10,15,43,71,74,71,72,22,25,42,Default,79,92,74,85,49,61,41,12,16,22,21,35,20,83,47,18
m27-1,15182,Ashton,Gillotte,Ashton Gillotte,REDG,Kansas City Chiefs,Chiefs,23,75,270,Louisville,1,97,30,10,2002,72,Power Rusher - DE,Launch Ratings,1,,,,,,,,90,83,69,30,81,18,29,38,35,72,25,66,80,86,90,37,87,21,24,28,29,27,45,45,45,15,66,74,25,79,12,7,8,15,45,45,45,Long Stride Loose,25,84,32,84,32,78,79,7,10,15,12,27,15,91,30,36
m27-1,16289,Austin,Barber,Austin Barber,RT,Cleveland Browns,Browns,23,79,318,Florida,0,58,20,5,2003,72,Power - OT,Launch Ratings,1,,,,,,,,74,61,74,10,41,13,13,26,25,53,16,41,52,84,88,10,76,12,10,10,81,25,73,79,71,6,21,40,20,45,17,5,5,2,79,76,78,Long Stride Awkward,14,68,10,85,14,85,45,6,6,6,6,16,12,88,27,26
m27-1,21100,Ben,Bartch,Ben Bartch,LG,Detroit Lions,Lions,28,78,309,St. John's,6,78,22,7,1998,72,Agile - G,Launch Ratings,1,,,,,,,,60,68,75,33,15,12,40,56,54,51,40,10,35,83,86,36,70,27,37,10,84,12,74,71,72,6,15,15,10,22,34,24,33,40,78,74,76,Long Stride Default,44,67,30,86,27,85,29,6,6,6,6,25,5,92,46,15
m27-1,22701,BJ,Ojulari,BJ Ojulari,REDG,Arizona Cardinals,Cardinals,24,74,248,LSU,3,9,5,4,2002,72,Smaller Speed Rusher - DE,Launch Ratings,1,,,,,,,,91,84,61,24,68,14,13,30,29,73,21,74,84,71,85,41,81,21,22,10,45,41,51,48,49,6,62,66,42,84,12,5,7,10,50,45,49,Default Stride Bread Loaf,22,86,35,78,34,75,76,6,6,6,6,19,10,76,26,50
m27-1,22084,Bo,Melton,Bo Melton,WR,Green Bay Packers,Packers,27,71,189,Rutgers,4,16,18,5,1999,72,Deep Threat - WR,Launch Ratings,1,,,,,,,,93,89,63,78,42,29,75,68,81,90,78,30,53,49,87,79,88,20,20,74,33,64,20,24,28,15,60,25,63,61,69,74,72,73,33,27,50,Short Stride Default,80,94,71,82,63,65,55,10,15,20,25,32,24,80,60,69
m27-1,14631,Braelon,Allen,Braelon Allen,HB,NY Jets,Jets,22,73,250,Wisconsin,2,0,20,1,2004,72,Elusive Back - HB,Launch Ratings,1,,,,,,,,89,83,77,79,48,37,79,87,64,85,51,29,55,49,84,82,78,12,17,65,46,34,36,39,58,30,33,38,34,44,54,50,55,62,34,38,44,Long Stride Default,51,88,74,86,76,79,45,21,28,34,40,43,29,84,85,42
m27-1,16349,Brandon,Cisse,Brandon Cisse,CB,Green Bay Packers,Packers,21,72,189,South Carolina,0,2,3,7,2005,72,Manto Man - CB,Launch Ratings,1,,,,,,,,93,86,72,69,55,17,57,62,71,83,66,44,62,46,88,70,94,16,18,52,18,68,35,35,35,6,71,30,69,74,47,36,41,46,35,35,35,Default Stride Loose,61,92,65,87,34,59,66,6,6,6,6,29,10,86,37,67
m27-1,13377,Braxton,Berrios,Braxton Berrios,WR,NY Giants,Giants,30,69,190,Miami,8,87,6,10,1995,72,Slot - WR,Launch Ratings,1,,,,,,,,88,89,72,81,29,27,71,72,84,85,79,10,15,39,89,79,86,13,18,81,21,18,16,16,34,6,18,10,10,34,68,72,75,77,7,14,36,Short Stride Loose,76,90,73,86,39,55,25,6,10,15,10,19,20,77,34,25
m27-1,10176,Brenen,Thompson,Brenen Thompson,WR,Los Angeles Chargers,Chargers,23,69,170,Mississippi St.,0,89,25,7,2003,72,Deep Threat - WR,Launch Ratings,1,,,,,,,,93,91,60,83,33,33,72,73,77,88,76,23,28,39,81,84,86,33,47,92,24,37,18,20,28,28,40,21,37,47,67,74,71,70,25,22,46,Short Stride Default,77,97,75,82,51,55,33,30,34,38,37,58,32,80,40,43
m27-1,2532,Bud,Dupree,Bud Dupree,LEDG,Los Angeles Chargers,Chargers,33,76,269,Kentucky,11,48,12,2,1993,72,Power Rusher - DE,Launch Ratings,1,,,,,,,,84,75,75,39,75,12,15,50,62,65,26,65,88,82,81,46,93,20,25,10,19,43,45,45,45,6,76,75,56,84,30,5,5,15,45,45,45,Default,36,83,45,80,43,76,79,6,6,6,6,33,14,84,40,56
m27-1,16363,Caleb,Tiernan,Caleb Tiernan,LT,Minnesota Vikings,Vikings,23,80,323,Northwestern,0,78,23,1,2003,72,Power - OT,Launch Ratings,1,,,,,,,,72,54,75,18,33,12,17,23,26,57,15,35,42,83,89,10,80,12,10,10,81,12,76,78,79,6,22,34,10,32,15,5,5,15,77,76,77,Long Stride Awkward,15,65,10,82,17,87,28,6,6,6,6,18,12,86,23,16
m27-1,12823,Cameron,Johnston,Cameron Johnston,P,Pittsburgh Steelers,Steelers,34,71,194,Ohio State,8,19,24,2,1992,72,Power - KP,Launch Ratings,1,,,,,,,,72,60,57,21,26,19,20,25,30,52,10,10,12,23,89,10,55,76,91,10,23,21,24,24,20,10,10,10,10,25,12,10,10,10,23,23,20,Default Stride Awkward,12,75,10,87,15,48,35,15,15,15,18,28,14,83,15,29
m27-1,1810,Chris,Brazzell II,Chris Brazzell II,WR,Carolina Panthers,Panthers,22,76,198,Tennessee,0,19,23,10,2003,72,Deep Threat - WR,Launch Ratings,1,,,,,,,,94,88,66,77,40,21,72,75,79,86,77,30,38,42,92,74,91,20,26,42,26,33,22,24,29,20,41,27,28,47,74,77,75,73,29,30,47,Long Stride Default,81,93,68,85,63,60,40,15,18,23,19,26,20,91,50,40
m27-1,22737,Chris,Rodriguez Jr,Chris Rodriguez Jr,HB,Jacksonville Jaguars,Jaguars,25,71,224,Kentucky,3,24,26,9,2000,72,Power Back - HB,Launch Ratings,1,,,,,,,,91,79,78,81,35,33,80,90,60,79,51,12,49,50,92,76,85,12,14,60,45,30,54,55,57,10,40,11,32,46,40,37,44,51,45,45,45,Default Stride High and Tight,52,89,70,82,76,74,39,14,20,24,10,27,17,90,84,37
m27-1,22405,Christian,Harris,Christian Harris,WILL,Atlanta Falcons,Falcons,25,73,232,Alabama,4,45,16,1,2001,72,Run Stopper - OLB,Launch Ratings,1,,,,,,,,93,84,72,51,67,15,37,55,69,82,50,62,86,81,90,57,83,24,22,39,26,65,45,45,45,6,73,55,58,84,37,29,31,35,45,45,45,Default Stride Loose,62,89,46,84,44,69,78,6,6,6,6,25,10,80,45,65
m27-1,14709,Christian,Mahogany,Christian Mahogany,LG,Detroit Lions,Lions,25,75,327,Boston College,2,73,11,10,2000,72,Power - G,Launch Ratings,1,,,,,,,,76,60,65,24,32,9,23,21,28,63,21,23,38,85,87,22,79,12,19,10,82,8,73,75,74,7,24,34,10,25,14,9,11,15,77,78,77,Default Stride Awkward,22,68,16,85,25,89,27,5,6,7,5,26,8,93,31,9
m27-1,22137,Cole,Strange,Cole Strange,RG,Los Angeles Chargers,Chargers,28,77,305,Tenn-Chat,4,69,31,7,1998,72,Agile - G,Launch Ratings,1,,,,,,,,78,68,77,35,34,16,32,47,43,58,42,37,45,81,89,30,70,20,20,10,84,10,74,70,71,6,39,38,10,43,44,30,34,36,78,77,74,Long Stride Awkward,39,71,26,84,42,87,42,6,6,6,6,21,11,90,36,10
m27-1,21932,Cole,Van Lanen,Cole Van Lanen,LT,Jacksonville Jaguars,Jaguars,28,76,312,Wisconsin,5,70,23,4,1998,72,Power - OT,Launch Ratings,1,,,,,,,,78,71,70,10,35,12,8,22,22,58,15,15,22,82,90,10,74,10,14,10,84,13,72,78,76,6,21,25,10,29,14,5,5,15,76,80,77,Default Stride Awkward,15,67,10,80,19,79,26,6,6,6,6,30,12,87,23,15
m27-1,22110,Cordell,Volson,Cordell Volson,RG,Tennessee Titans,Titans,28,78,315,North Dakota St.,4,73,20,7,1998,72,Power - G,Launch Ratings,1,,,,,,,,69,55,78,44,42,14,30,44,37,52,33,37,40,79,93,33,78,37,40,10,84,15,66,73,70,6,39,38,10,42,33,28,31,34,77,78,78,Long Stride Awkward,35,63,30,87,44,85,42,6,8,10,6,25,10,78,40,20
m27-1,15000,Dadrion,Taylor-Demerson,Dadrion Taylor-Demerson,FS,Arizona Cardinals,Cardinals,25,70,197,Texas Tech,2,42,20,1,2001,72,Hybrid - S,Launch Ratings,1,,,,,,,,93,85,67,79,51,22,74,71,70,86,66,32,74,49,89,78,90,11,12,55,19,69,15,14,22,9,69,27,67,75,44,39,45,52,19,15,25,Default Stride Loose,64,92,72,85,48,57,69,14,20,25,21,31,8,84,54,73
m27-1,15214,Darius,Alexander,Darius Alexander,DT,NY Giants,Giants,26,76,305,Toledo,1,91,26,8,2000,72,Power Rusher - DT,Launch Ratings,1,,,,,,,,79,73,68,49,81,13,37,50,50,63,34,74,76,85,89,39,78,21,23,26,24,31,45,45,45,10,68,78,17,75,14,10,13,16,45,45,45,Long Stride Loose,44,74,31,86,49,86,77,6,6,9,10,22,7,89,42,37
m27-1,20458,Darnell,Savage,Darnell Savage,FS,Pittsburgh Steelers,Steelers,29,71,198,Maryland,7,31,30,7,1997,72,Hybrid - S,Launch Ratings,1,,,,,,,,90,84,75,73,52,15,54,70,74,83,60,54,79,59,92,77,93,15,25,63,14,74,35,35,35,15,72,35,65,71,22,17,22,34,35,35,35,Default,68,91,71,90,40,59,59,10,10,15,15,20,10,84,38,71
m27-1,16228,Darrell,Jackson Jr.,Darrell Jackson Jr.,DT,NY Jets,Jets,23,77,337,Florida State,0,78,28,4,2003,72,Speed Rusher - DT,Launch Ratings,1,,,,,,,,71,58,73,25,77,12,16,47,23,49,24,69,80,88,86,24,67,27,15,10,28,32,45,45,45,6,71,75,18,77,26,2,13,15,45,45,45,Long Stride Awkward,22,67,25,73,45,88,82,6,6,6,6,20,10,87,49,26
m27-1,22311,David,Ojabo,David Ojabo,LEDG,Miami Dolphins,Dolphins,26,76,255,Michigan,4,50,17,5,2000,72,Smaller Speed Rusher - DE,Launch Ratings,1,,,,,,,,90,84,64,27,68,12,17,32,32,70,16,72,82,78,83,35,85,17,17,10,15,34,45,45,45,6,61,61,32,77,13,2,3,10,45,45,45,Default Stride Loose,17,87,29,73,26,78,80,6,6,6,6,20,11,85,27,42
m27-1,16170,Daylen,Everette,Daylen Everette,CB,Pittsburgh Steelers,Steelers,22,73,196,Georgia,0,23,6,5,2004,72,Zone - CB,Launch Ratings,1,,,,,,,,93,88,72,64,53,17,53,61,64,87,62,35,63,51,87,69,89,16,18,51,16,65,35,35,35,6,71,36,68,74,37,31,36,41,35,35,35,Default Stride Loose,63,93,66,85,35,63,62,6,6,6,6,25,10,87,34,72
m27-1,15242,Deone,Walker,Deone Walker,DT,Buffalo Bills,Bills,22,79,331,Kentucky,1,96,11,3,2004,72,Power Rusher - DT,Launch Ratings,1,,,,,,,,73,70,76,32,78,20,24,42,30,62,18,74,81,77,85,31,64,18,18,24,23,17,45,45,45,14,75,77,14,76,16,12,14,16,45,45,45,Long Stride Loose,18,61,23,88,29,82,84,10,11,12,18,22,17,86,26,22
m27-1,14835,Devin,Neal,Devin Neal,HB,New Orleans Saints,Saints,23,71,213,Kansas,1,24,12,8,2003,72,Elusive Back - HB,Launch Ratings,1,,,,,,,,89,81,69,83,34,31,79,91,68,84,54,30,36,42,93,83,89,18,23,68,38,26,42,43,49,28,36,28,25,40,53,49,55,60,31,30,40,Default,53,87,79,90,67,71,40,23,29,36,34,45,31,89,74,30
m27-1,21657,Dillon,Radunz,Dillon Radunz,LG,New Orleans Saints,Saints,28,78,301,North Dakota St.,5,77,28,3,1998,72,Agile - G,Launch Ratings,1,,,,,,,,72,74,81,16,32,11,8,29,28,56,25,20,35,86,84,19,78,18,18,10,79,13,71,75,73,6,18,25,15,29,20,5,5,15,78,74,76,Default Stride Awkward,15,69,11,83,21,84,31,6,6,6,6,19,14,94,25,15
m27-1,14731,DJ,Glaze,DJ Glaze,RT,Las Vegas Raiders,Raiders,24,76,331,Maryland,2,71,4,8,2002,72,Power - OT,Launch Ratings,1,,,,,,,,73,56,76,31,32,11,32,31,29,51,22,10,38,83,90,24,65,10,12,10,84,10,71,76,74,9,15,10,10,29,15,11,12,13,75,77,76,Short Stride Awkward,21,65,23,86,44,88,33,6,7,9,5,27,5,85,39,15
m27-1,22975,Drew,Sanders,Drew Sanders,REDG,Denver Broncos,Broncos,24,77,233,Arkansas,3,41,31,12,2001,72,Smaller Speed Rusher - DE,Launch Ratings,1,,,,,,,,89,81,73,53,73,52,52,67,64,74,58,71,83,85,88,51,88,15,17,10,34,70,35,35,35,44,75,73,69,85,12,4,8,10,40,40,40,Long Stride Loose,59,84,43,89,51,72,76,40,45,51,47,52,33,84,51,62
m27-1,15168,Dylan,Fairchild,Dylan Fairchild,LG,Cincinnati Bengals,Bengals,23,77,318,Georgia,1,63,8,5,2003,72,Power - G,Launch Ratings,1,,,,,,,,78,60,75,17,43,12,18,39,27,54,13,34,43,82,90,16,69,12,19,10,81,11,74,76,75,6,25,37,10,30,12,10,12,14,74,75,74,Long Stride Awkward,25,71,13,89,15,86,18,6,6,6,6,23,10,88,26,10
m27-1,17653,Eli,Apple,Eli Apple,CB,San Francisco 49ers,49ers,31,73,199,Ohio State,10,30,9,8,1995,72,Manto Man - CB,Launch Ratings,1,,,,,,,,90,83,76,66,49,10,50,63,71,83,44,25,47,51,90,72,85,17,18,65,11,73,34,33,10,6,74,24,75,73,27,11,16,26,34,33,15,Default Stride Loose,62,88,64,92,37,60,53,6,6,6,6,27,11,84,26,69
m27-1,16355,Eli,Stowers,Eli Stowers,TE,Philadelphia Eagles,Eagles,23,76,239,Vanderbilt,0,87,15,4,2003,72,Vertical Threat - TE,Launch Ratings,1,,,,,,,,91,85,64,69,25,70,70,75,84,83,77,23,28,53,86,71,97,28,29,44,48,15,54,53,54,76,26,27,18,26,70,57,63,66,55,51,56,Long Stride Default,83,89,62,85,66,73,28,67,69,74,72,86,68,87,58,20
m27-1,21629,Elijah,Mitchell,Elijah Mitchell,HB,Philadelphia Eagles,Eagles,28,70,200,UL Lafayette,5,38,2,5,1998,72,Elusive Back - HB,Launch Ratings,1,,,,,,,,90,85,70,82,24,26,77,93,69,85,57,12,22,32,84,81,88,19,20,76,30,13,34,31,54,10,19,11,16,34,54,50,57,64,27,18,36,Default,56,87,75,90,74,71,27,12,17,20,10,27,17,81,77,18
m27-1,14934,Ennis,Rakestraw Jr,Ennis Rakestraw Jr,CB,Detroit Lions,Lions,24,72,183,Missouri,2,2,5,6,2002,72,Manto Man - CB,Launch Ratings,1,,,,,,,,93,87,69,66,45,18,65,53,58,85,51,37,61,44,82,72,85,10,11,55,15,74,23,21,35,7,70,29,69,68,25,10,14,16,25,27,35,Default Stride Loose,54,89,68,87,40,57,66,11,14,21,6,26,10,79,32,72
m27-1,16359,Febechi,Nwaiwu,Febechi Nwaiwu,RG,Houston Texans,Texans,23,76,316,Oklahoma,0,64,17,2,2003,72,Power - G,Launch Ratings,1,,,,,,,,61,58,72,15,16,13,10,24,29,56,14,10,25,83,87,10,63,25,24,10,79,15,72,76,76,6,24,10,10,29,11,5,5,19,73,77,77,Default Stride Awkward,26,62,10,88,15,88,35,6,6,6,6,12,11,86,23,17
m27-1,20393,Foster,Moreau,Foster Moreau,TE,Houston Texans,Texans,29,76,250,LSU,7,87,6,5,1997,72,Possession - TE,Launch Ratings,1,,,,,,,,84,80,72,70,37,20,61,75,86,78,79,10,31,68,92,59,86,13,17,40,57,12,60,59,61,10,15,10,15,42,66,57,61,66,61,62,62,Long Stride Default,79,83,51,86,63,76,33,10,15,20,10,25,10,84,71,15
m27-1,16229,Genesis,Smith,Genesis Smith,SS,Los Angeles Chargers,Chargers,21,74,205,Arizona,0,22,5,11,2004,72,Hybrid - S,Launch Ratings,1,,,,,,,,93,83,72,62,56,15,54,64,65,85,57,45,72,56,87,68,93,26,22,56,28,72,35,35,35,6,70,35,63,72,48,36,43,46,35,35,35,Default Stride Loose,61,89,57,88,59,62,65,6,6,6,6,26,12,87,55,69
m27-1,16305,Gennings,Dunker,Gennings Dunker,LG,Pittsburgh Steelers,Steelers,23,77,319,Iowa,0,73,8,5,2003,72,Power - G,Launch Ratings,1,,,,,,,,67,65,75,13,24,13,10,25,25,60,17,10,27,80,89,10,79,25,16,10,82,10,75,77,77,6,28,10,10,26,13,5,5,15,72,74,75,Long Stride Awkward,29,66,10,86,18,89,37,6,6,6,6,14,11,86,25,12
m27-1,112,Geno,Smith,Geno Smith,QB,NY Jets,Jets,35,75,221,West Virginia,13,7,10,10,1990,72,Field General - QB,Launch Ratings,1,,,,,,,,82,79,71,71,25,73,61,59,57,73,46,10,12,35,87,64,81,15,20,15,25,18,20,20,24,86,18,10,15,30,30,10,20,30,15,15,20,Long Stride Default,48,84,64,93,54,58,38,79,83,86,87,88,80,87,35,25
m27-1,16373,Gracen,Halton,Gracen Halton,DT,San Francisco 49ers,49ers,22,75,284,Oklahoma,0,93,27,1,2004,72,Speed Rusher - DT,Launch Ratings,1,,,,,,,,80,55,71,29,78,12,17,48,38,54,39,71,80,83,89,29,87,26,15,10,22,31,45,45,45,6,72,74,20,79,35,26,32,36,45,45,45,Default Stride Awkward,39,78,29,75,46,84,81,6,6,6,6,20,10,86,47,22
m27-1,22755,Hunter,Luepke,Hunter Luepke,FB,Dallas Cowboys,Cowboys,26,73,238,North Dakota St.,3,40,28,2,2000,72,Utility - FB,Launch Ratings,1,,,,,,,,91,83,70,72,49,32,53,74,76,72,68,35,55,63,87,68,87,21,20,67,69,21,54,52,57,15,35,44,18,57,55,58,64,66,56,59,60,Default Stride High and Tight,62,86,61,84,68,69,49,23,31,35,28,43,13,87,71,28
m27-1,15012,Isaac,Guerendo,Isaac Guerendo,HB,San Francisco 49ers,49ers,26,72,221,Louisville,2,31,28,6,2000,72,Elusive Back - HB,Launch Ratings,1,,,,,,,,92,84,72,81,39,23,74,88,68,83,49,10,40,33,81,79,91,18,20,79,26,29,38,35,55,10,27,10,35,47,55,60,62,66,26,19,33,Default,49,92,74,82,76,71,40,10,15,20,14,23,12,79,72,36
m27-1,13245,Isaac,Yiadom,Isaac Yiadom,CB,New Orleans Saints,Saints,30,73,188,Boston College,8,27,20,2,1996,72,Zone - CB,Launch Ratings,1,,,,,,,,89,84,74,56,53,15,51,61,66,85,55,40,73,59,86,70,83,12,19,40,19,71,35,35,35,6,74,28,77,73,38,20,26,31,35,35,35,Default,61,88,64,86,37,54,56,6,6,6,6,22,13,76,32,76
m27-1,13105,Isaiah,Oliver,Isaiah Oliver,SS,Arizona Cardinals,Cardinals,29,72,202,Colorado,8,34,30,9,1996,72,Hybrid - S,Launch Ratings,1,,,,,,,,87,83,73,71,39,17,61,73,76,86,66,31,46,43,85,77,93,13,19,77,18,74,35,35,35,6,71,22,77,74,49,42,48,54,35,35,35,Default Stride Loose,71,89,69,91,25,59,61,6,6,6,6,40,16,85,23,71
m27-1,22971,Isaiah,McGuire,Isaiah McGuire,LEDG,Cleveland Browns,Browns,25,76,271,Missouri,3,57,27,7,2001,72,Power Rusher - DE,Launch Ratings,1,,,,,,,,88,75,71,34,77,12,20,35,34,66,21,65,87,82,92,38,86,15,16,10,18,29,45,45,45,6,70,76,40,79,13,6,9,15,45,45,45,Long Stride High and Tight,32,79,33,76,50,79,79,6,6,6,6,20,10,84,35,42
m27-1,1248,Ja'Marcus,Ingram,Ja'Marcus Ingram,CB,Houston Texans,Texans,28,74,190,Buffalo,3,20,2,9,1997,72,Zone - CB,Launch Ratings,1,,,,,,,,93,82,75,67,52,12,62,60,64,83,57,42,70,54,86,69,86,16,21,30,13,68,35,35,35,6,72,35,73,72,37,29,33,38,35,35,38,Default Stride Loose,64,90,63,85,49,68,67,6,10,15,10,27,10,82,40,72
m27-1,15172,Jack,Sawyer,Jack Sawyer,LEDG,Pittsburgh Steelers,Steelers,24,76,260,Ohio State,1,33,6,5,2002,72,Power Rusher - DE,Launch Ratings,1,,,,,,,,86,71,76,38,77,12,33,50,49,63,37,65,83,80,92,33,82,25,32,33,28,37,45,45,45,10,74,74,33,84,12,5,10,15,45,45,45,Long Stride Loose,44,80,30,83,35,77,80,8,10,11,15,17,12,90,33,48
m27-1,22678,Jack,Gibbens,Jack Gibbens,WILL,Arizona Cardinals,Cardinals,27,75,242,Minnesota,4,50,24,11,1998,72,Run Stopper - OLB,Launch Ratings,1,,,,,,,,84,78,72,51,70,15,23,52,58,77,41,47,82,82,92,38,82,14,12,10,35,59,35,35,40,6,73,56,43,82,15,5,9,15,40,40,45,Default Stride High and Tight,45,86,26,87,35,68,86,6,7,9,7,23,5,89,39,69
m27-1,15055,Jack,Bech,Jack Bech,WR,Las Vegas Raiders,Raiders,23,73,214,TCU,1,18,18,12,2002,72,Slot - WR,Launch Ratings,1,,,,,,,,92,89,69,81,42,21,72,74,83,84,80,36,44,53,85,74,83,19,21,78,37,27,16,24,24,23,25,34,21,40,79,72,77,77,27,28,53,Long Stride Default,79,89,65,82,62,67,36,21,16,24,14,29,27,87,55,39
m27-1,4728,Jack,Westover,Jack Westover,FB,New England Patriots,Patriots,27,74,245,Washington,2,37,9,6,1999,72,Utility - FB,Launch Ratings,1,,,,,,,,85,81,59,71,41,16,61,73,73,74,63,10,39,67,89,63,83,16,21,30,79,12,54,52,64,21,25,14,17,45,63,57,63,67,61,55,64,Long Stride Default,68,80,56,84,66,78,43,10,15,20,22,38,15,86,66,14
m27-1,17566,Jacoby,Brissett,Jacoby Brissett,QB,Arizona Cardinals,Cardinals,33,76,235,N.C. State,10,7,11,12,1992,72,Field General - QB,Launch Ratings,1,,,,,,,,74,77,64,80,21,61,70,61,27,71,20,9,11,31,91,62,72,20,21,14,36,12,18,14,17,81,21,9,9,28,19,15,17,18,10,10,16,Default Stride Loose,20,81,60,90,48,73,39,81,85,88,80,90,81,90,63,18
m27-1,22619,Jake,Tonges,Jake Tonges,TE,San Francisco 49ers,49ers,27,76,240,California,4,88,8,7,1999,72,Vertical Threat - TE,Launch Ratings,1,,,,,,,,88,81,77,71,29,40,50,75,83,72,77,17,38,56,92,68,86,22,20,40,61,15,55,57,58,34,26,15,15,38,67,61,65,69,58,54,59,Default,79,86,64,77,55,73,35,29,33,37,35,36,32,75,65,20
m27-1,16293,Jalen,Farmer,Jalen Farmer,RG,Indianapolis Colts,Colts,22,77,312,Kentucky,0,62,27,7,2004,72,Power - G,Launch Ratings,1,,,,,,,,75,65,73,15,32,13,10,21,29,56,11,38,32,82,84,10,68,25,25,10,80,10,72,75,75,6,27,40,10,41,15,5,5,15,75,76,76,Long Stride Awkward,29,75,10,89,15,87,46,6,6,6,6,14,13,85,25,12
m27-1,22406,James,Houston IV,James Houston IV,REDG,Dallas Cowboys,Cowboys,27,73,241,Jackson St.,4,41,16,11,1998,72,Power Rusher - DE,Launch Ratings,1,,,,,,,,90,70,72,42,69,22,29,35,32,66,29,71,84,80,92,45,92,15,17,10,20,27,45,45,45,10,69,78,31,83,15,5,5,15,45,45,45,Default Stride Loose,30,83,40,76,39,72,78,12,17,22,15,21,14,82,34,34
m27-1,14822,Jarquez,Hunter,Jarquez Hunter,HB,Los Angeles Rams,Rams,23,69,211,Auburn,1,27,29,12,2002,72,Power Back - HB,Launch Ratings,1,,,,,,,,91,78,74,77,42,31,82,88,65,77,49,31,41,37,93,76,86,21,21,82,36,40,36,38,48,26,46,29,44,49,47,40,52,57,29,32,39,Default,49,91,70,86,82,73,42,22,29,33,30,54,33,87,85,47
m27-1,21133,Javon,Kinlaw,Javon Kinlaw,DT,Washington Commanders,Commanders,28,77,319,South Carolina,6,99,3,10,1997,72,Speed Rusher - DT,Launch Ratings,1,,,,,,,,76,72,75,24,74,12,16,34,31,61,16,71,80,85,75,29,76,12,19,10,33,17,45,45,45,6,72,76,16,78,17,3,7,15,45,45,45,Long Stride Loose,17,72,24,78,31,86,81,6,6,6,6,24,17,86,32,25
m27-1,12720,Jeremy,McNichols,Jeremy McNichols,HB,Washington Commanders,Commanders,30,69,205,Boise State,10,26,26,12,1995,72,Elusive Back - HB,Launch Ratings,1,,,,,,,,89,81,79,80,25,18,77,94,70,77,55,10,20,42,88,82,83,21,11,78,44,13,24,29,54,18,12,10,20,36,46,50,58,64,25,25,41,Default,52,87,75,83,73,72,25,24,28,33,26,30,11,81,75,12
m27-1,17711,Jonathan,Jones,Jonathan Jones,CB,Philadelphia Eagles,Eagles,32,70,190,Auburn,10,32,20,9,1993,72,Zone - CB,Launch Ratings,1,,,,,,,,90,84,70,60,56,15,55,60,74,85,60,41,67,44,83,68,87,17,18,60,14,70,34,33,33,6,69,35,76,73,27,11,16,26,34,33,34,Short Stride Loose,72,91,65,92,29,63,70,6,6,6,6,27,12,73,28,73
m27-1,14699,Jordan,Morgan,Jordan Morgan,LT,Green Bay Packers,Packers,25,77,311,Arizona,2,77,4,8,2001,72,Power - OT,Launch Ratings,1,,,,,,,,80,62,76,19,31,13,18,40,27,56,15,21,37,85,88,21,70,12,19,10,83,16,76,80,78,9,29,25,10,22,15,9,13,15,77,73,75,Long Stride Awkward,15,71,15,86,27,87,35,11,15,21,8,23,7,83,29,18
m27-1,14674,Jordan,Whittington,Jordan Whittington,WR,Los Angeles Rams,Rams,25,73,205,Texas,2,88,1,10,2000,72,Deep Threat - WR,Launch Ratings,1,,,,,,,,90,90,73,79,28,24,77,73,86,87,76,10,16,53,81,79,86,15,19,70,34,13,22,28,34,6,17,10,15,34,71,71,74,74,26,31,51,Short Stride Default,78,89,69,82,57,64,28,15,15,20,15,22,20,77,54,18
m27-1,22624,Jordan,Meredith,Jordan Meredith,C,Las Vegas Raiders,Raiders,28,75,300,W. Kentucky,5,61,4,1,1998,72,Power - C,Launch Ratings,1,,,,,,,,73,69,79,16,26,12,12,26,24,56,21,10,40,83,91,14,78,9,11,10,84,12,74,78,77,6,10,10,10,28,10,5,5,12,79,75,77,Default Stride Awkward,19,67,12,78,23,83,37,6,6,6,6,22,10,82,25,12
m27-1,15163,Josh,Conerly Jr,Josh Conerly Jr,RT,Washington Commanders,Commanders,22,77,311,Oregon,1,72,5,11,2003,72,Power - OT,Launch Ratings,1,,,,,,,,80,70,73,24,35,11,15,31,30,59,18,26,28,82,89,10,83,17,26,10,84,13,77,74,76,6,22,24,24,28,17,10,11,16,79,76,77,Long Stride Awkward,17,71,10,87,27,82,26,6,6,6,11,21,30,88,26,15
m27-1,21654,Josh,Myers,Josh Myers,C,NY Jets,Jets,28,77,310,Ohio State,5,71,16,7,1998,72,Power - C,Launch Ratings,1,,,,,,,,56,59,80,12,31,12,10,28,31,48,14,24,31,86,87,12,68,12,18,10,83,12,73,78,75,6,21,29,10,35,15,5,6,11,76,73,75,Default Stride Awkward,16,61,11,86,14,89,31,6,6,6,6,26,10,84,27,12
m27-1,16414,Joshua,Josephs,Joshua Josephs,REDG,Washington Commanders,Commanders,22,75,243,Tennessee,0,48,8,12,2003,72,Smaller Speed Rusher - DE,Launch Ratings,1,,,,,,,,86,78,67,35,76,20,34,49,39,68,45,76,80,78,90,45,91,20,27,28,35,35,45,45,45,16,64,74,42,81,19,10,15,18,45,45,45,Long Stride Loose,45,82,45,77,34,82,80,10,18,20,14,23,16,86,34,42
m27-1,23062,JuJu,Brents,JuJu Brents,CB,Miami Dolphins,Dolphins,26,75,198,Kansas State,3,8,18,1,2000,72,Zone - CB,Launch Ratings,1,,,,,,,,95,94,66,65,49,15,61,61,67,89,60,47,66,51,92,73,96,15,21,49,22,68,35,35,35,15,65,41,82,74,15,10,10,20,35,35,35,Long Stride Loose,67,88,65,88,70,52,63,15,18,24,14,22,16,86,48,72
m27-1,16320,Kaelon,Black,Kaelon Black,HB,San Francisco 49ers,49ers,24,69,211,Indiana,0,26,17,10,2001,72,Power Back - HB,Launch Ratings,1,,,,,,,,93,83,72,84,22,23,80,90,64,82,50,25,28,45,90,77,89,23,21,52,40,17,32,34,54,22,23,31,23,25,49,46,53,61,34,38,41,Default,50,91,70,82,75,79,26,15,20,24,26,33,24,86,81,22
m27-1,22257,Kaiir,Elam,Kaiir Elam,CB,Kansas City Chiefs,Chiefs,25,73,191,Florida,4,24,5,5,2001,72,Zone - CB,Launch Ratings,1,,,,,,,,90,84,70,63,45,23,51,56,76,86,57,39,52,48,85,73,89,17,17,55,19,69,35,35,35,6,68,31,75,64,37,28,31,35,35,35,35,Long Stride Loose,65,92,64,88,48,60,66,17,20,24,21,27,14,71,49,73
m27-1,21870,Kingsley,Enagbare,Kingsley Enagbare,REDG,NY Jets,Jets,26,76,258,South Carolina,4,52,18,1,2000,72,Power Rusher - DE,Launch Ratings,1,,,,,,,,84,67,73,27,77,15,21,31,28,63,22,66,83,86,87,35,87,21,19,10,20,28,45,45,45,6,70,74,28,80,20,5,7,14,45,45,45,Default Stride Loose,27,80,33,78,42,83,82,6,6,6,6,20,11,88,38,43
m27-1,14729,Layden,Robinson,Layden Robinson,LG,Atlanta Falcons,Falcons,25,76,315,Texas AM,2,73,3,5,2001,72,Power - G,Launch Ratings,1,,,,,,,,72,60,80,35,16,13,31,40,40,56,35,10,39,84,91,25,67,10,11,10,83,11,69,74,66,9,26,10,10,24,15,11,21,22,77,75,74,Default Stride Awkward,30,72,25,85,30,88,36,5,5,8,8,21,7,85,33,11
m27-1,16304,Logan,Jones,Logan Jones,C,Chicago Bears,Bears,24,75,299,Iowa,0,54,29,10,2001,72,Agile - C,Launch Ratings,1,,,,,,,,68,72,78,14,49,12,10,29,37,66,12,34,32,81,91,18,78,15,15,10,82,15,78,76,78,6,40,39,10,45,15,5,5,10,77,73,78,Default Stride Awkward,14,66,10,89,28,83,42,6,6,6,6,18,6,89,36,14
m27-1,12973,Lucas,Patrick,Lucas Patrick,LG,NY Giants,Giants,33,75,313,Duke,10,62,30,7,1993,72,Agile - G,Launch Ratings,1,,,,,,,,80,59,72,18,20,12,8,26,24,50,20,10,35,80,87,17,72,21,16,14,82,12,77,75,76,6,14,10,10,23,12,5,5,13,78,74,76,Default Stride Awkward,16,69,12,87,29,84,34,6,6,6,6,21,13,86,31,12
m27-1,14666,Luke,McCaffrey,Luke McCaffrey,WR,Washington Commanders,Commanders,25,74,198,Rice,2,11,2,4,2001,72,Slot - WR,Launch Ratings,1,,,,,,,,91,92,62,80,30,50,72,76,83,90,84,10,30,40,89,77,86,16,21,78,29,13,18,20,28,47,16,10,10,37,65,71,75,76,26,20,38,Default,78,90,71,86,46,55,32,43,45,53,46,58,51,83,55,19
m27-1,21341,Malcolm,Roach,Malcolm Roach,DT,Denver Broncos,Broncos,28,75,290,Texas,6,97,9,6,1998,72,Speed Rusher - DT,Launch Ratings,1,,,,,,,,79,64,78,33,77,12,25,40,49,49,33,75,78,82,84,21,74,25,25,11,14,27,45,45,50,6,77,68,10,76,28,19,28,31,45,45,48,Default Stride Awkward,41,74,17,73,35,83,78,6,6,6,6,26,15,80,28,32
m27-1,19983,Marcus,Mariota,Marcus Mariota,QB,Washington Commanders,Commanders,32,76,222,Oregon,11,8,30,10,1993,72,Strong Arm - QB,Launch Ratings,1,,,,,,,,87,85,73,86,25,78,73,64,62,81,26,10,25,43,79,73,84,35,37,10,29,10,15,15,20,81,30,10,10,35,23,19,29,39,20,20,28,Default,31,86,72,74,62,60,28,74,84,86,81,86,79,90,41,24
m27-1,22229,Markquese,Bell,Markquese Bell,SS,Dallas Cowboys,Cowboys,27,75,205,Florida AM,4,14,6,1,1999,72,Run Support - S,Launch Ratings,1,,,,,,,,94,77,70,61,67,31,52,57,66,78,53,54,85,63,91,64,87,11,13,35,23,62,34,34,34,26,68,44,64,77,27,29,31,34,35,35,35,Long Stride Loose,61,91,58,85,44,68,76,28,31,33,34,36,26,81,43,69
m27-1,14628,MarShawn,Lloyd,MarShawn Lloyd,HB,Green Bay Packers,Packers,25,69,215,USC,2,32,5,1,2001,72,Elusive Back - HB,Launch Ratings,1,,,,,,,,92,88,73,77,25,22,79,81,63,87,50,10,24,32,78,79,86,12,18,55,27,10,29,32,53,16,16,10,14,33,50,52,55,60,18,23,29,Default,49,90,79,85,77,73,30,12,16,22,17,26,17,78,71,17
m27-1,13470,Matt,Pryor,Matt Pryor,RG,Arizona Cardinals,Cardinals,31,79,332,TCU,8,76,16,12,1994,72,Power - G,Launch Ratings,1,,,,,,,,52,56,77,12,22,12,18,21,23,48,15,17,30,84,87,17,63,13,17,10,82,10,73,79,76,6,14,21,10,25,12,5,5,10,78,72,75,Default Stride Awkward,15,59,15,81,21,86,27,6,6,6,6,19,13,85,24,12
m27-1,22697,Michael,Mayer,Michael Mayer,TE,Las Vegas Raiders,Raiders,25,76,256,Notre Dame,3,87,6,7,2001,72,Possession - TE,Launch Ratings,1,,,,,,,,86,76,63,73,52,18,63,72,81,71,81,43,55,73,93,70,85,14,15,25,61,23,57,60,59,12,35,39,29,56,63,58,63,69,63,64,64,Long Stride Default,81,82,61,88,73,79,54,6,10,15,10,25,10,93,70,34
m27-1,13881,Mike,Ford Jr,Mike Ford Jr,CB,Atlanta Falcons,Falcons,31,72,195,SE Missouri St.,8,28,4,8,1995,72,Manto Man - CB,Launch Ratings,1,,,,,,,,91,91,71,68,51,15,55,62,69,86,56,45,57,45,85,75,93,15,21,60,15,75,35,35,35,6,70,40,71,74,44,29,36,46,35,35,35,Default Stride Loose,63,89,68,87,35,58,49,6,6,6,6,29,15,76,32,69
m27-1,14865,Mike,Hall Jr,Mike Hall Jr,DT,Cleveland Browns,Browns,23,74,300,Ohio State,2,51,13,6,2003,72,Speed Rusher - DT,Launch Ratings,1,,,,,,,,85,67,73,33,78,12,24,36,33,58,28,73,80,83,88,34,80,12,16,10,18,21,45,45,45,6,72,75,13,77,12,3,5,10,45,45,45,Default Stride Loose,27,81,34,77,46,79,83,6,6,6,6,30,17,87,49,27
m27-1,20724,Nick,Allegretti,Nick Allegretti,C,Washington Commanders,Commanders,30,76,310,Illinois,7,67,21,4,1996,72,Agile - C,Launch Ratings,1,,,,,,,,68,64,85,14,31,12,6,40,42,55,10,17,35,82,92,12,73,17,22,14,80,12,74,78,76,6,27,22,10,35,12,5,5,19,79,73,76,Default Stride Awkward,12,67,11,82,38,83,41,6,6,6,6,23,12,86,25,12
m27-1,10829,Odell,Beckham Jr,Odell Beckham Jr,WR,NY Giants,Giants,33,71,198,LSU,12,3,5,11,1992,72,Deep Threat - WR,Launch Ratings,1,,,,,,,,90,88,64,87,44,39,75,73,85,86,86,10,15,54,81,81,93,53,85,79,22,18,25,25,51,12,22,10,45,39,74,72,71,72,29,35,54,Short Stride Loose,89,89,75,88,74,53,40,47,49,53,36,65,30,86,43,22
m27-1,15074,Pat,Bryant II,Pat Bryant II,WR,Denver Broncos,Broncos,23,74,204,Illinois,1,13,10,12,2002,72,Deep Threat - WR,Launch Ratings,1,,,,,,,,88,84,75,76,36,25,74,74,83,86,82,31,26,55,90,77,90,25,18,73,37,32,15,24,23,30,29,28,22,45,80,70,75,73,27,28,54,Long Stride Default,81,89,70,88,51,69,37,11,19,23,21,30,35,90,51,38
m27-1,21690,Patrick,Jones II,Patrick Jones II,LEDG,Carolina Panthers,Panthers,27,76,264,Pittsburgh,5,91,29,9,1998,72,Power Rusher - DE,Launch Ratings,1,,,,,,,,86,71,78,28,75,12,23,41,38,64,22,67,76,82,88,37,78,12,17,10,16,30,45,45,45,6,76,75,26,80,12,5,5,10,45,45,45,Long Stride Loose,23,76,33,78,31,78,79,6,6,6,6,18,16,82,27,39
m27-1,15177,Princely,Umanmielen,Princely Umanmielen,REDG,Carolina Panthers,Panthers,24,76,244,Ole Miss,1,3,18,4,2002,72,Smaller Speed Rusher - DE,Launch Ratings,1,,,,,,,,89,80,68,31,79,22,24,39,32,69,23,77,78,76,88,39,89,23,22,28,25,46,45,45,45,6,64,70,39,78,15,7,8,15,45,45,45,Long Stride Loose,22,82,33,80,31,79,76,6,10,19,6,25,10,86,25,52
m27-1,21637,Riley,Patterson,Riley Patterson,K,Miami Dolphins,Dolphins,26,72,190,Memphis,5,47,7,9,1999,72,Power - KP,Launch Ratings,1,,,,,,,,77,62,55,26,14,14,16,41,38,55,10,10,22,16,91,21,71,84,92,10,15,15,14,16,10,20,17,10,10,34,10,10,10,10,16,16,15,Short Stride Awkward,15,76,17,83,12,40,32,20,24,31,22,31,16,76,15,15
m27-1,21400,Ross,Matiscik,Ross Matiscik,LS,Jacksonville Jaguars,Jaguars,29,72,240,Baylor,6,46,13,9,1996,72,Power - LS,Launch Ratings,1,,,,,,,,66,68,66,17,62,10,15,60,55,58,45,47,73,70,92,20,71,36,22,10,40,47,40,47,55,11,56,52,30,72,40,38,42,46,35,40,47,Default Stride Loose,49,70,10,79,10,73,62,11,11,11,11,33,12,84,35,50
m27-1,21929,Roy,Lopez,Roy Lopez,DT,Arizona Cardinals,Cardinals,29,74,318,Arizona,5,51,7,8,1997,72,Power Rusher - DT,Launch Ratings,1,,,,,,,,67,69,74,14,76,12,20,23,22,59,13,67,74,82,90,17,76,13,17,15,29,12,45,45,45,6,78,75,11,75,12,5,8,10,45,45,45,Long Stride Awkward,12,66,16,78,27,90,78,6,6,6,6,21,16,86,30,19
m27-1,17897,Roy,Robertson-Harris,Roy Robertson-Harris,DT,NY Giants,Giants,33,77,300,UTEP,10,95,23,7,1993,72,Speed Rusher - DT,Launch Ratings,1,,,,,,,,71,70,87,25,75,12,16,21,40,61,10,65,76,79,84,25,84,30,30,10,10,30,45,45,45,6,85,73,28,78,12,2,3,10,45,45,45,Default Stride Awkward,15,76,25,79,54,82,77,6,6,6,6,34,12,85,46,45
m27-1,15282,Shavon,Revel Jr,Shavon Revel Jr,CB,Dallas Cowboys,Cowboys,25,74,194,East Carolina,1,28,8,4,2001,72,Manto Man - CB,Launch Ratings,1,,,,,,,,94,90,59,77,56,13,49,58,72,88,67,34,70,59,80,78,91,24,25,77,23,73,35,25,35,6,60,33,77,78,26,19,22,25,35,25,35,Long Stride Bread Loaf,71,93,70,82,40,66,63,6,6,6,6,29,10,77,34,69
m27-1,15205,Shemar,Turner,Shemar Turner,REDG,Chicago Bears,Bears,23,75,290,Texas AM,1,95,14,1,2003,72,Power Rusher - DE,Launch Ratings,1,,,,,,,,85,72,75,34,77,17,29,41,29,62,22,63,80,76,84,30,79,19,27,27,25,15,45,45,45,14,70,74,20,73,12,10,13,15,45,45,45,Long Stride Loose,24,80,25,84,31,88,76,8,10,15,15,27,13,93,39,20
m27-1,23003,SirVocea,Dennis,SirVocea Dennis,MIKE,Tampa Bay Buccaneers,Buccaneers,26,72,230,Pittsburgh,3,8,9,3,2000,72,Field General - MLB,Launch Ratings,1,,,,,,,,89,81,76,64,72,53,55,61,63,75,55,74,77,67,90,63,93,12,14,30,36,55,45,45,45,45,76,64,65,82,25,9,11,15,45,45,45,Default Stride High and Tight,61,85,56,85,52,66,84,42,44,46,53,48,33,84,44,65
m27-1,22362,Skyy,Moore,Skyy Moore,WR,Green Bay Packers,Packers,25,70,195,W. Michigan,4,23,10,9,2000,72,Deep Threat - WR,Launch Ratings,1,,,,,,,,95,86,68,85,31,32,77,79,83,89,76,10,27,41,85,83,86,18,20,83,25,25,23,20,31,30,28,10,24,34,76,73,71,73,31,25,44,Short Stride Default,78,88,74,85,57,69,30,34,35,42,42,55,32,80,60,32
m27-1,12526,Solomon,Thomas,Solomon Thomas,DT,Tennessee Titans,Titans,31,75,285,Stanford,9,90,26,8,1995,72,Speed Rusher - DT,Launch Ratings,1,,,,,,,,82,77,65,18,73,12,10,40,32,58,25,74,81,87,91,32,84,11,16,10,14,29,45,45,45,6,66,61,34,78,20,14,18,25,45,45,45,Long Stride Default,25,82,23,79,27,87,82,6,6,6,6,18,17,88,30,43
m27-1,23081,Sydney,Brown,Sydney Brown,SS,Atlanta Falcons,Falcons,26,70,211,Illinois,3,29,21,3,2000,72,Hybrid - S,Launch Ratings,1,,,,,,,,95,83,71,70,58,17,63,65,76,79,65,48,85,51,88,72,94,31,32,62,20,71,25,25,25,16,69,39,71,75,35,24,33,37,35,35,35,Default Stride Loose,69,90,63,90,45,69,64,24,28,34,27,42,17,83,44,66
m27-1,1894,Ted,Hurst III,Ted Hurst III,WR,Tampa Bay Buccaneers,Buccaneers,22,76,206,Georgia State,0,17,2,7,2004,72,Deep Threat - WR,Launch Ratings,1,,,,,,,,92,87,72,78,38,24,73,75,78,86,79,32,39,47,93,76,88,25,25,47,31,41,27,28,33,15,43,25,33,44,74,76,74,71,35,38,51,Long Stride Default,82,92,70,85,64,65,45,16,21,25,15,34,18,90,52,42
m27-1,13123,Tim,Settle Jr,Tim Settle Jr,DT,Washington Commanders,Commanders,29,75,313,Virginia Tech,8,97,11,7,1997,72,Power Rusher - DT,Launch Ratings,1,,,,,,,,65,55,74,23,76,12,16,27,26,50,15,72,79,89,92,25,65,15,15,10,33,18,45,45,45,6,77,78,14,78,15,3,7,15,45,45,45,Long Stride Awkward,15,69,14,80,33,88,83,6,6,6,6,16,15,89,39,27
m27-1,21777,Tommy,Tremble,Tommy Tremble,TE,Carolina Panthers,Panthers,26,76,250,Notre Dame,5,82,2,6,2000,72,Possession - TE,Launch Ratings,1,,,,,,,,89,79,76,68,37,16,55,74,79,72,78,10,26,71,89,67,83,14,18,27,62,15,54,57,58,6,23,10,21,36,63,61,64,69,62,58,62,Default,77,86,63,87,64,75,34,6,10,15,10,26,10,82,66,22
m27-1,13759,Trent,Sherfield Sr,Trent Sherfield Sr,WR,Buffalo Bills,Bills,30,73,205,Vanderbilt,8,81,25,2,1996,72,Slot - WR,Launch Ratings,0,,,,,,,,90,85,75,72,35,31,69,73,85,81,81,10,53,42,90,80,79,11,19,60,22,30,27,25,40,31,18,10,27,58,70,71,73,75,12,22,54,Default Stride Loose,79,88,70,82,47,54,50,29,35,40,36,49,24,68,42,44
m27-1,1825,Trey,Moore,Trey Moore,REDG,Miami Dolphins,Dolphins,23,74,243,Texas,0,17,5,5,2003,72,Smaller Speed Rusher - DE,Launch Ratings,1,,,,,,,,85,81,76,33,76,20,38,48,39,72,44,63,80,77,89,35,88,20,27,29,43,55,45,45,45,27,74,70,40,79,19,10,15,18,45,45,45,Long Stride Loose,44,87,34,83,36,79,79,14,18,30,17,26,16,90,35,61
m27-1,22062,Ty,Chandler,Ty Chandler,HB,New Orleans Saints,Saints,28,71,204,North Carolina,4,32,12,5,1998,72,Elusive Back - HB,Launch Ratings,1,,,,,,,,95,80,76,80,25,19,78,90,67,78,56,10,26,36,91,79,77,17,22,76,41,11,35,30,45,18,11,10,10,35,51,51,57,64,32,25,46,Default,57,92,71,87,69,65,32,15,20,25,16,28,14,88,76,18
m27-1,13336,Tyler,Conklin,Tyler Conklin,TE,Detroit Lions,Lions,31,75,254,Central Michigan,8,83,30,7,1995,72,Vertical Threat - TE,Launch Ratings,1,,,,,,,,83,77,74,73,24,18,70,74,87,75,81,18,27,66,94,67,88,17,19,10,50,15,56,58,59,10,12,20,10,26,67,54,58,66,61,58,63,Default Stride Loose,82,83,62,91,61,66,28,10,15,20,10,30,14,84,74,17
m27-1,20466,Will,Harris,Will Harris,FS,Washington Commanders,Commanders,30,73,207,Boston College,7,3,19,12,1995,72,Zone - S,Launch Ratings,1,,,,,,,,90,83,74,64,52,14,56,68,68,82,52,33,77,56,89,72,87,11,15,45,15,65,35,35,35,15,72,27,65,73,39,28,32,37,35,35,35,Default Stride Loose,65,88,64,85,35,65,69,10,10,15,15,23,14,86,35,72
m27-1,21001,Willie,Gay Jr,Willie Gay Jr,SAM,Miami Dolphins,Dolphins,28,73,243,Mississippi St.,6,40,15,2,1998,72,Run Stopper - OLB,Launch Ratings,1,,,,,,,,90,79,67,58,70,12,54,56,68,74,46,58,86,79,85,64,90,18,28,14,24,58,45,45,45,6,66,50,56,85,31,24,30,35,45,45,45,Default Stride Loose,64,86,57,84,45,73,84,6,6,6,6,25,16,84,43,62
m27-1,16343,Zavion,Thomas,Zavion Thomas,WR,Chicago Bears,Bears,22,70,192,LSU,0,81,14,2,2004,72,Deep Threat - WR,Launch Ratings,1,,,,,,,,93,91,52,85,23,26,78,73,81,89,76,17,24,41,89,84,86,26,29,84,27,21,25,31,32,23,23,16,24,24,73,72,70,67,34,30,50,Default,77,96,77,83,60,63,23,10,15,20,26,30,25,88,49,22
m27-1,21092,Adam,Trautman,Adam Trautman,TE,Denver Broncos,Broncos,29,77,253,Dayton,6,82,5,2,1997,71,Possession - TE,Launch Ratings,1,,,,,,,,82,84,60,73,31,48,63,77,83,72,80,10,31,68,89,66,84,20,27,35,54,13,63,60,63,48,16,10,17,34,66,56,62,67,67,63,66,Default,80,81,66,89,70,74,33,47,55,61,56,65,47,89,69,19
m27-1,15128,Aireontae,Ersery,Aireontae Ersery,LT,Houston Texans,Texans,24,78,331,Minnesota,1,79,19,2,2002,71,Power - OT,Launch Ratings,1,,,,,,,,76,58,74,19,45,11,16,30,19,50,18,26,32,82,89,10,73,28,15,10,82,11,74,78,76,6,20,31,10,21,13,5,5,15,72,75,73,Long Stride Awkward,18,72,10,89,36,85,32,6,6,6,6,18,10,88,31,12
m27-1,22208,Akayleb,Evans,Akayleb Evans,CB,Carolina Panthers,Panthers,27,74,198,Missouri,4,29,2,6,1999,71,Zone - CB,Launch Ratings,1,,,,,,,,92,81,69,54,49,21,45,55,59,86,48,40,66,55,85,65,86,13,14,40,26,66,33,33,33,11,68,35,78,70,27,17,23,28,35,35,35,Long Stride Default,52,90,60,86,33,65,56,10,10,15,19,24,11,83,38,76
m27-1,21460,Ambry,Thomas,Ambry Thomas,CB,Philadelphia Eagles,Eagles,26,72,190,Michigan,5,38,9,9,1999,71,Zone - CB,Launch Ratings,1,,,,,,,,90,81,72,68,46,10,44,54,69,81,49,37,63,50,89,80,90,12,15,74,17,63,35,35,35,6,72,33,76,71,35,10,15,25,35,35,35,Default Stride Loose,65,91,70,86,28,61,66,6,6,6,6,10,13,86,24,73
m27-1,2402,Ameer,Abdullah,Ameer Abdullah,HB,Jacksonville Jaguars,Jaguars,33,69,203,Nebraska,11,43,13,6,1993,71,Elusive Back - HB,Launch Ratings,1,,,,,,,,91,85,76,76,30,26,74,83,72,86,56,5,21,22,91,84,90,21,23,87,24,10,44,48,54,10,23,5,25,17,53,45,55,63,18,19,37,Default Stride High and Tight,52,88,75,84,66,68,42,15,25,30,10,35,17,82,57,19
m27-1,5002,Andre,Szmyt,Andre Szmyt,K,Cleveland Browns,Browns,27,72,200,Syracuse,1,25,26,9,1998,71,Power - KP,Launch Ratings,1,,,,,,,,71,64,55,22,15,25,11,64,29,52,10,10,12,10,88,10,55,76,94,10,10,12,10,10,16,10,12,10,10,19,12,10,10,10,10,10,14,Default Stride Awkward,12,73,15,83,10,41,13,27,28,37,18,29,13,65,13,12
m27-1,22854,Andrew,Vorhees,Andrew Vorhees,LG,Baltimore Ravens,Ravens,27,78,320,USC,3,72,21,1,1999,71,Power - G,Launch Ratings,1,,,,,,,,74,51,72,15,35,6,15,32,30,48,24,25,39,81,81,10,72,10,11,10,77,8,69,74,72,5,23,40,8,21,15,14,16,22,77,72,75,Long Stride Awkward,25,65,10,80,32,97,29,5,5,5,5,15,7,89,25,9
m27-1,10439,Andy,Dalton,Andy Dalton,QB,Philadelphia Eagles,Eagles,38,74,220,TCU,15,14,29,10,1987,71,Field General - QB,Launch Ratings,1,,,,,,,,66,72,74,63,12,55,47,64,55,70,52,10,12,14,93,52,73,19,12,10,10,12,13,13,13,80,10,10,10,23,24,10,20,30,14,14,14,Default,47,73,51,80,28,54,15,77,82,85,81,87,80,92,23,12
m27-1,14722,Beaux,Limmer,Beaux Limmer,LG,Los Angeles Rams,Rams,25,77,318,Arkansas,2,50,10,6,2001,71,Agile - G,Launch Ratings,1,,,,,,,,75,67,75,16,35,9,5,20,24,59,15,10,29,81,90,13,86,21,20,10,83,8,72,70,71,7,17,10,8,22,15,5,5,15,79,75,77,Default Stride Awkward,15,65,10,82,27,85,30,6,6,7,6,21,14,92,25,7
m27-1,24423,Blake,Brandel,Blake Brandel,C,Minnesota Vikings,Vikings,29,79,315,Oregon State,6,64,23,1,1997,71,Power - C,Launch Ratings,1,,,,,,,,62,52,81,10,15,12,5,29,23,47,10,10,35,83,89,10,76,27,37,10,81,12,71,79,75,6,15,15,10,22,12,5,5,10,77,71,74,Default Stride Awkward,12,68,10,79,10,87,29,6,6,6,6,25,5,92,15,15
m27-1,14754,Bralen,Trice,Bralen Trice,REDG,Atlanta Falcons,Falcons,25,76,274,Washington,2,48,26,2,2001,71,Smaller Speed Rusher - DE,Launch Ratings,1,,,,,,,,85,77,70,32,74,12,16,30,28,68,21,75,76,80,87,26,78,19,22,10,19,43,45,45,45,6,69,72,24,79,23,4,8,15,45,45,45,Long Stride Awkward,30,82,20,79,32,76,78,6,6,6,6,27,16,85,35,49
m27-1,21339,Broderick,Washington,Broderick Washington,DT,Baltimore Ravens,Ravens,29,74,314,Texas Tech,6,96,4,12,1996,71,Speed Rusher - DT,Launch Ratings,1,,,,,,,,72,61,76,19,75,12,11,34,23,51,10,63,79,85,88,13,65,13,17,10,54,19,52,55,55,6,79,73,10,77,12,2,3,10,54,56,57,Long Stride Loose,12,70,11,73,26,83,79,6,6,6,6,27,16,88,31,26
m27-1,22849,Broderick,Jones,Broderick Jones,LT,Pittsburgh Steelers,Steelers,25,77,311,Georgia,3,77,16,5,2001,71,Power - OT,Launch Ratings,1,,,,,,,,83,76,74,10,55,12,15,35,34,59,24,43,66,86,91,10,74,16,14,10,84,12,75,73,74,6,57,58,10,61,15,5,9,15,76,72,74,Long Stride Awkward,26,73,10,88,10,86,54,6,6,6,6,24,11,86,15,15
m27-1,14945,Caelen,Carson,Caelen Carson,CB,Dallas Cowboys,Cowboys,24,72,193,Wake Forest,2,21,3,3,2002,71,Zone - CB,Launch Ratings,1,,,,,,,,93,89,69,62,52,22,59,54,68,88,57,27,69,45,92,70,85,17,18,45,15,66,11,12,15,7,70,33,73,76,27,14,16,26,22,16,25,Default Stride Loose,56,88,67,86,44,52,66,6,11,19,15,27,11,84,26,73
m27-1,16285,Caleb,Douglas,Caleb Douglas,WR,Miami Dolphins,Dolphins,22,76,206,Texas Tech,0,7,9,9,2003,71,Deep Threat - WR,Launch Ratings,1,,,,,,,,90,86,61,78,21,38,73,72,79,86,77,16,30,45,85,77,83,32,33,56,32,18,25,33,34,44,27,15,28,26,75,79,76,73,35,32,50,Long Stride Default,81,93,70,88,62,68,30,41,46,52,46,67,41,85,52,26
m27-1,21687,Cam,Sample,Cam Sample,REDG,San Francisco 49ers,49ers,26,75,272,Tulane,5,96,20,9,1999,71,Smaller Speed Rusher - DE,Launch Ratings,1,,,,,,,,80,69,70,25,76,12,15,36,35,64,24,67,80,83,88,35,86,30,30,6,18,38,45,45,45,6,73,75,36,82,13,3,6,14,45,45,45,Default Stride Loose,24,77,27,80,28,78,84,6,6,6,6,27,10,82,25,47
m27-1,23042,Cameron,Mitchell,Cameron Mitchell,CB,Indianapolis Colts,Colts,24,72,195,Northwestern,3,43,8,9,2001,71,Manto Man - CB,Launch Ratings,1,,,,,,,,93,87,68,70,40,10,54,54,62,89,51,40,56,41,88,73,84,19,20,70,11,73,22,34,10,15,66,30,72,62,22,18,21,22,33,34,12,Default Stride Loose,57,90,67,92,42,61,41,10,10,15,15,28,16,82,31,67
m27-1,13165,Cedrick,Wilson Jr,Cedrick Wilson Jr,WR,Detroit Lions,Lions,30,74,197,Boise State,8,86,20,11,1995,71,Slot - WR,Launch Ratings,1,,,,,,,,88,84,70,83,24,28,70,71,84,81,82,10,18,43,88,84,88,11,16,78,19,16,23,27,29,38,19,10,10,34,69,73,73,74,22,28,39,Long Stride Default,84,87,70,84,50,51,28,46,50,55,54,69,42,81,29,22
m27-1,16276,Chandler,Rivers,Chandler Rivers,CB,Baltimore Ravens,Ravens,22,70,185,Duke,0,29,17,10,2003,71,Manto Man - CB,Launch Ratings,1,,,,,,,,94,85,64,68,44,14,52,59,64,88,60,38,54,43,85,69,92,12,14,58,14,72,35,35,35,6,64,35,73,73,42,36,40,45,35,35,35,Default Stride Loose,65,92,62,86,39,57,58,6,6,6,6,24,10,82,32,69
m27-1,16327,Chris,Bell,Chris Bell,WR,Miami Dolphins,Dolphins,22,74,222,Louisville,0,18,7,6,2004,71,Deep Threat - WR,Launch Ratings,1,,,,,,,,92,86,67,81,47,31,80,76,80,84,82,38,52,50,89,77,89,29,33,69,36,36,33,34,35,23,43,44,32,49,76,75,74,71,34,33,56,Long Stride Loose,80,90,71,84,71,74,48,13,15,20,21,26,24,88,62,38
m27-1,12426,Chris,Manhertz,Chris Manhertz,TE,NY Giants,Giants,34,78,235,Canisius,11,85,10,4,1992,71,Blocking - TE,Launch Ratings,1,,,,,,,,83,81,68,61,29,19,59,65,72,73,72,17,27,69,95,66,84,19,21,18,73,14,61,66,66,6,22,17,17,37,62,47,52,57,70,72,72,Long Stride Default,73,78,69,83,66,77,33,6,6,6,6,30,10,79,63,21
m27-1,14707,Christian,Haynes,Christian Haynes,LG,Seattle Seahawks,Seahawks,26,75,317,Connecticut,2,64,13,4,2000,71,Power - G,Launch Ratings,1,,,,,,,,75,68,76,33,20,7,32,33,29,56,31,10,38,83,95,27,80,15,15,10,82,12,72,75,73,11,23,10,10,29,21,10,11,19,72,71,72,Default Stride Awkward,32,71,23,86,44,87,33,13,15,21,9,23,7,93,35,15
m27-1,22203,D'Marco,Jackson,D'Marco Jackson,WILL,Chicago Bears,Bears,28,73,233,Appalach. St.,4,48,20,7,1998,71,Run Stopper - OLB,Launch Ratings,1,,,,,,,,92,77,68,64,66,20,51,53,62,75,46,52,78,85,87,55,80,15,14,10,27,61,45,45,45,6,70,58,41,83,27,17,23,27,45,45,45,Default,44,87,49,84,48,69,83,6,6,6,6,25,13,88,54,67
m27-1,22185,Damone,Clark,Damone Clark,MIKE,Detroit Lions,Lions,26,75,240,LSU,4,11,28,6,2000,71,Field General - MLB,Launch Ratings,1,,,,,,,,89,79,67,52,68,21,44,58,57,74,48,46,81,81,83,61,87,15,16,10,32,65,45,45,45,11,63,49,46,81,31,25,29,32,45,45,45,Default,52,89,52,85,42,67,91,10,13,19,19,24,12,84,40,65
m27-1,21163,Dane,Jackson,Dane Jackson,CB,Jacksonville Jaguars,Jaguars,29,71,180,Pittsburgh,6,38,29,11,1996,71,Manto Man - CB,Launch Ratings,1,,,,,,,,87,85,75,70,52,40,56,65,65,87,49,40,54,51,90,73,84,34,44,50,14,73,35,35,35,27,74,37,72,73,35,24,30,34,35,35,35,Default Stride Loose,65,88,67,90,39,54,52,35,32,36,34,50,33,85,35,76
m27-1,22960,Dante,Stills,Dante Stills,DT,Arizona Cardinals,Cardinals,26,76,300,West Virginia,3,55,14,12,1999,71,Power Rusher - DT,Launch Ratings,1,,,,,,,,83,71,74,25,78,21,22,40,44,60,39,68,78,71,91,35,71,8,10,10,24,23,35,35,35,9,71,74,20,77,15,12,14,15,40,40,40,Default Stride Awkward,39,76,30,81,30,80,78,10,15,19,15,25,12,84,35,28
m27-1,21006,Darnay,Holmes,Darnay Holmes,CB,Atlanta Falcons,Falcons,28,70,195,UCLA,6,30,23,6,1998,71,Manto Man - CB,Launch Ratings,1,,,,,,,,88,89,73,66,47,10,48,62,75,87,62,45,57,44,88,74,87,14,16,78,18,73,35,35,35,6,72,36,71,73,40,47,51,55,35,35,35,Short Stride Loose,72,89,68,89,42,56,53,6,6,6,6,29,10,87,33,72
m27-1,21486,Darrick,Forrest,Darrick Forrest,FS,San Francisco 49ers,49ers,27,71,200,Cincinnati,5,29,22,5,1999,71,Run Support - S,Launch Ratings,1,,,,,,,,92,85,66,65,56,11,49,55,73,78,57,44,86,62,85,69,92,17,18,66,27,66,35,35,35,6,65,37,67,79,47,32,34,36,35,35,35,Default Stride Loose,68,90,65,90,45,67,73,10,12,14,6,24,10,78,37,70
m27-1,12859,David,Moore,David Moore,WR,Carolina Panthers,Panthers,31,72,219,East Central Univ.,9,83,15,1,1995,71,Deep Threat - WR,Launch Ratings,1,,,,,,,,85,81,78,78,33,22,76,72,85,75,82,10,28,55,85,77,86,25,33,70,33,18,29,30,56,15,25,10,33,40,73,74,75,74,17,24,54,Default Stride High and Tight,85,87,63,80,71,74,37,15,25,29,22,35,19,85,56,25
m27-1,17731,Dean,Lowry,Dean Lowry,DT,Pittsburgh Steelers,Steelers,32,78,296,Northwestern,10,98,9,6,1994,71,Power Rusher - DT,Launch Ratings,1,,,,,,,,75,69,71,36,72,12,16,47,48,55,37,61,79,81,94,32,79,19,21,9,18,23,44,45,45,6,69,73,22,77,17,3,6,13,45,44,45,Long Stride Default,33,75,27,82,36,86,86,6,6,6,6,22,15,89,33,29
m27-1,15297,Denzel,Burke,Denzel Burke,CB,Arizona Cardinals,Cardinals,23,71,190,Ohio State,1,29,10,10,2002,71,Zone - CB,Launch Ratings,1,,,,,,,,92,84,73,69,52,18,49,56,71,82,59,35,68,53,85,71,85,25,33,77,24,71,35,25,35,18,72,32,67,75,33,28,27,28,35,25,35,Default,66,90,64,90,41,61,51,13,17,21,10,22,13,83,29,75
m27-1,16291,Devin,Moore,Devin Moore,CB,Dallas Cowboys,Cowboys,22,75,198,Florida,0,29,9,10,2003,71,Zone - CB,Launch Ratings,1,,,,,,,,93,86,72,67,51,16,58,61,62,83,60,38,59,57,81,68,84,14,16,58,15,71,35,35,35,6,71,32,71,72,33,35,28,28,35,35,35,Long Stride Loose,62,90,68,85,56,58,58,6,6,6,6,21,10,83,36,73
m27-1,14653,Devontez,Walker,Devontez Walker,WR,Baltimore Ravens,Ravens,25,74,193,North Carolina,2,81,19,6,2001,71,Deep Threat - WR,Launch Ratings,1,,,,,,,,93,87,60,77,31,22,75,70,80,84,81,10,28,49,89,78,94,16,20,42,31,12,20,20,38,6,17,10,10,29,73,75,74,73,32,25,49,Long Stride Default,85,94,75,81,56,63,33,6,10,15,10,23,19,81,52,20
m27-1,22983,DJ,Johnson,DJ Johnson,REDG,Washington Commanders,Commanders,27,76,260,Oregon,3,53,21,10,1998,71,Power Rusher - DE,Launch Ratings,1,,,,,,,,93,73,66,62,74,24,48,71,68,66,69,57,87,83,86,61,78,20,20,35,57,45,54,50,52,15,67,71,48,84,57,42,48,51,56,49,54,Default Stride Loose,67,89,55,83,55,82,77,21,22,25,23,35,14,88,59,52
m27-1,15119,Elijah,Arroyo,Elijah Arroyo,TE,Seattle Seahawks,Seahawks,23,77,254,Miami,1,18,5,4,2003,71,Vertical Threat - TE,Launch Ratings,0,,,,,,,,89,80,69,79,32,39,66,72,81,70,75,29,33,63,83,69,83,18,35,36,52,46,58,59,59,47,37,29,23,30,66,63,64,68,59,56,58,Long Stride Default,76,87,61,81,61,77,30,38,49,59,45,50,42,85,64,40
m27-1,22965,Elijah,Chatman,Elijah Chatman,DT,Cleveland Browns,Browns,25,72,278,SMU,2,62,5,12,2000,71,Power Rusher - DT,Launch Ratings,1,,,,,,,,79,56,65,33,76,19,26,52,44,61,34,65,80,86,87,29,70,17,20,21,16,28,18,25,24,14,64,73,24,77,17,7,7,7,45,45,45,Long Stride Awkward,37,82,24,76,17,88,83,11,13,16,8,19,15,82,30,36
m27-1,1074,Elijah,Jones,Elijah Jones,CB,Arizona Cardinals,Cardinals,26,73,185,Boston College,2,28,8,1,2000,71,Manto Man - CB,Launch Ratings,1,,,,,,,,93,82,61,70,43,21,65,57,77,86,65,35,63,55,87,71,96,10,11,35,14,73,19,15,26,14,60,29,74,74,15,10,16,23,26,25,34,Default Stride Loose,72,91,66,85,47,48,65,15,19,21,23,23,12,84,33,68
m27-1,13028,Elijah,Wilkinson,Elijah Wilkinson,RT,Arizona Cardinals,Cardinals,31,76,329,Massachusetts,9,65,10,2,1995,71,Power - OT,Launch Ratings,1,,,,,,,,55,60,79,24,33,12,10,20,26,44,15,20,35,80,86,30,71,22,25,10,75,10,75,71,73,6,24,30,10,38,12,5,5,10,79,75,77,Long Stride Awkward,20,69,25,86,36,85,37,6,6,6,6,32,12,83,33,12
m27-1,16322,Elijah,Sarratt,Elijah Sarratt,WR,Baltimore Ravens,Ravens,23,74,207,Indiana,0,13,28,5,2003,71,Deep Threat - WR,Launch Ratings,1,,,,,,,,91,83,68,80,25,29,76,75,81,79,80,18,27,48,92,78,81,28,32,62,30,20,32,32,34,27,25,14,27,26,75,75,76,74,32,31,52,Long Stride Default,82,89,70,91,69,62,23,20,26,30,28,33,30,92,56,23
m27-1,15116,Gunnar,Helm,Gunnar Helm,TE,Tennessee Titans,Titans,23,77,241,Texas,1,84,6,9,2002,71,Possession - TE,Launch Ratings,1,,,,,,,,80,79,79,71,44,32,65,71,81,73,79,34,34,62,91,65,80,20,25,26,56,24,58,60,59,18,21,40,10,45,67,60,62,67,58,61,60,Long Stride Loose,76,78,59,88,65,74,41,15,7,13,29,21,30,90,65,24
m27-1,22241,Isaiah,Pola-Mao,Isaiah Pola-Mao,FS,Las Vegas Raiders,Raiders,27,76,204,USC,4,20,30,6,1999,71,Hybrid - S,Launch Ratings,1,,,,,,,,91,88,68,63,44,13,45,62,70,80,57,35,64,47,87,69,76,23,25,35,24,71,35,35,35,11,70,28,75,73,25,10,17,21,35,35,35,Long Stride Loose,64,91,63,91,52,57,67,12,13,19,11,27,11,66,35,72
m27-1,20937,Isaiah,Hodgins,Isaiah Hodgins,WR,NY Giants,Giants,27,75,201,Oregon State,6,89,21,10,1998,71,Slot - WR,Launch Ratings,0,,,,,,,,88,83,74,77,36,21,70,75,86,85,84,10,30,45,87,73,86,15,19,48,30,24,17,20,33,6,29,10,27,42,71,71,74,73,21,31,50,Long Stride Default,83,86,64,87,65,60,38,15,15,20,15,26,17,80,45,34
m27-1,14610,J.J.,McCarthy,J.J. McCarthy,QB,Minnesota Vikings,Vikings,23,75,219,Michigan,2,9,20,1,2003,71,Strong Arm - QB,Launch Ratings,1,,,,,,,,88,88,59,81,24,78,67,63,36,83,10,10,23,27,79,69,81,29,31,14,16,12,14,18,15,77,15,10,10,33,15,12,14,15,16,22,23,Long Stride Loose,12,85,66,91,51,68,29,80,82,85,80,91,78,80,56,14
m27-1,10170,Ja'Kobi,Lane,Ja'Kobi Lane,WR,Baltimore Ravens,Ravens,22,76,200,USC,0,6,5,8,2004,71,Deep Threat - WR,Launch Ratings,1,,,,,,,,91,86,77,76,24,20,71,74,78,82,81,20,25,41,91,73,93,24,27,55,30,18,28,28,30,20,24,18,22,23,70,73,72,70,26,28,46,Long Stride Default,83,90,66,86,61,62,27,19,23,27,23,35,22,88,51,20
m27-1,22283,Ja'Sir,Taylor,Ja'Sir Taylor,CB,Cincinnati Bengals,Bengals,27,70,185,Wake Forest,4,26,8,1,1999,71,Manto Man - CB,Launch Ratings,1,,,,,,,,92,88,73,70,43,17,59,60,65,85,55,39,50,40,90,74,88,18,19,70,14,71,35,35,35,6,72,34,64,66,24,16,23,33,35,35,35,Default,58,92,67,88,34,53,50,6,6,6,6,28,10,74,37,66
m27-1,22195,Jack,Sanborn,Jack Sanborn,MIKE,Chicago Bears,Bears,26,74,234,Wisconsin,4,57,29,7,2000,71,Field General - MLB,Launch Ratings,1,,,,,,,,87,78,78,53,72,15,47,63,65,70,50,45,83,85,89,54,83,21,22,12,35,53,35,35,35,6,77,62,37,85,25,24,30,32,40,40,40,Default,53,80,46,85,49,72,78,6,6,6,6,25,12,90,48,62
m27-1,14663,Jacob,Cowing,Jacob Cowing,WR,San Francisco 49ers,49ers,25,68,168,Arizona,2,19,4,2,2001,71,Deep Threat - WR,Launch Ratings,1,,,,,,,,93,83,52,81,24,19,73,71,79,85,77,10,21,34,89,81,86,19,19,67,21,17,12,12,25,6,17,10,15,27,74,76,76,77,22,17,36,Default,77,93,75,84,44,52,26,15,20,25,18,25,15,85,49,25
m27-1,23117,Jake,Andrews,Jake Andrews,C,Houston Texans,Texans,26,75,305,Troy,3,60,11,11,1999,71,Power - C,Launch Ratings,1,,,,,,,,72,56,75,32,47,11,30,35,41,54,32,41,50,74,93,21,66,13,21,10,79,14,73,78,76,10,46,48,10,53,13,5,5,10,73,77,76,Default Stride Awkward,33,67,15,96,25,87,42,15,14,21,11,26,15,87,35,18
m27-1,23347,Jaleel,McLaughlin,Jaleel McLaughlin,HB,Denver Broncos,Broncos,25,67,187,Youngstown St.,3,38,13,9,2000,71,Elusive Back - HB,Launch Ratings,1,,,,,,,,92,78,66,80,32,28,77,92,70,83,48,13,27,35,88,84,78,13,18,76,26,15,30,27,52,16,18,19,15,34,54,51,55,62,21,26,31,Short Stride Default,52,92,75,83,68,66,29,17,21,27,28,31,23,84,60,21
m27-1,15056,Jalen,Royals,Jalen Royals,WR,Kansas City Chiefs,Chiefs,23,72,195,Utah State,1,11,18,2,2003,71,Slot - WR,Launch Ratings,1,,,,,,,,93,85,73,84,43,27,74,75,81,83,81,36,45,40,87,75,86,29,19,79,26,29,19,28,27,28,23,34,19,42,71,71,72,75,25,25,46,Default,80,92,69,83,52,64,23,20,25,29,31,43,30,86,48,31
m27-1,15211,Jamaree,Caldwell,Jamaree Caldwell,DT,Los Angeles Chargers,Chargers,26,73,340,Oregon,1,99,30,8,2000,71,Power Rusher - DT,Launch Ratings,1,,,,,,,,72,67,74,24,76,17,25,36,19,61,18,58,80,89,89,19,68,26,24,29,26,12,45,45,45,15,73,74,16,78,16,10,13,16,45,45,45,Long Stride Awkward,18,67,18,75,33,87,78,6,8,14,16,25,18,90,34,14
m27-1,19982,Jameis,Winston,Jameis Winston,QB,NY Giants,Giants,32,76,231,Florida State,11,19,6,1,1994,71,Strong Arm - QB,Launch Ratings,1,,,,,,,,71,75,66,76,45,86,71,59,54,72,15,10,28,20,87,66,75,26,30,10,33,12,15,15,15,80,19,10,10,50,15,12,16,31,27,30,37,Default,20,76,72,87,76,72,45,80,82,85,82,90,77,95,64,13
m27-1,14641,Jawhar,Jordan,Jawhar Jordan,HB,Houston Texans,Texans,27,70,185,Louisville,2,25,18,8,1999,71,Elusive Back - HB,Launch Ratings,1,,,,,,,,90,85,72,81,27,24,76,90,65,81,48,10,23,30,83,79,87,10,16,82,26,10,23,25,50,17,13,10,14,34,45,39,49,56,24,18,28,Default,48,88,73,83,66,63,31,10,15,20,21,24,19,81,68,16
m27-1,23047,Jay,Ward,Jay Ward,FS,Minnesota Vikings,Vikings,26,73,188,LSU,3,24,13,7,2000,71,Run Support - S,Launch Ratings,1,,,,,,,,93,79,72,72,60,10,63,64,70,83,63,32,77,49,90,73,86,16,19,63,22,69,35,35,35,15,75,27,73,77,34,27,30,33,35,35,35,Default Stride Loose,69,87,64,87,55,58,66,10,10,15,15,23,11,75,40,71
m27-1,21656,Jaylon,Moore,Jaylon Moore,RT,Kansas City Chiefs,Chiefs,28,76,311,W. Michigan,5,77,9,1,1998,71,Pass Protector - OT,Launch Ratings,1,,,,,,,,66,58,75,33,34,12,22,46,38,51,38,37,41,81,91,20,75,11,16,10,77,12,82,76,79,6,36,39,10,40,24,9,16,27,74,73,73,Default Stride Awkward,36,62,15,82,20,84,44,6,6,6,6,13,10,73,35,13
m27-1,1869,Jeremiah,Wright,Jeremiah Wright,RG,New Orleans Saints,Saints,24,77,331,Auburn,0,65,5,9,2001,71,Agile - G,Launch Ratings,1,,,,,,,,64,64,73,14,28,15,10,23,26,58,16,31,29,83,89,10,68,26,21,10,82,15,75,71,76,6,25,30,10,34,13,5,5,19,75,73,74,Default Stride Awkward,28,61,10,80,10,87,38,6,6,6,6,18,12,84,26,18
m27-1,20554,Jerry,Tillery,Jerry Tillery,DT,Indianapolis Colts,Colts,29,78,295,Notre Dame,7,94,8,10,1996,71,Power Rusher - DT,Launch Ratings,1,,,,,,,,77,71,72,24,74,12,19,35,30,65,21,63,83,88,90,25,78,24,27,10,45,22,53,50,52,6,69,72,10,76,12,2,3,10,47,51,51,Long Stride Loose,18,74,15,82,32,85,82,6,6,6,6,19,10,81,20,28
m27-1,13710,Jonathan,Owens,Jonathan Owens,FS,Indianapolis Colts,Colts,31,71,204,Missouri W State,7,38,22,7,1995,71,Zone - S,Launch Ratings,1,,,,,,,,91,82,72,62,48,17,47,67,72,84,56,30,75,59,86,70,93,22,17,30,14,62,35,35,12,6,70,26,65,79,34,29,33,37,35,35,16,Default Stride Loose,63,90,62,91,42,66,70,6,6,6,6,18,10,84,41,68
m27-1,22770,Jonathan,Mingo,Jonathan Mingo,WR,Dallas Cowboys,Cowboys,25,74,220,Ole Miss,3,81,20,4,2001,71,Deep Threat - WR,Launch Ratings,1,,,,,,,,92,82,72,82,39,22,74,71,80,81,80,10,38,49,88,72,89,18,25,57,27,26,17,23,32,6,27,10,28,45,74,76,75,76,31,24,50,Default Stride Loose,82,90,67,87,60,71,43,6,10,15,10,30,20,85,58,36
m27-1,15244,Jordan,Phillips,Jordan Phillips,DT,Miami Dolphins,Dolphins,22,74,305,Maryland,1,94,30,6,2004,71,Power Rusher - DT,Launch Ratings,1,,,,,,,,81,59,66,21,75,14,22,38,23,56,18,66,75,87,88,22,76,18,21,26,24,9,45,45,45,16,65,71,12,75,16,11,14,17,45,45,45,Long Stride Awkward,18,72,16,75,30,89,84,14,17,27,8,15,12,88,29,11
m27-1,14940,Josh,Newton,Josh Newton,CB,Cincinnati Bengals,Bengals,25,71,190,TCU,2,28,14,9,2000,71,Manto Man - CB,Launch Ratings,1,,,,,,,,90,85,68,74,43,23,65,63,76,89,67,38,61,54,95,75,82,18,15,64,24,74,25,25,30,14,64,32,75,70,57,51,56,55,35,35,35,Default Stride Loose,72,89,72,86,44,61,55,19,24,29,28,31,12,79,33,69
m27-1,21114,Josh,Jones,Josh Jones,LT,Seattle Seahawks,Seahawks,29,79,339,Houston,6,74,22,6,1997,71,Power - OT,Launch Ratings,1,,,,,,,,66,59,72,10,20,12,6,40,36,51,15,10,20,85,90,10,71,25,25,10,83,12,80,78,79,6,15,10,10,28,15,5,5,15,75,76,75,Long Stride Awkward,15,66,10,86,30,85,35,6,6,6,6,30,13,85,20,15
m27-1,15240,Joshua,Farmer,Joshua Farmer,DT,New England Patriots,Patriots,23,75,312,Florida State,1,92,17,1,2003,71,Power Rusher - DT,Launch Ratings,1,,,,,,,,74,67,68,48,76,15,40,55,40,59,36,58,79,84,89,36,72,22,27,25,24,20,45,45,45,31,68,73,16,75,38,28,33,39,45,45,45,Default Stride Awkward,39,69,30,78,43,88,81,25,15,27,11,20,12,86,40,16
m27-1,1884,Julian,Neal,Julian Neal,CB,Seattle Seahawks,Seahawks,23,74,203,Arkansas,0,1,12,2,2003,71,Manto Man - CB,Launch Ratings,1,,,,,,,,90,84,73,68,50,18,57,61,67,85,59,38,63,46,88,67,93,14,16,57,14,70,35,35,35,6,73,34,76,76,41,35,39,42,35,35,35,Default Stride Loose,64,89,64,86,57,64,64,6,6,6,6,29,10,84,35,71
m27-1,14905,Junior,Colson,Junior Colson,MIKE,Los Angeles Chargers,Chargers,23,75,247,Michigan,2,25,6,12,2002,71,Field General - MLB,Launch Ratings,1,,,,,,,,90,77,65,55,76,22,41,57,55,75,52,45,83,83,87,63,81,15,20,35,48,65,39,37,40,15,60,54,69,83,15,5,9,15,45,45,45,Default Stride High and Tight,55,86,57,84,48,75,83,11,21,24,14,25,15,94,51,69
m27-1,15320,Justin,Walley,Justin Walley,CB,Indianapolis Colts,Colts,23,70,190,Minnesota,1,27,22,9,2002,71,Manto Man - CB,Launch Ratings,1,,,,,,,,91,83,66,78,44,15,57,65,74,82,64,39,56,42,89,70,78,25,30,48,24,72,35,25,35,6,67,22,75,69,22,18,19,23,35,25,35,Default,70,92,66,91,31,55,56,6,6,6,6,21,8,94,41,76
m27-1,21167,K'Von,Wallace,K'Von Wallace,FS,Baltimore Ravens,Ravens,29,71,205,Clemson,6,26,25,7,1997,71,Hybrid - S,Launch Ratings,1,,,,,,,,90,88,72,61,60,19,49,55,62,85,55,48,79,60,88,71,90,15,15,41,15,67,35,35,25,6,71,40,71,73,35,25,33,38,35,35,35,Default Stride Loose,61,86,66,87,42,64,69,14,21,27,22,34,10,84,39,71
m27-1,21325,K.J.,Osborn,K.J. Osborn,WR,Tennessee Titans,Titans,29,71,203,Miami,6,85,10,6,1997,71,Deep Threat - WR,Launch Ratings,1,,,,,,,,89,82,76,81,39,25,73,75,86,77,78,10,35,45,90,79,87,12,18,78,30,12,16,20,37,6,14,10,16,41,74,73,76,76,25,32,44,Default,83,88,74,88,53,64,39,6,10,15,16,29,16,80,50,17
m27-1,21676,K.J.,Britt,K.J. Britt,WILL,New England Patriots,Patriots,27,72,235,Auburn,5,35,4,6,1999,71,Run Stopper - OLB,Launch Ratings,1,,,,,,,,81,71,75,33,67,12,21,55,49,68,28,49,87,82,88,35,79,20,20,10,29,61,45,45,45,6,75,52,47,84,15,5,5,15,45,45,45,Default Stride Awkward,25,80,34,82,42,74,82,6,6,6,6,30,15,88,42,67
m27-1,16249,Kage,Casey,Kage Casey,LG,Denver Broncos,Broncos,22,78,310,Boise State,0,78,10,10,2003,71,Agile - G,Launch Ratings,1,,,,,,,,65,52,73,13,32,12,15,26,24,52,15,30,43,81,88,10,76,12,10,10,83,15,75,75,75,6,20,32,10,33,16,5,5,17,77,72,76,Long Stride Awkward,11,66,10,89,14,86,37,6,6,6,6,14,12,87,28,13
m27-1,4705,Kaleb,Proctor,Kaleb Proctor,DT,Arizona Cardinals,Cardinals,22,74,291,SE Louisiana,0,94,26,4,2004,71,Speed Rusher - DT,Launch Ratings,1,,,,,,,,82,62,71,30,77,12,17,46,23,57,12,70,77,85,88,21,80,17,17,10,25,14,45,45,45,6,70,73,12,78,15,3,10,11,45,45,45,Long Stride Awkward,16,79,15,73,27,83,81,6,6,6,6,23,10,85,36,17
m27-1,16262,Kaleb,Elarms-Orr,Kaleb Elarms-Orr,WILL,Buffalo Bills,Bills,23,74,234,TCU,0,52,29,8,2003,71,Run Stopper - OLB,Launch Ratings,1,,,,,,,,91,80,69,41,69,14,35,60,65,73,64,58,79,79,85,54,89,15,17,17,29,59,49,48,41,6,68,52,46,82,38,34,36,38,36,42,41,Default Stride Loose,64,90,52,86,45,71,81,6,6,6,6,13,10,86,44,64
m27-1,1813,Kamari,Ramsey,Kamari Ramsey,FS,Houston Texans,Texans,22,72,202,USC,0,27,24,8,2004,71,Hybrid - S,Launch Ratings,1,,,,,,,,91,85,73,62,51,18,55,58,62,84,61,45,75,57,86,68,86,22,27,42,23,66,35,35,35,6,71,38,64,74,47,33,40,43,35,35,35,Default Stride Loose,60,90,57,92,42,62,67,6,6,6,6,27,12,93,55,69
m27-1,16213,Kaytron,Allen,Kaytron Allen,HB,Washington Commanders,Commanders,23,71,216,Penn State,0,31,8,1,2003,71,Power Back - HB,Launch Ratings,1,,,,,,,,91,81,68,82,25,38,80,91,66,80,47,18,31,48,93,76,84,32,34,62,43,20,31,35,56,24,23,23,23,21,50,41,48,57,30,34,47,Default,49,89,69,89,77,79,30,22,26,31,29,38,25,93,83,22
m27-1,1855,Keagen,Trost,Keagen Trost,RT,Los Angeles Rams,Rams,25,77,311,Missouri,0,79,15,4,2001,71,Power - OT,Launch Ratings,1,,,,,,,,72,62,71,18,23,12,18,24,23,52,16,10,43,85,86,10,76,12,10,10,81,14,74,76,78,6,21,10,10,21,17,5,5,17,79,76,78,Long Stride Awkward,14,66,10,85,15,86,28,6,6,6,6,14,12,89,28,17
m27-1,21166,Kindle,Vildor,Kindle Vildor,CB,New England Patriots,Patriots,28,70,189,Ga. Southern,6,28,11,12,1997,71,Zone - CB,Launch Ratings,1,,,,,,,,87,88,78,68,50,21,49,58,68,87,49,38,53,48,92,77,93,37,40,60,15,66,35,35,35,29,76,34,73,73,30,20,26,32,35,35,35,Short Stride Loose,67,88,71,89,30,56,59,17,22,33,30,37,27,80,16,73
m27-1,15085,Konata,Mumpfield,Konata Mumpfield,WR,Los Angeles Rams,Rams,23,71,186,Pittsburgh,1,4,24,10,2002,71,Deep Threat - WR,Launch Ratings,1,,,,,,,,88,90,72,77,33,30,68,70,83,88,78,26,31,33,90,74,85,28,22,74,27,50,16,22,22,16,37,23,25,39,74,74,75,75,16,18,41,Default Stride Loose,79,86,71,89,41,63,39,15,19,19,9,22,20,88,40,41
m27-1,15052,LeQuint,Allen Jr,LeQuint Allen Jr,HB,Jacksonville Jaguars,Jaguars,22,72,204,Syracuse,1,5,5,8,2004,71,Elusive Back - HB,Launch Ratings,1,,,,,,,,92,86,66,78,58,27,80,90,69,86,61,45,52,34,90,78,85,22,18,75,37,48,36,38,55,28,30,33,43,65,61,57,62,67,23,27,40,Long Stride Default,59,89,76,91,77,72,55,20,27,32,30,51,30,88,79,53
m27-1,16420,LT,Overton,LT Overton,DT,Dallas Cowboys,Cowboys,21,75,274,Alabama,0,99,11,10,2004,71,Power Rusher - DT,Launch Ratings,1,,,,,,,,80,64,70,43,75,12,13,49,53,56,24,72,78,85,85,49,66,22,14,10,29,26,45,45,45,6,69,72,24,79,29,2,15,17,45,45,45,Long Stride Awkward,27,77,47,76,48,87,79,6,6,6,6,21,10,85,44,21
m27-1,22425,Luke,Fortner,Luke Fortner,C,Carolina Panthers,Panthers,28,78,300,Kentucky,4,77,15,5,1998,71,Agile - C,Launch Ratings,1,,,,,,,,72,59,75,15,25,11,9,25,24,48,10,17,26,79,91,10,72,14,17,10,86,10,80,76,78,6,20,19,10,27,14,5,5,12,75,69,72,Default Stride Awkward,15,65,9,89,17,87,30,6,6,6,6,17,14,87,21,10
m27-1,15318,Mac,McWilliams,Mac McWilliams,CB,Philadelphia Eagles,Eagles,24,70,191,UCF,1,22,29,11,2001,71,Manto Man - CB,Launch Ratings,1,,,,,,,,93,86,67,71,46,30,49,56,67,86,51,26,55,51,81,74,82,28,24,75,26,72,35,25,35,21,69,29,69,73,30,30,31,29,35,25,35,Short Stride Default,64,92,65,88,41,59,51,23,27,19,7,25,21,80,30,73
m27-1,15345,Malachi,Moore,Malachi Moore,FS,NY Jets,Jets,24,71,197,Alabama,1,27,13,9,2001,71,Zone - S,Launch Ratings,1,,,,,,,,89,80,72,65,51,14,53,61,70,83,58,33,78,58,88,64,82,16,20,42,25,67,35,35,35,6,69,35,66,74,33,26,30,35,35,35,35,Default Stride Loose,61,87,57,89,43,61,68,6,6,6,6,25,12,86,46,74
m27-1,15311,Marcus,Harris,Marcus Harris,CB,Tennessee Titans,Titans,25,71,188,California,1,26,6,3,2001,71,Manto Man - CB,Launch Ratings,1,,,,,,,,92,79,63,73,48,26,44,60,74,86,61,26,57,50,90,67,87,23,23,81,21,73,35,25,35,21,62,27,68,73,31,29,30,31,35,25,33,Default,67,93,60,92,33,59,71,7,12,16,19,13,27,90,25,69
m27-1,16178,Max,Bredeson,Max Bredeson,FB,Minnesota Vikings,Vikings,23,74,252,Michigan,0,45,4,10,2002,71,Blocking - FB,Launch Ratings,1,,,,,,,,82,76,58,65,32,36,60,72,71,73,58,15,34,71,82,61,81,30,32,45,83,15,48,47,65,36,32,18,18,35,58,50,56,62,56,58,65,Default Stride High and Tight,64,78,55,78,67,79,35,30,37,42,42,52,38,83,74,22
m27-1,16307,Max,Llewellyn,Max Llewellyn,LEDG,Miami Dolphins,Dolphins,24,78,258,Iowa,0,57,16,8,2002,71,Power Rusher - DE,Launch Ratings,1,,,,,,,,86,76,71,39,71,20,39,50,37,67,35,65,77,75,89,40,79,20,27,28,43,23,45,45,45,16,71,73,29,77,17,10,15,17,45,45,45,Long Stride Loose,35,79,46,77,32,85,76,10,18,14,17,34,15,85,38,29
m27-1,21568,Michael,Carter,Michael Carter,HB,Tennessee Titans,Titans,27,68,201,North Carolina,5,35,7,5,1999,71,Elusive Back - HB,Launch Ratings,1,,,,,,,,84,88,67,80,24,31,79,89,69,89,53,10,22,34,88,85,82,16,20,80,31,10,38,34,52,21,17,10,16,32,45,49,58,65,24,18,33,Default,54,86,78,87,79,66,27,27,31,36,32,39,21,84,80,16
m27-1,22162,Micheal,Clemons,Micheal Clemons,LEDG,Indianapolis Colts,Colts,29,77,263,Texas AM,4,72,21,8,1997,71,Power Rusher - DE,Launch Ratings,1,,,,,,,,83,73,74,29,77,19,23,28,30,64,20,60,81,84,86,27,84,12,15,10,18,20,45,45,45,6,72,74,26,82,12,4,8,10,45,45,45,Long Stride Awkward,26,77,29,73,31,80,79,10,15,20,10,23,12,87,27,28
m27-1,22787,Mitchell,Tinsley,Mitchell Tinsley,WR,Cincinnati Bengals,Bengals,26,73,205,Penn State,3,82,15,9,1999,71,Slot - WR,Launch Ratings,1,,,,,,,,89,91,75,80,33,28,68,73,81,87,83,10,32,50,92,75,85,18,18,64,28,18,17,20,27,21,26,10,17,41,64,66,69,72,45,39,53,Default Stride Loose,81,86,71,84,54,60,31,22,25,29,15,35,19,87,53,26
m27-1,13872,Mo,Alie-Cox,Mo Alie-Cox,TE,Indianapolis Colts,Colts,32,77,267,Virginia Commonwealth,8,81,19,9,1993,71,Possession - TE,Launch Ratings,1,,,,,,,,80,73,67,63,19,18,62,72,83,63,81,10,12,65,89,62,87,14,19,10,54,10,60,63,64,6,21,10,10,25,71,61,64,68,61,65,66,Long Stride Loose,84,82,54,86,64,70,28,6,10,15,10,25,14,86,66,13
m27-1,20563,Neville,Gallimore,Neville Gallimore,DT,Chicago Bears,Bears,29,74,302,Oklahoma,6,90,17,1,1997,71,Speed Rusher - DT,Launch Ratings,1,,,,,,,,81,71,74,26,73,12,12,38,34,62,23,77,78,84,88,29,75,15,20,10,35,16,45,45,45,6,71,71,15,77,17,5,7,15,45,45,45,Long Stride Loose,25,79,24,73,26,80,84,6,6,6,6,29,10,86,27,24
m27-1,15274,Nick,Martin,Nick Martin,WILL,San Francisco 49ers,49ers,23,72,221,Oklahoma St.,1,45,13,10,2002,71,Run Stopper - OLB,Launch Ratings,1,,,,,,,,93,79,73,57,70,22,43,68,60,82,52,61,76,73,87,61,90,21,23,10,29,58,45,45,45,6,71,55,48,82,27,23,26,29,45,45,45,Default Stride Loose,54,88,55,87,51,74,78,6,6,6,6,22,12,88,47,63
m27-1,21013,Noah,Igbinoghene,Noah Igbinoghene,CB,Seattle Seahawks,Seahawks,26,71,197,Auburn,6,17,27,11,1999,71,Manto Man - CB,Launch Ratings,1,,,,,,,,91,87,68,74,49,17,58,65,64,86,49,37,57,48,83,78,93,14,18,82,17,71,35,35,35,6,67,28,75,73,44,47,53,58,35,35,35,Default Stride Loose,67,90,71,87,41,61,56,6,6,6,6,28,17,82,33,69
m27-1,15224,Omarr,Norman-Lott,Omarr Norman-Lott,DT,Kansas City Chiefs,Chiefs,24,74,315,Tennessee,1,55,11,3,2002,71,Power Rusher - DT,Launch Ratings,1,,,,,,,,82,71,71,25,78,16,28,40,24,61,19,69,83,84,82,19,77,15,21,19,26,10,45,45,45,8,68,75,10,76,15,10,13,19,45,45,45,Long Stride Awkward,19,67,19,72,31,85,77,6,10,15,10,24,13,81,27,13
m27-1,2443,Phillip,Dorsett II,Phillip Dorsett II,WR,Las Vegas Raiders,Raiders,33,70,185,Miami,11,13,5,1,1993,71,Deep Threat - WR,Launch Ratings,1,,,,,,,,89,87,63,81,28,24,75,71,82,84,78,10,14,46,82,84,88,15,21,81,26,18,15,20,32,6,24,10,10,34,65,72,71,72,30,36,52,Default Stride Loose,80,91,77,82,34,62,20,6,10,15,10,34,20,75,28,25
m27-1,13039,Reid,Ferguson,Reid Ferguson,LS,Buffalo Bills,Bills,32,74,235,LSU,10,69,24,3,1994,71,Accurate - LS,Launch Ratings,1,,,,,,,,69,62,68,45,39,11,43,54,57,61,54,17,27,46,94,51,69,19,21,18,35,14,40,50,54,17,22,17,17,48,48,42,47,51,42,47,50,Long Stride Loose,51,72,47,79,52,65,33,13,16,18,19,27,10,83,46,21
m27-1,20451,Rock,Ya-Sin,Rock Ya-Sin,CB,Detroit Lions,Lions,30,71,192,Temple,7,23,23,5,1996,71,Manto Man - CB,Launch Ratings,1,,,,,,,,87,84,67,64,51,13,55,59,69,83,59,36,55,52,89,71,93,18,20,58,10,77,35,35,35,6,63,24,83,75,17,10,12,22,35,35,35,Long Stride Loose,63,89,63,88,29,68,52,6,6,6,6,27,10,87,25,75
m27-1,14661,Roman,Wilson,Roman Wilson,WR,Pittsburgh Steelers,Steelers,25,72,185,Michigan,2,14,19,6,2001,71,Deep Threat - WR,Launch Ratings,1,,,,,,,,94,86,63,81,26,21,71,74,82,92,80,10,25,46,85,74,89,15,19,70,31,12,17,20,32,6,15,10,17,32,71,73,71,74,31,25,47,Default,82,93,69,82,41,56,27,10,15,20,15,26,17,81,34,17
m27-1,13163,Ronnie,Harrison Jr,Ronnie Harrison Jr,WILL,Miami Dolphins,Dolphins,29,75,207,Alabama,8,56,18,4,1997,71,Pass Coverage - OLB,Launch Ratings,1,,,,,,,,87,80,70,63,60,15,44,69,74,78,55,53,87,63,87,67,82,11,14,55,20,69,35,35,35,6,69,45,74,79,20,10,15,20,35,35,35,Short Stride Loose,63,85,56,89,43,72,78,6,6,6,6,23,18,91,52,74
m27-1,22747,Roschon,Johnson,Roschon Johnson,HB,Chicago Bears,Bears,25,72,227,Texas,3,23,31,1,2001,71,Power Back - HB,Launch Ratings,1,,,,,,,,89,82,77,83,32,43,80,93,66,81,46,10,36,45,87,77,77,24,26,72,33,10,37,43,58,38,14,10,13,39,44,37,45,53,20,25,33,Long Stride Default,47,86,72,81,73,78,33,31,38,42,46,50,36,85,81,15
m27-1,22486,Samuel,Womack III,Samuel Womack III,CB,NY Jets,Jets,27,70,189,Toledo,4,39,7,7,1999,71,Manto Man - CB,Launch Ratings,1,,,,,,,,92,87,66,52,41,11,44,52,69,88,55,36,42,37,88,73,86,12,13,50,12,73,25,25,25,6,67,31,67,66,24,21,28,33,25,24,25,Short Stride Default,60,92,65,89,32,46,58,6,6,6,6,17,10,67,31,69
m27-1,22735,Sean,Tucker,Sean Tucker,HB,Tampa Bay Buccaneers,Buccaneers,24,70,210,Syracuse,3,44,25,10,2001,71,Elusive Back - HB,Launch Ratings,1,,,,,,,,90,82,77,80,30,31,79,87,69,80,68,15,44,49,91,77,89,21,22,72,32,15,46,50,50,24,26,13,15,29,46,43,51,61,43,45,44,Default Stride High and Tight,65,92,71,83,72,76,35,17,21,24,33,26,15,88,82,21
m27-1,20853,Shy,Tuttle,Shy Tuttle,DT,Washington Commanders,Commanders,30,75,300,Tennessee,7,79,20,10,1995,71,Power Rusher - DT,Launch Ratings,1,,,,,,,,73,70,68,17,75,12,10,30,44,58,29,68,79,82,89,25,70,12,15,10,27,22,45,45,45,6,70,60,20,80,15,3,7,15,45,45,45,Default Stride Loose,33,74,30,78,53,82,84,6,6,6,6,16,10,85,34,26
m27-1,22333,Sincere,McCormick,Sincere McCormick,HB,San Francisco 49ers,49ers,25,69,205,UTSA,4,35,10,9,2000,71,Power Back - HB,Launch Ratings,1,,,,,,,,87,79,78,80,32,27,79,92,70,77,56,10,30,41,89,80,81,23,28,15,39,12,27,33,52,18,19,10,15,38,48,48,53,59,28,33,36,Default,55,86,67,84,80,75,34,18,24,30,29,37,22,87,81,12
m27-1,1853,Skyler,Bell,Skyler Bell,WR,Buffalo Bills,Bills,24,72,192,Connecticut,0,13,5,7,2002,71,Deep Threat - WR,Launch Ratings,1,,,,,,,,94,92,49,82,37,28,77,71,77,92,79,36,36,44,90,83,92,37,46,58,29,33,25,29,33,26,33,30,31,42,71,71,72,71,33,30,50,Default Stride Loose,78,92,77,85,62,67,41,20,25,30,33,40,31,90,51,38
m27-1,14611,Spencer,Rattler,Spencer Rattler,QB,New Orleans Saints,Saints,25,73,211,South Carolina,2,2,28,9,2000,71,Field General - QB,Launch Ratings,1,,,,,,,,85,77,61,73,21,79,44,60,39,78,18,10,15,18,90,62,78,20,20,10,10,10,15,13,14,71,15,10,10,26,18,10,16,23,10,14,16,Default,18,83,55,84,39,56,19,75,81,86,83,90,81,88,31,14
m27-1,16230,Tacario,Davis,Tacario Davis,CB,Cincinnati Bengals,Bengals,22,76,194,Washington,0,20,17,8,2004,71,Manto Man - CB,Launch Ratings,1,,,,,,,,90,89,72,67,49,16,52,61,63,88,61,36,64,50,82,68,88,13,15,60,15,69,35,35,35,6,72,39,69,74,45,43,46,49,35,35,35,Long Stride Loose,62,92,64,84,36,58,61,6,6,6,6,21,10,86,33,67
m27-1,15038,Tahj,Brooks,Tahj Brooks,HB,Cincinnati Bengals,Bengals,24,69,220,Texas Tech,1,25,13,5,2002,71,Elusive Back - HB,Launch Ratings,1,,,,,,,,92,87,66,79,35,16,81,91,70,85,50,23,29,44,94,79,86,23,24,73,40,24,41,46,52,25,37,28,26,37,55,51,57,61,30,33,41,Short Stride Default,50,88,73,93,72,68,35,25,17,16,9,21,32,92,73,27
m27-1,15075,Tai,Felton,Tai Felton,WR,Minnesota Vikings,Vikings,23,73,183,Maryland,1,13,15,3,2003,71,Deep Threat - WR,Launch Ratings,1,,,,,,,,93,84,62,83,28,18,73,70,81,85,77,25,24,35,86,82,89,27,18,71,21,33,17,24,26,27,36,23,25,30,70,76,71,72,17,19,37,Default,79,93,77,91,59,59,49,22,15,24,23,22,33,89,52,46
m27-1,21150,Terrell,Burgess,Terrell Burgess,FS,New Orleans Saints,Saints,27,71,202,Utah,6,26,12,11,1998,71,Hybrid - S,Launch Ratings,1,,,,,,,,88,87,72,65,56,11,44,62,64,86,55,50,71,58,88,74,81,20,20,65,15,72,35,35,35,6,69,40,71,74,35,30,36,43,35,35,35,Default Stride Loose,60,88,67,87,39,62,68,6,6,6,6,35,11,88,33,68
m27-1,21658,Tre,Brown,Tre Brown,CB,NY Jets,Jets,28,70,185,Oklahoma,5,30,24,9,1997,71,Manto Man - CB,Launch Ratings,1,,,,,,,,90,83,70,68,53,10,49,54,64,84,53,38,45,56,77,74,90,25,25,73,25,73,35,35,35,6,72,25,69,72,15,12,17,27,35,35,35,Short Stride Loose,54,90,70,87,28,55,62,6,6,6,6,30,12,80,29,70
m27-1,21130,Trevis,Gipson,Trevis Gipson,REDG,Carolina Panthers,Panthers,29,75,255,Tulsa,6,52,13,6,1997,71,Smaller Speed Rusher - DE,Launch Ratings,1,,,,,,,,85,77,69,30,71,12,18,34,37,69,19,74,81,81,90,32,82,12,16,10,14,38,45,45,45,6,67,64,34,79,13,4,8,15,45,45,45,Long Stride Loose,22,82,27,87,32,79,79,6,6,6,6,20,14,85,32,46
m27-1,22103,Trevor,Penning,Trevor Penning,LG,Los Angeles Chargers,Chargers,27,79,325,Northern Iowa,4,75,15,5,1999,71,Power - G,Launch Ratings,1,,,,,,,,81,74,59,34,33,19,28,38,41,59,35,31,40,88,87,20,70,15,17,10,77,10,64,73,68,5,21,26,12,41,28,17,23,31,72,78,76,Default Stride Awkward,35,75,15,82,37,89,27,7,10,11,5,23,7,90,35,11
m27-1,15050,Trevor,Etienne,Trevor Etienne,HB,Carolina Panthers,Panthers,22,69,198,Georgia,1,23,9,7,2004,71,Elusive Back - HB,Launch Ratings,0,,,,,,,,93,79,68,81,37,24,80,90,70,81,49,29,35,34,84,81,84,28,30,78,29,27,32,36,51,27,36,30,25,35,56,54,56,63,28,31,34,Default,46,92,75,85,77,69,40,23,32,40,12,45,28,85,82,35
m27-1,22776,Trey,Palmer,Trey Palmer,WR,New Orleans Saints,Saints,25,72,192,Nebraska,3,10,2,4,2001,71,Deep Threat - WR,Launch Ratings,1,,,,,,,,92,80,71,81,36,21,71,72,83,86,78,20,40,47,89,73,79,15,18,77,28,33,25,22,30,6,31,13,37,46,71,76,74,73,32,26,54,Default,79,95,66,81,49,54,46,6,10,15,10,25,18,88,45,39
m27-1,21274,Troy,Dye,Troy Dye,WILL,Los Angeles Chargers,Chargers,29,75,225,Oregon,6,43,18,9,1996,71,Run Stopper - OLB,Launch Ratings,1,,,,,,,,86,81,75,54,68,12,46,55,61,74,50,57,80,72,87,62,84,19,15,35,16,61,45,45,45,15,74,48,59,81,26,25,31,37,45,45,45,Long Stride Loose,52,86,55,81,41,71,81,10,10,15,15,30,13,89,40,66
m27-1,15210,Ty,Hamilton,Ty Hamilton,DT,Los Angeles Rams,Rams,24,75,299,Ohio State,1,57,15,4,2002,71,Power Rusher - DT,Launch Ratings,1,,,,,,,,80,61,69,23,76,11,26,36,25,57,15,64,79,84,91,21,79,17,20,26,25,11,45,45,45,11,69,71,14,73,15,10,13,16,45,45,45,Default Stride Awkward,16,75,21,82,28,89,78,7,8,13,11,17,14,89,28,17
m27-1,16188,Ty,Simpson,Ty Simpson,QB,Los Angeles Rams,Rams,23,73,211,Alabama,0,15,21,12,2002,71,Field General - QB,Launch Ratings,1,,,,,,,,83,81,67,70,28,75,65,61,29,83,15,29,26,16,89,72,76,16,19,25,17,20,15,15,15,86,21,22,15,32,16,13,15,18,10,15,15,Default,15,78,70,87,39,62,22,77,81,86,82,90,84,88,49,24
m27-1,15209,Ty,Robinson,Ty Robinson,DT,Philadelphia Eagles,Eagles,25,78,288,Nebraska,1,95,3,5,2001,71,Power Rusher - DT,Launch Ratings,1,,,,,,,,80,65,69,43,80,18,39,59,55,64,50,65,82,85,92,43,83,30,22,25,26,21,45,45,45,12,67,73,19,74,48,42,45,48,45,45,45,Long Stride Awkward,52,78,34,87,45,89,73,10,12,15,13,21,14,91,43,23
m27-1,21619,Tylan,Wallace,Tylan Wallace,WR,Cleveland Browns,Browns,27,71,198,Oklahoma St.,5,16,13,5,1999,71,Slot - WR,Launch Ratings,1,,,,,,,,91,89,72,82,38,22,75,71,82,86,82,10,32,53,85,76,88,22,20,82,27,24,26,21,36,6,24,10,26,48,66,70,70,70,33,28,60,Default,84,90,72,83,68,64,40,6,10,15,10,27,18,80,61,31
m27-1,22780,Tyler,Scott,Tyler Scott,WR,Los Angeles Rams,Rams,24,71,185,Cincinnati,3,82,12,10,2001,71,Deep Threat - WR,Launch Ratings,1,,,,,,,,93,84,71,80,34,15,73,73,80,87,81,18,37,40,88,76,91,15,20,71,18,31,16,10,25,6,34,14,32,43,66,75,74,73,21,15,38,Default,81,92,71,81,45,53,40,6,10,15,10,26,13,85,41,40
m27-1,15129,Wyatt,Milum,Wyatt Milum,RG,Jacksonville Jaguars,Jaguars,23,79,313,West Virginia,1,64,27,12,2002,71,Power - G,Launch Ratings,1,,,,,,,,67,65,69,26,43,12,27,40,38,58,28,45,26,88,87,33,70,13,12,10,79,12,73,75,75,6,30,42,10,35,15,13,15,20,74,76,76,Long Stride Awkward,27,63,30,88,30,87,25,6,6,6,6,18,10,88,27,11
m27-1,22815,Xavier,Gipson,Xavier Gipson,WR,NY Giants,Giants,25,70,189,Stephen F. Austin,3,88,8,3,2001,71,Deep Threat - WR,Launch Ratings,1,,,,,,,,94,87,64,78,38,21,72,72,81,92,78,10,35,46,86,79,83,11,16,81,30,21,20,21,26,6,25,10,30,37,66,73,72,71,22,18,44,Default Stride Loose,79,92,73,84,48,56,39,6,10,15,10,34,15,82,53,27
m27-1,22774,A.T.,Perry,A.T. Perry,WR,Pittsburgh Steelers,Steelers,26,77,205,Wake Forest,3,27,26,10,1999,70,Deep Threat - WR,Launch Ratings,1,,,,,,,,93,85,67,79,31,22,74,74,82,81,82,10,34,51,91,74,86,49,53,44,33,24,20,20,34,6,23,10,31,42,71,71,73,75,21,28,53,Long Stride High and Tight,84,90,67,86,53,68,38,6,10,15,10,23,19,90,60,32
m27-1,23080,Alex,Austin,Alex Austin,CB,Miami Dolphins,Dolphins,25,73,191,Oregon State,3,26,22,5,2001,70,Manto Man - CB,Launch Ratings,1,,,,,,,,90,85,76,65,40,14,49,59,72,83,59,35,63,38,90,69,80,19,21,55,15,71,30,30,30,8,74,30,68,73,19,12,16,24,35,35,35,Default Stride Loose,61,88,64,88,48,49,52,8,8,8,12,27,11,90,29,73
m27-1,23358,Alex,Palczewski,Alex Palczewski,RG,Denver Broncos,Broncos,27,78,314,Illinois,3,63,3,8,1999,70,Agile - G,Launch Ratings,1,,,,,,,,75,60,77,17,37,12,11,43,25,58,21,30,40,74,85,26,71,10,15,5,83,12,77,73,75,5,25,40,10,32,15,7,15,25,74,70,72,Long Stride Awkward,25,63,13,79,28,82,38,6,7,8,6,16,5,78,26,12
m27-1,22689,Anthony,Richardson Sr,Anthony Richardson Sr,QB,Indianapolis Colts,Colts,24,76,244,Florida,3,5,22,5,2002,70,Strong Arm - QB,Launch Ratings,1,,,,,,,,92,88,51,91,27,82,79,57,39,87,17,10,26,34,81,78,93,17,22,20,28,11,15,20,16,86,17,10,10,29,17,13,16,20,23,20,26,Default,19,91,75,73,79,73,33,74,77,79,72,96,75,90,78,17
m27-1,14625,Audric,Estime,Audric Estime,HB,New Orleans Saints,Saints,22,71,227,Notre Dame,2,30,6,9,2003,70,Elusive Back - HB,Launch Ratings,1,,,,,,,,90,85,77,79,32,26,79,86,67,81,59,11,29,37,93,78,88,12,17,65,33,10,36,39,51,16,18,16,18,37,45,42,49,56,35,29,34,Default,60,87,72,83,75,75,35,10,15,20,23,25,17,91,79,20
m27-1,22331,Bam,Knight,Bam Knight,HB,Arizona Cardinals,Cardinals,25,71,210,N.C. State,4,20,11,4,2001,70,Elusive Back - HB,Launch Ratings,1,,,,,,,,88,84,73,76,20,24,81,83,66,86,56,12,35,29,88,80,80,15,17,78,26,10,34,32,49,10,24,10,10,33,44,44,51,59,33,31,35,Default Stride Loose,59,88,78,79,67,69,36,15,25,30,10,25,11,85,77,12
m27-1,15179,Barryn,Sorrell,Barryn Sorrell,REDG,Green Bay Packers,Packers,23,75,256,Texas,1,99,22,12,2002,70,Power Rusher - DE,Launch Ratings,1,,,,,,,,85,80,71,36,73,17,28,47,47,73,43,67,79,79,90,32,82,19,24,31,26,36,45,45,45,15,69,71,32,76,34,27,32,37,45,45,45,Long Stride Loose,45,83,29,87,36,82,75,7,10,15,18,13,12,91,28,46
m27-1,16308,Beau,Stephens,Beau Stephens,RG,Seattle Seahawks,Seahawks,23,78,315,Iowa,0,60,1,11,2002,70,Agile - G,Launch Ratings,1,,,,,,,,68,64,69,15,28,13,10,24,28,52,18,32,29,81,85,10,70,23,28,10,79,17,75,72,77,6,27,31,10,35,11,5,5,17,75,73,76,Long Stride Awkward,22,61,10,84,14,87,32,6,6,6,6,15,14,87,22,16
m27-1,15365,Ben,Sauls,Ben Sauls,K,NY Giants,Giants,25,70,186,Pittsburgh,1,30,31,7,2001,70,Power - KP,Launch Ratings,0,,,,,,,,73,60,53,10,13,17,10,26,19,52,10,10,16,17,85,35,47,77,93,10,14,11,12,10,10,12,14,10,16,24,11,10,10,10,12,24,12,Default Stride Awkward,14,73,22,84,36,46,20,25,28,31,18,24,18,62,12,13
m27-1,21611,Ben,Skowronek,Ben Skowronek,WR,Pittsburgh Steelers,Steelers,29,75,224,Notre Dame,5,15,27,6,1997,70,Slot - WR,Launch Ratings,1,,,,,,,,88,79,74,73,41,32,73,73,88,77,82,22,51,49,86,72,88,19,15,55,29,23,27,33,39,25,23,16,22,52,73,69,73,74,25,29,51,Long Stride Default,83,85,66,82,59,68,47,10,10,15,10,30,25,83,55,30
m27-1,14712,Blake,Fisher,Blake Fisher,LT,Houston Texans,Texans,23,78,312,Notre Dame,2,57,25,3,2003,70,Power - OT,Launch Ratings,1,,,,,,,,69,59,63,15,25,12,9,33,22,56,10,15,30,87,90,12,70,17,22,10,85,8,71,75,73,8,24,15,10,31,14,7,8,10,77,79,77,Long Stride Awkward,12,66,10,85,10,83,34,6,7,9,7,22,11,88,23,9
m27-1,14730,Brandon,Coleman,Brandon Coleman,LT,Washington Commanders,Commanders,25,77,320,TCU,2,74,12,10,2000,70,Power - OT,Launch Ratings,1,,,,,,,,77,71,72,34,35,12,28,27,26,60,22,31,42,85,91,20,82,11,17,10,82,10,72,78,75,5,21,35,9,41,19,7,11,12,75,71,74,Long Stride Awkward,26,73,15,84,37,85,27,7,10,11,5,23,7,82,35,10
m27-1,14880,Brennan,Jackson,Brennan Jackson,LEDG,Las Vegas Raiders,Raiders,25,76,264,Wash. St.,2,54,14,10,2000,70,Smaller Speed Rusher - DE,Launch Ratings,1,,,,,,,,88,70,71,45,75,17,30,42,50,65,37,69,77,81,81,50,81,17,20,10,31,39,35,35,35,7,73,70,37,78,21,11,16,22,40,40,40,Default Stride Loose,39,83,45,79,33,80,78,6,8,10,8,25,13,84,40,45
m27-1,5003,Bryce,Lance,Bryce Lance,WR,New Orleans Saints,Saints,24,75,204,North Dakota St.,0,18,20,8,2002,70,Deep Threat - WR,Launch Ratings,1,,,,,,,,95,83,59,77,42,26,73,73,80,85,80,31,43,40,90,75,94,17,22,63,29,35,22,19,26,24,39,28,36,44,72,76,73,70,28,25,51,Long Stride Default,79,94,68,86,61,69,47,18,22,27,25,38,25,89,53,41
m27-1,1095,Bub,Means,Bub Means,WR,New Orleans Saints,Saints,25,74,215,Pittsburgh,2,16,10,1,2001,70,Deep Threat - WR,Launch Ratings,1,,,,,,,,92,81,74,78,32,25,73,69,82,80,80,10,34,47,88,80,90,15,19,32,32,20,31,23,35,6,21,10,15,33,68,70,71,73,37,30,44,Long Stride Loose,81,91,70,81,58,67,36,15,15,20,15,40,16,82,54,29
m27-1,21004,C.J.,Henderson,C.J. Henderson,CB,Atlanta Falcons,Falcons,27,73,205,Florida,6,26,30,9,1998,70,Manto Man - CB,Launch Ratings,1,,,,,,,,90,88,72,60,44,14,51,57,64,87,54,43,57,54,85,73,89,17,18,45,18,69,34,33,25,6,69,38,71,67,35,28,32,34,34,33,25,Default Stride Loose,61,91,68,89,34,64,52,6,6,6,6,27,14,86,31,70
m27-1,22395,Cade,York,Cade York,K,NY Jets,Jets,25,73,206,LSU,4,36,27,1,2001,70,Power - KP,Launch Ratings,1,,,,,,,,79,60,51,25,13,13,16,30,24,49,10,10,12,10,90,28,60,73,97,10,10,10,10,10,16,16,15,10,10,17,12,6,8,10,10,10,15,Default Stride Loose,14,76,24,80,8,58,25,20,24,30,20,26,15,74,19,10
m27-1,15141,Caleb,Rogers,Caleb Rogers,RG,Las Vegas Raiders,Raiders,24,77,312,Texas Tech,1,76,3,10,2001,70,Power - G,Launch Ratings,1,,,,,,,,72,70,65,13,24,12,14,24,24,64,10,10,28,82,90,10,66,13,15,10,80,10,73,75,74,6,25,10,10,26,12,5,10,10,73,75,75,Long Stride Awkward,15,69,11,87,15,86,22,6,6,6,6,22,10,87,29,10
m27-1,15207,Cam,Jackson,Cam Jackson,DT,Carolina Panthers,Panthers,24,78,328,Florida,1,99,7,8,2002,70,Power Rusher - DT,Launch Ratings,1,,,,,,,,70,60,69,20,77,17,24,35,17,54,18,53,78,85,90,20,63,18,21,28,31,10,45,45,45,11,70,69,13,74,19,10,13,15,45,45,45,Long Stride Awkward,18,67,16,79,34,87,80,10,12,14,12,24,13,92,33,12
m27-1,22312,Cameron,Thomas,Cameron Thomas,LEDG,Atlanta Falcons,Falcons,26,76,267,San Diego St.,4,99,7,1,2000,70,Power Rusher - DE,Launch Ratings,1,,,,,,,,83,82,65,41,75,15,33,41,39,72,38,66,78,87,93,39,81,14,15,10,26,25,45,45,45,6,64,73,18,82,34,28,31,34,45,45,45,Default Stride Loose,37,78,36,78,39,77,83,6,6,6,6,22,9,85,34,35
m27-1,15014,Carson,Steele,Carson Steele,HB,Philadelphia Eagles,Eagles,23,73,225,UCLA,2,34,24,11,2002,70,Power Back - HB,Launch Ratings,0,,,,,,,,90,82,76,78,38,33,79,85,69,78,61,17,46,51,93,77,87,16,20,56,50,24,35,38,50,31,24,13,26,48,63,53,61,68,33,36,49,Default,58,86,72,85,79,80,41,28,37,39,37,42,29,89,82,34
m27-1,17900,Casey,Kreiter,Casey Kreiter,LS,Arizona Cardinals,Cardinals,36,73,250,Iowa,12,59,13,8,1990,70,Accurate - LS,Launch Ratings,1,,,,,,,,70,67,61,20,45,10,15,64,62,62,47,16,59,68,92,16,78,14,11,10,53,22,40,50,57,10,13,24,10,42,42,40,45,50,35,40,48,Default,45,71,10,80,15,67,49,10,10,10,10,10,10,82,22,19
m27-1,10607,Charles,Grant,Charles Grant,LT,Las Vegas Raiders,Raiders,24,77,309,William  Mary,1,60,22,3,2002,70,Power - OT,Launch Ratings,1,,,,,,,,77,73,71,16,27,12,15,25,28,62,18,32,35,86,89,22,68,13,11,10,78,11,76,74,72,6,23,28,10,27,14,6,6,15,75,73,74,Default Stride Bread Loaf,25,75,15,87,22,85,33,6,6,6,6,14,7,88,40,13
m27-1,22781,Charlie,Jones,Charlie Jones,WR,Cincinnati Bengals,Bengals,27,72,190,Purdue,3,15,29,10,1998,70,Slot - WR,Launch Ratings,1,,,,,,,,89,88,62,78,28,20,70,73,86,89,83,10,24,38,82,70,87,14,18,87,19,22,19,20,29,6,24,10,25,41,60,72,74,74,24,17,43,Default,78,90,64,82,42,56,34,6,10,15,10,29,17,83,40,29
m27-1,15249,Cody,Simon,Cody Simon,WILL,Arizona Cardinals,Cardinals,24,74,230,Ohio State,1,0,1,4,2002,70,Run Stopper - OLB,Launch Ratings,1,,,,,,,,93,77,71,53,67,22,38,61,64,74,56,58,79,71,88,56,81,21,23,10,25,57,45,45,45,6,69,56,46,81,31,25,28,33,45,45,45,Default Stride Loose,58,87,51,87,47,73,80,6,6,6,6,23,12,88,43,63
m27-1,16338,Colbie,Young,Colbie Young,WR,Cincinnati Bengals,Bengals,24,77,218,Georgia,0,86,24,7,2002,70,Deep Threat - WR,Launch Ratings,1,,,,,,,,90,85,70,80,23,26,77,72,79,83,81,17,21,46,88,77,88,25,29,47,32,21,25,24,26,22,21,17,25,25,74,72,74,72,32,29,53,Long Stride Default,81,89,69,84,67,67,22,15,19,24,23,32,24,86,56,23
m27-1,15184,Collin,Oliver,Collin Oliver,REDG,Green Bay Packers,Packers,23,74,240,Oklahoma St.,1,45,23,9,2002,70,Smaller Speed Rusher - DE,Launch Ratings,1,,,,,,,,91,82,66,49,77,30,33,49,50,75,41,72,75,78,85,47,91,24,25,33,38,51,45,45,45,19,64,69,42,75,32,26,29,34,45,45,45,Default Stride Loose,42,87,42,78,43,77,73,15,13,22,17,29,26,83,41,58
m27-1,16325,Cyrus,Allen,Cyrus Allen,WR,Kansas City Chiefs,Chiefs,23,71,183,Cincinnati,0,13,11,2,2003,70,Deep Threat - WR,Launch Ratings,1,,,,,,,,92,87,68,81,19,26,74,68,79,89,78,18,23,36,89,78,86,29,33,68,26,18,25,24,30,23,21,20,21,23,70,73,71,69,29,27,48,Default,78,89,71,89,62,57,43,19,22,25,27,34,24,88,49,22
m27-1,22236,Damarri,Mathis,Damarri Mathis,CB,Cleveland Browns,Browns,27,71,195,Pittsburgh,4,37,12,4,1999,70,Zone - CB,Launch Ratings,1,,,,,,,,92,84,70,64,47,14,53,55,67,82,56,40,68,47,86,73,97,11,13,50,15,68,30,30,30,6,69,34,75,67,32,20,25,30,35,35,35,Default Stride Loose,63,92,65,91,36,61,48,6,6,6,6,29,10,86,33,72
m27-1,15047,Damien,Martinez,Damien Martinez,HB,Green Bay Packers,Packers,22,72,217,Miami,1,26,31,1,2004,70,Power Back - HB,Launch Ratings,1,,,,,,,,91,78,68,79,37,25,81,92,64,74,56,24,38,49,90,78,82,32,31,66,41,24,41,45,46,31,33,32,24,41,45,46,51,55,32,36,42,Default Stride Loose,52,89,75,85,80,74,41,19,23,16,23,26,34,90,83,29
m27-1,12641,Dan,Feeney,Dan Feeney,RG,Tampa Bay Buccaneers,Buccaneers,32,76,310,Indiana,9,65,29,5,1994,70,Power - G,Launch Ratings,1,,,,,,,,64,63,80,26,37,12,8,23,28,51,20,10,38,84,93,28,70,22,24,10,85,12,65,71,68,6,20,10,15,34,25,5,7,17,69,71,70,Default Stride Awkward,24,66,23,83,32,88,34,6,6,6,6,27,10,79,35,20
m27-1,22102,Daniel,Bellinger,Daniel Bellinger,TE,Tennessee Titans,Titans,25,77,253,San Diego St.,4,82,22,9,2000,70,Possession - TE,Launch Ratings,1,,,,,,,,88,78,72,69,49,15,56,74,84,69,77,31,40,65,91,63,84,16,16,30,61,23,61,57,61,6,39,34,24,55,66,54,59,67,59,61,62,Long Stride Default,77,84,57,88,62,79,44,6,10,15,10,25,10,88,64,31
m27-1,15248,Danny,Stutsman,Danny Stutsman,MIKE,New Orleans Saints,Saints,23,75,233,Oklahoma,1,28,10,3,2003,70,Field General - MLB,Launch Ratings,1,,,,,,,,90,79,70,53,70,25,41,63,67,77,59,59,80,73,87,57,79,20,23,10,25,55,45,45,45,6,67,56,45,82,34,29,32,35,45,45,45,Long Stride Default,61,87,51,87,47,74,82,6,6,6,6,23,11,87,45,61
m27-1,14918,Darius,Muasau,Darius Muasau,WILL,NY Giants,Giants,25,73,230,UCLA,2,53,10,2,2001,70,Pass Coverage - OLB,Launch Ratings,1,,,,,,,,88,76,75,54,66,21,37,58,70,75,58,67,82,65,93,63,87,31,34,35,25,60,30,30,35,7,73,54,54,81,15,7,13,23,35,35,40,Default Stride Loose,62,82,56,82,38,63,80,6,11,13,11,21,10,80,41,70
m27-1,14872,Darius,Robinson,Darius Robinson,DT,Arizona Cardinals,Cardinals,24,77,285,Missouri,2,56,13,9,2001,70,Power Rusher - DT,Launch Ratings,1,,,,,,,,77,77,71,24,72,23,23,29,25,58,25,68,80,81,87,17,84,21,24,8,23,32,35,35,35,11,72,73,25,75,10,6,8,10,40,40,40,Long Stride Loose,21,74,14,79,28,87,78,27,19,12,13,17,16,85,16,33
m27-1,1830,Demond,Claiborne,Demond Claiborne,HB,Minnesota Vikings,Vikings,22,70,188,Wake Forest,0,21,9,10,2003,70,Elusive Back - HB,Launch Ratings,1,,,,,,,,90,89,58,82,25,25,79,79,65,91,61,19,24,43,86,82,85,23,28,82,39,19,33,30,49,22,22,18,22,28,56,52,58,66,30,33,42,Default,61,93,76,87,65,73,25,15,20,25,21,30,24,86,72,21
m27-1,16273,Demonte,Capehart,Demonte Capehart,DT,Tampa Bay Buccaneers,Buccaneers,24,77,313,Clemson,0,90,19,7,2002,70,Power Rusher - DT,Launch Ratings,1,,,,,,,,79,62,67,25,75,12,19,47,30,56,26,64,79,82,88,25,81,29,14,10,28,27,45,45,45,6,65,71,21,74,25,3,13,15,45,45,45,Long Stride Awkward,25,77,27,78,47,89,80,6,6,6,6,26,10,87,48,23
m27-1,22819,Derius,Davis,Derius Davis,WR,Los Angeles Chargers,Chargers,25,68,165,TCU,3,12,11,9,2000,70,Deep Threat - WR,Launch Ratings,1,,,,,,,,94,82,60,83,25,18,70,72,82,83,79,10,24,32,84,80,77,16,17,81,17,20,17,10,26,6,26,10,23,33,59,73,72,71,21,16,41,Short Stride Default,80,94,74,80,36,63,34,6,10,15,10,23,14,82,34,26
m27-1,14867,DeWayne,Carter,DeWayne Carter,DT,Buffalo Bills,Bills,25,74,305,Duke,2,90,10,12,2000,70,Power Rusher - DT,Launch Ratings,1,,,,,,,,78,57,73,40,78,23,43,40,22,56,15,70,79,84,88,44,78,17,23,8,11,17,18,25,23,15,71,73,10,78,12,4,4,4,45,45,45,Long Stride Awkward,15,73,23,84,24,82,79,17,16,13,11,12,16,88,25,19
m27-1,15053,DJ,Giddens,DJ Giddens,HB,Indianapolis Colts,Colts,23,72,212,Kansas State,1,21,26,8,2003,70,Power Back - HB,Launch Ratings,1,,,,,,,,92,77,69,82,39,30,80,92,63,80,52,32,36,38,90,80,91,18,35,38,31,21,39,41,49,30,26,29,21,36,50,52,57,59,30,32,35,Default,51,91,74,87,81,70,35,18,13,12,21,28,33,89,80,27
m27-1,1397,Dondrea,Tillman,Dondrea Tillman,REDG,Denver Broncos,Broncos,28,76,247,IUP,3,92,30,4,1998,70,Power Rusher - DE,Launch Ratings,1,,,,,,,,79,72,75,65,75,16,55,49,61,64,43,63,81,78,85,53,80,14,13,10,32,35,45,45,45,6,74,75,32,81,12,10,15,20,45,45,45,Long Stride Loose,48,73,48,77,53,77,81,6,6,6,6,20,16,81,52,43
m27-1,13291,Durham,Smythe,Durham Smythe,TE,Baltimore Ravens,Ravens,31,77,248,Notre Dame,8,80,9,8,1995,70,Possession - TE,Launch Ratings,1,,,,,,,,82,75,77,63,19,18,62,75,86,72,74,10,12,71,90,68,76,14,19,10,58,10,59,56,60,6,21,10,10,25,65,56,62,66,62,57,62,Default Stride Loose,76,80,50,86,67,75,28,6,10,15,10,25,14,86,71,13
m27-1,15189,Elijah,Roberts,Elijah Roberts,DT,Tampa Bay Buccaneers,Buccaneers,24,76,295,SMU,1,95,24,12,2001,70,Power Rusher - DT,Launch Ratings,1,,,,,,,,83,76,69,32,75,23,26,40,28,57,18,72,76,84,89,31,77,25,27,31,28,29,45,45,45,18,68,76,24,74,15,7,8,15,45,45,45,Long Stride Loose,18,80,29,77,36,83,79,21,12,13,9,22,15,92,26,37
m27-1,23339,Emari,Demercado,Emari Demercado,HB,Kansas City Chiefs,Chiefs,27,69,215,TCU,3,25,20,1,1999,70,Elusive Back - HB,Launch Ratings,1,,,,,,,,91,83,70,78,31,30,76,89,67,84,56,10,45,48,91,79,78,14,19,77,44,14,45,45,58,10,19,10,20,35,45,48,55,63,36,35,49,Short Stride Loose,57,91,72,83,82,65,35,14,16,23,15,30,13,85,76,18
m27-1,15164,Emery,Jones Jr,Emery Jones Jr,RT,Baltimore Ravens,Ravens,22,77,315,LSU,1,51,5,3,2004,70,Power - OT,Launch Ratings,1,,,,,,,,74,57,68,14,35,12,13,33,21,54,22,23,33,85,88,10,71,16,14,10,81,11,74,76,75,6,26,42,10,33,13,5,5,20,72,74,73,Long Stride Awkward,21,70,10,87,10,88,31,6,6,6,6,20,10,88,30,12
m27-1,1874,Ephesians,Prysock,Ephesians Prysock,CB,San Francisco 49ers,49ers,23,75,196,Washington,0,35,28,2,2003,70,Manto Man - CB,Launch Ratings,1,,,,,,,,92,89,67,67,47,14,54,60,67,89,59,37,61,47,88,68,92,14,16,56,18,69,35,35,35,6,68,34,68,73,43,36,39,42,35,35,35,Default Stride Loose,61,91,64,88,35,63,58,6,6,6,6,28,10,84,34,68
m27-1,16395,Fernando,Carmona,Fernando Carmona,LG,Tennessee Titans,Titans,24,77,316,Arkansas,0,66,8,7,2002,70,Power - G,Launch Ratings,1,,,,,,,,65,67,69,14,15,11,10,24,37,56,33,10,29,84,90,10,72,25,21,10,79,14,71,74,74,6,23,10,10,24,25,22,28,34,72,75,74,Long Stride Awkward,38,65,10,87,17,86,31,6,6,6,6,16,11,87,27,16
m27-1,20347,Gardner,Minshew,Gardner Minshew,QB,Arizona Cardinals,Cardinals,30,73,225,Wash. St.,8,15,16,5,1996,70,Field General - QB,Launch Ratings,1,,,,,,,,82,77,69,74,24,80,57,60,26,75,16,10,31,25,92,64,81,16,20,13,14,13,14,18,15,82,16,10,10,32,15,12,14,15,16,22,23,Default,15,80,63,80,33,62,31,78,82,86,83,86,81,95,34,12
m27-1,16360,George,Gumbs Jr.,George Gumbs Jr.,REDG,Indianapolis Colts,Colts,23,76,245,Florida,0,52,25,10,2002,70,Power Rusher - DE,Launch Ratings,1,,,,,,,,83,82,72,58,73,20,48,63,71,67,57,67,81,74,85,58,90,20,27,45,26,40,45,45,45,16,70,71,54,78,45,45,48,53,45,45,45,Long Stride Loose,58,84,50,80,48,75,80,10,24,24,24,24,16,84,47,46
m27-1,22344,Greg,Dulcich,Greg Dulcich,TE,Miami Dolphins,Dolphins,26,76,245,UCLA,4,85,26,3,2000,70,Vertical Threat - TE,Launch Ratings,1,,,,,,,,87,82,68,78,34,24,65,77,81,75,78,10,25,60,79,74,82,22,24,35,56,15,55,50,53,6,21,10,33,41,68,62,63,67,55,52,54,Long Stride Default,81,84,73,85,67,67,32,6,10,15,10,29,10,83,63,23
m27-1,22917,Isaiah,Foskey,Isaiah Foskey,LEDG,Cincinnati Bengals,Bengals,25,77,280,Notre Dame,3,51,30,10,2000,70,Power Rusher - DE,Launch Ratings,1,,,,,,,,90,74,66,53,71,17,42,52,48,69,48,62,88,82,94,50,82,22,25,20,33,39,45,45,45,6,62,72,44,79,44,32,39,45,45,45,45,Default Stride Loose,50,86,48,82,51,76,83,6,6,6,6,24,10,84,52,47
m27-1,22754,Isaiah,Davis,Isaiah Davis,HB,NY Jets,Jets,24,72,218,S. Dakota St.,2,32,21,2,2002,70,Elusive Back - HB,Launch Ratings,1,,,,,,,,90,82,70,81,40,29,78,92,67,80,46,24,46,35,84,80,82,22,25,77,29,18,24,32,49,25,14,18,23,43,53,42,53,64,20,20,35,Default,48,87,74,87,77,73,40,19,23,32,31,49,28,81,74,26
m27-1,14716,Isaiah,Adams,Isaiah Adams,RG,Arizona Cardinals,Cardinals,26,76,315,Illinois,2,74,21,7,2000,70,Agile - G,Launch Ratings,1,,,,,,,,70,59,69,33,37,14,35,29,32,56,37,32,50,82,91,32,63,11,15,5,82,11,76,76,76,21,31,32,11,35,13,14,15,21,76,74,73,Default Stride Awkward,15,65,26,85,25,86,40,22,24,31,15,31,14,90,42,11
m27-1,14679,Ja'Tavion,Sanders,Ja'Tavion Sanders,TE,Carolina Panthers,Panthers,23,76,252,Texas,2,0,27,3,2003,70,Vertical Threat - TE,Launch Ratings,1,,,,,,,,90,79,75,78,27,18,70,78,79,75,77,25,49,60,92,72,78,12,18,6,55,16,55,54,56,6,31,35,20,42,67,58,64,66,57,51,54,Long Stride Default,78,83,66,82,65,67,49,6,10,15,14,31,13,89,67,21
m27-1,14887,Jaden,Crumedy,Jaden Crumedy,DT,Green Bay Packers,Packers,26,76,301,Mississippi St.,2,63,30,7,2000,70,Speed Rusher - DT,Launch Ratings,1,,,,,,,,81,61,61,24,77,12,13,37,34,59,26,69,82,86,85,21,73,17,17,9,20,29,45,44,44,6,63,68,13,77,15,3,5,13,45,45,45,Long Stride Awkward,28,73,17,84,35,84,82,6,6,6,6,23,10,86,32,45
m27-1,20938,Jalen,Reagor,Jalen Reagor,WR,Miami Dolphins,Dolphins,27,71,197,TCU,6,17,2,1,1999,70,Deep Threat - WR,Launch Ratings,1,,,,,,,,90,89,60,82,26,28,73,69,78,87,78,10,25,42,88,81,94,16,18,82,25,13,17,10,32,10,18,10,14,32,68,71,69,71,26,29,40,Default Stride Loose,82,91,76,86,65,62,28,10,15,20,20,31,19,86,56,23
m27-1,16254,Jalen,Huskey,Jalen Huskey,FS,Jacksonville Jaguars,Jaguars,23,73,192,Maryland,0,22,10,5,2003,70,Zone - S,Launch Ratings,1,,,,,,,,93,77,71,62,53,18,59,58,65,81,58,43,73,51,91,64,87,26,23,50,28,66,35,35,35,6,69,35,66,74,42,36,43,46,35,35,35,Default Stride Loose,62,87,52,90,46,57,66,6,6,6,6,28,12,92,52,74
m27-1,22696,Jalin,Hyatt,Jalin Hyatt,WR,NY Giants,Giants,24,72,190,Tennessee,3,13,25,9,2001,70,Deep Threat - WR,Launch Ratings,1,,,,,,,,95,84,64,83,20,18,69,75,82,83,75,10,17,38,89,76,90,19,19,40,21,10,18,13,28,6,15,10,10,25,70,76,73,72,22,15,47,Long Stride Loose,77,94,66,82,40,57,17,6,10,15,10,25,19,83,35,10
m27-1,15170,Jared,Wilson,Jared Wilson,C,New England Patriots,Patriots,23,75,310,Georgia,1,55,5,6,2003,70,Agile - C,Launch Ratings,1,,,,,,,,79,70,69,12,25,10,6,34,28,62,16,14,16,80,89,13,78,13,16,10,80,11,78,74,76,6,24,13,10,20,14,5,5,11,76,73,74,Default Stride Awkward,18,78,11,86,13,86,28,6,6,6,6,18,8,86,20,14
m27-1,22874,Jarrett,Patterson,Jarrett Patterson,RG,Houston Texans,Texans,27,76,310,Notre Dame,3,54,1,9,1999,70,Pass Protector - G,Launch Ratings,1,,,,,,,,71,54,79,22,27,11,14,24,33,52,28,20,37,81,87,23,73,15,21,10,75,10,75,78,77,5,18,30,10,25,18,7,11,21,74,65,70,Long Stride Awkward,24,61,17,85,26,83,31,5,5,5,5,27,7,88,27,9
m27-1,15323,Jaylin,Smith,Jaylin Smith,CB,Houston Texans,Texans,22,71,187,USC,1,22,5,11,2003,70,Zone - CB,Launch Ratings,1,,,,,,,,86,86,72,74,42,20,46,59,68,85,66,41,50,45,82,73,79,22,21,78,25,69,35,25,35,6,70,28,69,70,36,30,33,36,35,25,35,Default Stride Loose,73,91,66,90,32,54,61,6,6,6,6,27,8,79,28,74
m27-1,1089,Jaylon,Carlies,Jaylon Carlies,WILL,Indianapolis Colts,Colts,24,75,227,Missouri,2,57,13,9,2001,70,Pass Coverage - OLB,Launch Ratings,1,,,,,,,,90,83,73,43,60,12,35,61,76,71,64,62,86,71,93,56,83,13,14,10,26,60,35,35,35,8,69,51,70,78,12,7,8,15,40,40,45,Default Stride High and Tight,67,89,55,82,42,72,77,6,15,16,9,22,8,85,45,70
m27-1,16176,Jimmy,Rolder,Jimmy Rolder,WILL,Detroit Lions,Lions,22,74,238,Michigan,0,41,9,2,2004,70,Run Stopper - OLB,Launch Ratings,1,,,,,,,,90,83,70,37,67,14,33,55,60,79,55,49,80,68,87,35,86,14,11,15,24,61,45,45,60,6,69,51,48,83,31,32,37,42,47,59,44,Default Stride High and Tight,58,86,35,85,45,69,81,6,6,6,6,39,10,85,42,61
m27-1,15316,Jordan,Hancock,Jordan Hancock,SS,Buffalo Bills,Bills,23,72,195,Ohio State,1,37,12,8,2003,70,Hybrid - S,Launch Ratings,1,,,,,,,,94,82,73,70,48,25,45,56,71,81,60,43,73,50,85,71,95,30,31,51,24,66,35,25,35,32,74,32,56,74,35,31,30,30,35,25,35,Default,64,91,63,84,33,60,60,15,7,21,18,22,35,84,25,68
m27-1,20981,Jordan,Elliott,Jordan Elliott,DT,Tennessee Titans,Titans,28,76,303,Missouri,6,95,23,11,1997,70,Speed Rusher - DT,Launch Ratings,1,,,,,,,,77,61,74,21,73,12,14,28,32,54,20,63,77,83,93,19,69,10,13,10,23,16,45,45,45,6,75,71,10,78,14,4,6,12,45,45,45,Long Stride Awkward,19,71,16,81,24,82,82,6,6,6,6,23,14,87,26,23
m27-1,21560,Justin,Fields,Justin Fields,QB,Kansas City Chiefs,Chiefs,27,75,228,Ohio State,5,6,5,3,1999,70,Improviser - QB,Launch Ratings,1,,,,,,,,95,90,48,89,20,83,79,58,32,90,16,10,14,25,91,87,84,18,19,62,21,17,10,10,16,82,18,10,10,26,17,14,15,19,17,14,29,Default Stride Loose,16,91,81,89,53,65,24,77,80,83,77,91,74,94,48,19
m27-1,22943,Karl,Brooks,Karl Brooks,DT,Green Bay Packers,Packers,26,75,296,Bowling Green St.,3,94,8,5,2000,70,Speed Rusher - DT,Launch Ratings,1,,,,,,,,79,67,74,19,75,15,14,41,44,47,38,66,86,84,93,26,73,9,10,10,28,22,45,45,45,7,73,75,27,73,11,5,6,12,45,45,45,Default Stride Awkward,37,70,23,75,24,84,77,6,7,8,6,23,14,79,26,30
m27-1,15073,KeAndre,Lambert-Smith,KeAndre Lambert-Smith,WR,Los Angeles Chargers,Chargers,24,73,182,Auburn,1,84,16,10,2001,70,Slot - WR,Launch Ratings,1,,,,,,,,94,92,65,78,33,33,71,75,80,95,78,28,33,32,91,72,83,30,22,74,26,57,21,30,20,20,46,28,30,41,68,70,71,73,23,23,40,Default Stride Loose,77,93,70,85,49,60,44,25,19,13,16,21,35,84,44,66
m27-1,16191,Kendrick,Law,Kendrick Law,WR,Detroit Lions,Lions,22,71,203,Kentucky,0,88,13,6,2004,70,Deep Threat - WR,Launch Ratings,1,,,,,,,,92,92,55,82,22,25,76,72,80,90,78,21,23,39,89,81,92,30,33,77,30,18,24,28,30,23,29,19,20,22,71,68,69,69,37,34,49,Default,77,91,75,83,60,66,24,15,18,22,26,31,24,89,55,20
m27-1,13441,Kentavius,Street,Kentavius Street,DT,Chicago Bears,Bears,30,74,315,N.C. State,8,93,8,5,1996,70,Power Rusher - DT,Launch Ratings,1,,,,,,,,79,71,69,41,74,12,26,49,45,56,37,72,82,84,89,41,79,15,16,12,33,25,45,45,45,6,66,63,21,75,35,27,31,35,45,45,45,Long Stride Loose,40,76,32,81,42,89,78,6,6,6,6,26,11,86,42,30
m27-1,1108,Khristian,Boyd,Khristian Boyd,DT,New Orleans Saints,Saints,26,74,320,Northern Iowa,2,97,23,2,2000,70,Speed Rusher - DT,Launch Ratings,1,,,,,,,,69,55,67,10,76,12,10,40,30,50,10,67,80,86,88,10,71,21,26,15,25,12,45,45,47,6,68,69,10,76,12,6,10,15,45,45,45,Default Stride Awkward,12,63,10,83,32,88,82,6,6,6,6,29,10,89,28,20
m27-1,15100,Lajohntay,Wester,Lajohntay Wester,WR,Baltimore Ravens,Ravens,24,70,170,Colorado,1,10,29,3,2002,70,Deep Threat - WR,Launch Ratings,1,,,,,,,,91,88,63,81,26,21,71,68,79,92,82,22,21,34,91,74,79,21,20,80,21,66,10,18,20,21,34,19,24,24,71,72,73,75,12,12,41,Default Stride Loose,83,90,71,87,40,62,28,16,15,15,17,15,31,90,39,22
m27-1,21545,Larry,Borom,Larry Borom,RT,Detroit Lions,Lions,27,77,333,Missouri,5,79,30,3,1999,70,Pass Protector - OT,Launch Ratings,1,,,,,,,,67,50,82,10,28,12,5,26,24,38,10,10,31,83,89,10,76,12,21,10,75,12,74,79,76,6,10,10,10,16,12,5,5,10,73,68,71,Default Stride Awkward,12,66,10,86,25,83,28,6,6,6,6,25,14,86,26,15
m27-1,15334,Lathan,Ransom,Lathan Ransom,SS,Carolina Panthers,Panthers,24,72,203,Ohio State,1,22,16,7,2002,70,Zone - S,Launch Ratings,1,,,,,,,,91,83,70,66,53,14,54,61,69,80,58,36,82,53,80,65,87,16,19,43,25,63,35,35,35,6,67,37,62,77,33,25,30,35,35,35,35,Default Stride Loose,61,86,58,89,44,66,73,6,6,6,6,24,12,81,47,71
m27-1,21121,Leki,Fotu,Leki Fotu,DT,NY Giants,Giants,28,77,334,Utah,6,90,23,8,1998,70,Power Rusher - DT,Launch Ratings,1,,,,,,,,67,60,73,33,74,12,27,42,36,53,23,55,82,89,89,23,74,15,15,40,43,13,45,45,45,6,74,68,14,76,12,12,14,18,45,45,45,Long Stride Loose,22,71,19,82,31,88,78,6,6,6,6,19,10,91,46,24
m27-1,1097,Logan,Lee,Logan Lee,DT,Pittsburgh Steelers,Steelers,26,77,286,Iowa,2,91,12,6,2000,70,Power Rusher - DT,Launch Ratings,1,,,,,,,,73,78,70,26,75,12,20,38,40,69,24,68,81,81,90,19,77,10,16,10,18,17,45,45,45,6,68,73,21,79,13,3,7,12,45,45,45,Default Stride Awkward,23,71,14,84,30,83,81,6,6,6,6,23,10,88,32,26
m27-1,22825,Luke,Musgrave,Luke Musgrave,TE,Green Bay Packers,Packers,25,78,253,Oregon State,3,88,2,9,2000,70,Vertical Threat - TE,Launch Ratings,1,,,,,,,,90,82,65,66,50,13,56,73,85,71,74,47,50,67,86,58,86,14,18,15,58,14,54,58,58,6,38,43,24,46,62,64,62,66,61,59,61,Long Stride Default,77,89,50,82,60,75,60,6,10,15,10,23,15,86,63,23
m27-1,10250,Luke,Wysong,Luke Wysong,WR,Minnesota Vikings,Vikings,23,70,186,Arizona,0,17,29,5,2003,70,Deep Threat - WR,Launch Ratings,1,,,,,,,,93,90,54,79,29,27,73,76,78,88,77,23,28,38,87,80,89,29,34,80,25,22,18,20,28,28,28,21,25,31,72,71,74,72,25,22,45,Short Stride Default,76,93,74,82,52,56,31,20,24,28,27,38,29,86,42,26
m27-1,13143,M.J.,Stewart Jr,M.J. Stewart Jr,SS,Houston Texans,Texans,30,71,200,North Carolina,8,29,16,9,1995,70,Zone - S,Launch Ratings,1,,,,,,,,87,83,68,63,55,17,56,63,66,78,63,40,76,58,86,74,84,11,10,76,14,68,35,35,35,6,70,32,81,78,20,10,15,25,35,35,35,Default Stride Loose,64,87,63,90,37,66,66,6,6,6,6,25,10,86,36,75
m27-1,1867,Malik,Muhammad,Malik Muhammad,CB,Chicago Bears,Bears,21,72,182,Texas,0,24,14,9,2004,70,Manto Man - CB,Launch Ratings,1,,,,,,,,93,85,66,68,46,13,51,60,64,88,60,34,61,46,84,70,92,17,19,57,16,68,35,35,35,6,68,32,70,72,42,35,38,42,35,35,35,Default Stride Loose,62,92,66,87,38,58,58,6,6,6,6,27,10,85,35,67
m27-1,23262,Marte,Mapu,Marte Mapu,SAM,Houston Texans,Texans,26,75,230,Sacramento State,3,14,8,11,1999,70,Pass Coverage - OLB,Launch Ratings,1,,,,,,,,88,83,68,72,64,50,62,63,73,80,62,58,85,64,88,67,82,21,22,45,34,70,35,35,35,35,66,41,66,81,44,34,38,42,35,35,35,Default Stride Loose,64,88,63,87,55,68,81,39,41,46,46,54,31,84,55,68
m27-1,1356,Mason,Tipton,Mason Tipton,WR,New Orleans Saints,Saints,25,70,182,Yale,2,15,27,9,2000,70,Deep Threat - WR,Launch Ratings,1,,,,,,,,92,82,68,79,33,27,75,74,80,86,76,10,31,48,93,77,88,12,18,78,30,17,25,27,35,30,18,10,17,37,68,74,73,72,28,26,43,Short Stride Loose,78,94,65,84,56,59,30,23,27,33,31,35,22,86,47,21
m27-1,1384,Matthew,Hayball,Matthew Hayball,P,Atlanta Falcons,Falcons,29,72,189,Vanderbilt,2,39,12,3,1997,70,Power - KP,Launch Ratings,0,,,,,,,,72,63,53,28,28,21,14,47,38,55,18,10,33,22,84,18,64,77,91,10,16,18,17,19,20,18,24,10,13,24,12,12,12,12,18,18,20,Default Stride Awkward,14,74,22,82,16,51,29,26,32,37,26,39,18,72,21,26
m27-1,16390,Max,Klare,Max Klare,TE,Los Angeles Rams,Rams,23,77,246,Ohio State,0,86,8,7,2003,70,Possession - TE,Launch Ratings,1,,,,,,,,85,84,66,70,47,25,68,67,78,82,78,29,45,66,90,70,83,28,33,31,57,32,56,57,58,24,34,35,28,49,70,59,65,72,59,57,59,Default,77,84,65,86,64,74,40,12,15,21,25,29,23,86,64,36
m27-1,22931,Mazi,Smith,Mazi Smith,DT,NY Jets,Jets,25,75,337,Michigan,3,58,16,6,2001,70,Power Rusher - DT,Launch Ratings,1,,,,,,,,77,76,66,22,72,9,21,31,33,66,25,55,86,88,92,15,73,12,13,10,33,12,40,40,40,6,63,70,15,73,15,6,10,15,45,45,45,Default Stride Awkward,24,74,15,72,44,89,82,5,6,7,6,22,7,88,31,14
m27-1,14846,Mekhi,Wingo,Mekhi Wingo,DT,Detroit Lions,Lions,23,73,288,LSU,2,94,17,4,2003,70,Speed Rusher - DT,Launch Ratings,1,,,,,,,,86,73,66,15,76,12,10,40,45,66,36,67,82,86,86,10,77,25,35,10,20,15,45,45,45,6,64,72,10,79,12,2,3,10,45,45,45,Default Stride Awkward,39,77,10,86,47,79,83,6,6,6,6,27,16,89,50,20
m27-1,16225,Michael,Taaffe,Michael Taaffe,FS,Miami Dolphins,Dolphins,23,72,190,Texas,0,31,18,2,2003,70,Zone - S,Launch Ratings,1,,,,,,,,91,88,68,64,57,18,52,54,66,87,64,47,72,59,89,68,83,25,27,65,22,68,35,35,35,6,65,38,63,75,39,35,42,45,35,35,35,Default Stride High and Tight,61,89,56,90,40,61,64,6,6,6,6,27,12,91,58,73
m27-1,1868,Mike,Washington Jr.,Mike Washington Jr.,HB,Las Vegas Raiders,Raiders,23,73,223,Arkansas,0,30,3,7,2003,70,Elusive Back - HB,Launch Ratings,1,,,,,,,,93,85,74,79,26,23,77,82,65,77,50,18,22,32,91,75,91,24,26,67,28,20,26,25,47,22,22,22,23,29,43,41,47,55,25,20,29,Default,50,94,72,84,74,72,23,10,15,20,23,27,20,92,82,25
m27-1,14871,Mohamed,Kamara,Mohamed Kamara,LEDG,Tampa Bay Buccaneers,Buccaneers,26,73,253,Colorado St.,2,59,9,6,2000,70,Smaller Speed Rusher - DE,Launch Ratings,1,,,,,,,,91,72,70,45,73,17,30,30,25,64,20,71,76,79,90,50,83,17,20,10,30,41,35,35,35,7,69,69,37,77,16,5,6,10,40,40,40,Default,25,87,45,78,33,73,76,6,8,10,8,25,13,83,40,46
m27-1,22980,Mohamoud,Diabate,Mohamoud Diabate,WILL,Tennessee Titans,Titans,25,76,225,Utah,3,44,18,5,2001,70,Run Stopper - OLB,Launch Ratings,1,,,,,,,,86,79,72,42,69,12,34,47,49,76,45,69,88,68,90,55,82,16,15,10,28,53,35,35,35,6,70,62,41,82,23,7,9,15,45,45,45,Default Stride High and Tight,45,87,48,83,35,69,81,6,6,6,6,26,12,84,45,60
m27-1,21253,Mykal,Walker,Mykal Walker,WILL,NY Jets,Jets,29,75,230,Fresno State,6,43,28,8,1997,70,Run Stopper - OLB,Launch Ratings,1,,,,,,,,86,79,73,53,66,12,44,47,68,73,42,63,84,76,91,60,80,14,17,10,24,59,45,45,47,6,72,56,42,81,20,20,25,33,45,45,47,Default Stride Loose,52,86,51,87,52,72,81,6,6,6,6,25,15,88,40,66
m27-1,20484,Nick,Moore,Nick Moore,LS,Baltimore Ravens,Ravens,33,74,260,Georgia,6,46,9,12,1992,70,Accurate - LS,Launch Ratings,1,,,,,,,,73,73,64,48,43,18,20,68,70,66,52,24,53,56,88,48,74,24,25,10,53,36,40,50,54,10,42,19,33,58,44,38,43,48,35,40,51,Default Stride Loose,58,70,41,82,42,70,57,10,10,10,10,39,10,83,34,42
m27-1,16401,Nick,Barrett,Nick Barrett,DT,Los Angeles Chargers,Chargers,23,75,327,South Carolina,0,91,28,7,2003,70,Speed Rusher - DT,Launch Ratings,1,,,,,,,,81,53,67,24,75,12,14,40,22,50,24,64,80,83,88,24,77,25,18,10,28,27,45,45,45,6,65,73,21,75,28,2,12,18,45,45,45,Default Stride Awkward,24,69,24,76,46,89,81,6,6,6,6,28,10,87,47,20
m27-1,22450,Percy,Butler,Percy Butler,FS,Washington Commanders,Commanders,26,72,191,UL Lafayette,4,35,29,5,2000,70,Hybrid - S,Launch Ratings,1,,,,,,,,95,83,72,58,51,19,46,59,60,83,53,37,77,48,87,72,84,15,20,35,21,72,34,34,34,7,72,30,60,73,26,26,31,35,34,34,34,Default Stride Loose,57,91,65,88,33,57,58,10,13,16,16,26,8,73,36,69
m27-1,15336,R.J.,Mickens,R.J. Mickens,FS,Los Angeles Chargers,Chargers,25,72,210,Clemson,1,27,10,7,2001,70,Zone - S,Launch Ratings,1,,,,,,,,91,81,67,63,53,14,51,60,66,80,56,35,76,50,90,61,95,15,19,42,25,68,35,35,35,6,63,36,69,76,31,24,28,33,35,35,35,Default Stride Loose,60,89,55,88,41,63,65,6,6,6,6,24,12,90,43,74
m27-1,16340,Reggie,Virgil,Reggie Virgil,WR,Arizona Cardinals,Cardinals,22,75,187,Texas Tech,0,82,14,5,2004,70,Deep Threat - WR,Launch Ratings,1,,,,,,,,91,88,58,79,35,34,75,72,78,85,79,28,37,44,91,80,87,28,29,56,28,29,21,28,29,32,34,25,30,43,73,77,75,71,34,30,49,Long Stride Default,79,89,72,83,61,59,39,25,28,31,33,49,33,91,47,33
m27-1,21644,Robert,Jones,Robert Jones,RG,San Francisco 49ers,49ers,27,76,325,Mid Tenn St.,5,65,28,1,1999,70,Power - G,Launch Ratings,1,,,,,,,,67,48,80,40,35,12,32,37,24,52,10,10,42,84,89,20,76,20,22,10,80,10,70,72,71,6,10,15,10,27,12,5,5,10,74,72,73,Long Stride Awkward,12,64,15,77,32,88,32,6,6,6,6,15,13,83,34,11
m27-1,15181,Sai'vion,Jones,Sai'vion Jones,DT,Denver Broncos,Broncos,23,77,289,LSU,1,95,3,7,2003,70,Power Rusher - DT,Launch Ratings,1,,,,,,,,88,79,75,33,74,12,27,38,29,68,17,68,79,83,89,38,80,21,21,32,26,25,45,45,45,15,71,71,30,78,14,7,8,15,45,45,45,Long Stride Loose,17,81,31,78,37,80,76,9,10,18,10,24,15,88,27,33
m27-1,15063,Savion,Williams,Savion Williams,WR,Green Bay Packers,Packers,24,76,222,TCU,1,83,22,11,2001,70,Slot - WR,Launch Ratings,1,,,,,,,,90,86,75,85,42,44,75,75,79,84,83,36,40,41,88,78,89,32,26,73,27,35,14,21,24,41,29,33,22,41,69,66,68,69,29,30,45,Long Stride Default,82,90,72,89,57,71,26,49,48,47,50,55,39,82,59,37
m27-1,20739,Scott,Miller,Scott Miller,WR,Chicago Bears,Bears,29,69,174,Bowling Green St.,7,35,31,7,1997,70,Deep Threat - WR,Launch Ratings,1,,,,,,,,91,84,64,76,24,23,66,72,84,89,80,10,18,36,86,76,82,13,17,74,18,19,11,10,26,19,24,10,18,36,67,74,71,72,8,12,43,Short Stride Default,81,93,69,84,48,54,27,18,30,35,30,35,24,80,30,26
m27-1,22443,Sean,Rhyan,Sean Rhyan,C,Green Bay Packers,Packers,25,77,321,UCLA,4,75,15,9,2000,70,Power - C,Launch Ratings,1,,,,,,,,72,65,76,31,25,19,27,45,35,58,30,10,42,87,86,14,83,22,26,10,76,10,71,76,73,5,21,10,10,35,15,10,14,18,76,74,75,Default Stride Awkward,28,63,15,79,39,84,43,12,15,21,7,28,5,82,31,10
m27-1,21889,T.J.,Slaton,T.J. Slaton,DT,Cincinnati Bengals,Bengals,28,77,340,Florida,5,98,3,10,1997,70,Power Rusher - DT,Launch Ratings,1,,,,,,,,76,58,65,16,74,12,14,24,22,53,13,61,77,88,90,16,72,15,15,30,53,13,53,55,52,6,66,73,14,77,12,3,5,10,54,61,58,Long Stride Awkward,13,68,13,74,26,87,85,6,6,6,6,15,10,88,35,18
m27-1,14936,T.J.,Tampa,T.J. Tampa,CB,Baltimore Ravens,Ravens,24,74,200,Iowa State,2,27,13,3,2002,70,Manto Man - CB,Launch Ratings,1,,,,,,,,88,86,68,71,51,24,66,62,73,87,67,43,72,56,93,70,91,15,20,68,25,71,10,12,15,21,72,35,75,69,53,47,51,54,20,20,25,Default Stride Loose,71,88,66,86,45,60,54,23,32,33,22,40,11,85,44,70
m27-1,14922,Tatum,Bethune,Tatum Bethune,MIKE,San Francisco 49ers,49ers,25,72,227,Florida State,2,48,19,2,2001,70,Field General - MLB,Launch Ratings,1,,,,,,,,87,83,73,58,67,24,40,55,67,76,55,64,80,68,92,64,75,14,16,45,34,63,25,25,30,11,73,54,63,82,23,10,10,15,35,35,42,Default Stride Loose,60,81,58,82,50,67,81,21,23,31,22,20,13,85,50,69
m27-1,21596,Terrace,Marshall Jr,Terrace Marshall Jr,WR,Miami Dolphins,Dolphins,26,74,200,LSU,5,86,9,6,2000,70,Deep Threat - WR,Launch Ratings,1,,,,,,,,87,83,70,79,28,21,78,74,83,82,81,10,25,46,87,78,91,15,19,45,25,12,17,20,32,6,15,10,17,32,73,73,74,76,20,26,55,Default,82,89,73,84,58,67,27,10,15,20,15,26,17,82,57,17
m27-1,15105,Terrance,Ferguson,Terrance Ferguson,TE,Los Angeles Rams,Rams,23,77,247,Oregon,1,18,7,3,2003,70,Vertical Threat - TE,Launch Ratings,1,,,,,,,,87,78,73,76,46,32,70,76,79,68,76,45,33,65,90,61,92,21,36,27,55,39,53,55,55,28,37,41,22,48,70,56,62,68,59,54,57,Long Stride Default,80,85,53,87,71,73,39,18,11,10,25,29,21,89,69,46
m27-1,22488,Theo,Jackson,Theo Jackson,FS,Minnesota Vikings,Vikings,27,73,205,Tennessee,4,26,2,10,1998,70,Zone - S,Launch Ratings,1,,,,,,,,91,76,73,53,58,15,45,55,65,80,43,48,74,63,90,65,88,15,15,40,20,63,35,35,35,6,70,44,67,74,24,10,10,10,35,35,35,Default Stride Loose,57,90,60,87,44,58,67,6,6,6,6,25,10,83,44,69
m27-1,1265,Thomas,Harper,Thomas Harper,SS,Detroit Lions,Lions,25,70,195,Notre Dame,2,12,5,11,2000,70,Hybrid - S,Launch Ratings,1,,,,,,,,94,80,65,69,44,22,52,59,57,81,64,42,55,47,77,67,91,15,20,45,21,73,35,35,35,16,64,36,66,73,20,15,18,22,35,35,35,Short Stride Default,61,89,60,89,42,60,68,10,15,20,27,25,22,84,42,71
m27-1,14908,Tommy,Eichenberg,Tommy Eichenberg,WILL,Las Vegas Raiders,Raiders,25,74,233,Ohio State,2,44,11,1,2001,70,Run Stopper - OLB,Launch Ratings,1,,,,,,,,84,81,64,45,74,26,33,55,58,77,50,52,80,79,91,61,79,22,21,10,45,60,35,35,40,11,69,66,45,86,17,6,10,20,40,40,45,Short Stride Loose,52,78,55,84,54,75,80,11,21,25,14,35,14,93,49,55
m27-1,16280,Travis,Burke,Travis Burke,RT,Los Angeles Chargers,Chargers,23,81,315,Memphis,0,77,6,1,2003,70,Power - OT,Launch Ratings,1,,,,,,,,71,60,70,13,42,12,17,28,21,53,17,37,42,82,83,10,68,12,10,10,81,14,72,77,75,6,19,35,10,43,17,5,5,16,78,75,77,Long Stride Awkward,19,67,10,88,11,86,38,6,6,6,6,16,12,82,28,11
m27-1,23270,Tre,Hawkins III,Tre Hawkins III,CB,Washington Commanders,Commanders,26,75,195,Old Dominion,3,46,1,8,2000,70,Manto Man - CB,Launch Ratings,1,,,,,,,,94,91,66,67,55,21,62,55,70,87,59,43,67,47,91,73,89,22,24,55,23,67,34,34,34,6,65,32,72,73,43,35,37,40,35,35,35,Default Stride Loose,66,92,66,86,52,63,60,6,6,6,11,30,13,80,44,66
m27-1,22194,Troy,Andersen,Troy Andersen,MIKE,Atlanta Falcons,Falcons,27,76,245,Montana State,4,44,23,4,1999,70,Field General - MLB,Launch Ratings,1,,,,,,,,93,86,76,76,68,63,71,76,67,84,58,45,84,79,85,65,86,21,24,10,59,54,52,54,53,53,72,40,55,80,37,24,30,35,57,54,56,Long Stride Default,57,90,55,85,58,68,81,44,46,51,55,53,39,86,63,58
m27-1,10200,Tyre,West,Tyre West,LEDG,Detroit Lions,Lions,23,74,283,Tennessee,0,52,18,1,2003,70,Power Rusher - DE,Launch Ratings,1,,,,,,,,82,71,63,49,79,20,46,50,35,53,31,62,84,81,91,31,80,20,27,28,49,17,45,45,45,27,63,69,27,80,16,10,15,17,45,45,45,Long Stride Loose,31,78,31,74,46,83,82,10,18,17,18,21,15,85,39,23
m27-1,16315,Will,Lee III,Will Lee III,CB,Carolina Panthers,Panthers,23,74,189,Texas AM,0,24,9,4,2003,70,Manto Man - CB,Launch Ratings,1,,,,,,,,92,89,65,65,49,11,59,60,63,87,58,37,59,45,87,71,94,14,16,52,15,73,35,35,35,6,67,37,72,68,41,40,43,46,35,35,35,Default Stride Loose,67,88,65,87,35,62,57,6,6,6,6,26,10,84,34,65
m27-1,10202,Zach,Durfee,Zach Durfee,LEDG,Jacksonville Jaguars,Jaguars,24,77,258,Washington,0,58,5,10,2001,70,Smaller Speed Rusher - DE,Launch Ratings,1,,,,,,,,86,83,63,37,70,20,40,52,36,71,35,73,78,72,83,35,89,20,27,28,26,24,45,45,45,24,62,67,35,78,17,10,15,17,45,45,45,Long Stride Loose,35,86,35,80,37,77,78,15,20,22,17,19,27,83,37,31
m27-1,14711,Zak,Zinter,Zak Zinter,LG,Cleveland Browns,Browns,25,78,315,Michigan,2,70,17,4,2001,70,Power - G,Launch Ratings,1,,,,,,,,65,54,74,21,39,12,22,40,22,49,21,28,50,84,79,16,65,11,15,10,81,8,70,74,72,6,31,41,10,35,15,5,7,15,74,72,73,Long Stride Awkward,15,63,14,82,30,88,44,6,7,9,9,21,10,96,30,9
m27-1,4723,Zavier,Scott,Zavier Scott,HB,Minnesota Vikings,Vikings,27,73,219,Maine,2,36,17,7,1999,70,Elusive Back - HB,Launch Ratings,1,,,,,,,,92,84,69,78,28,24,76,87,72,86,60,25,30,34,89,79,85,15,17,76,29,16,25,30,55,21,14,19,25,33,60,59,62,67,25,30,35,Default,60,89,72,86,68,74,31,12,17,20,22,30,11,85,67,23
m27-1,13804,Aaron,Stinnie,Aaron Stinnie,LG,NY Giants,Giants,32,75,312,J. Madison,8,64,18,2,1994,69,Pass Protector - G,Launch Ratings,1,,,,,,,,61,60,82,10,20,12,5,20,35,49,10,10,12,77,83,10,68,12,16,10,79,12,79,71,75,6,10,10,10,23,12,5,5,10,67,75,71,Default Stride Awkward,12,69,10,82,10,83,29,6,6,6,6,21,10,86,15,12
m27-1,22928,Adetomiwa,Adebawore,Adetomiwa Adebawore,DT,Indianapolis Colts,Colts,25,74,282,Northwestern,3,95,4,3,2001,69,Power Rusher - DT,Launch Ratings,1,,,,,,,,92,79,69,24,71,15,12,35,30,73,24,67,79,81,92,41,88,21,25,10,25,19,40,40,40,7,69,75,24,75,14,5,6,13,45,45,45,Default Stride High and Tight,26,89,37,75,32,84,69,6,10,14,7,21,5,88,33,25
m27-1,14664,Ainias,Smith,Ainias Smith,WR,Carolina Panthers,Panthers,25,69,176,Texas AM,2,80,31,5,2001,69,Slot - WR,Launch Ratings,1,,,,,,,,91,89,49,82,31,16,74,75,81,87,80,10,27,39,86,81,85,13,19,81,27,24,20,15,25,15,24,10,23,38,69,72,73,75,28,20,43,Short Stride Loose,80,87,76,86,52,60,32,10,10,15,15,26,18,83,51,30
m27-1,15019,Anthony,Gould,Anthony Gould,WR,Indianapolis Colts,Colts,25,68,174,Oregon State,2,6,6,4,2001,69,Deep Threat - WR,Launch Ratings,1,,,,,,,,95,86,58,74,16,16,67,67,78,89,78,10,14,33,87,72,89,13,19,82,21,10,18,12,24,15,17,10,14,23,70,73,72,71,22,16,31,Short Stride Default,78,94,64,80,31,47,20,10,10,15,15,26,18,81,27,16
m27-1,16318,Barion,Brown,Barion Brown,WR,New Orleans Saints,Saints,22,71,177,LSU,0,19,12,12,2003,69,Deep Threat - WR,Launch Ratings,1,,,,,,,,91,87,65,80,23,22,71,69,76,85,76,22,24,37,88,79,82,24,27,85,27,17,20,25,25,24,26,20,19,24,68,72,70,68,23,21,45,Default,82,92,72,86,52,56,26,19,23,28,21,30,18,85,43,18
m27-1,15246,Barrett,Carter,Barrett Carter,MIKE,Cincinnati Bengals,Bengals,23,72,231,Clemson,1,49,23,10,2002,69,Field General - MLB,Launch Ratings,1,,,,,,,,90,76,71,57,67,22,43,68,61,76,53,61,80,72,87,61,83,18,22,10,28,57,45,45,45,6,69,54,46,83,28,24,27,30,45,45,45,Default Stride Loose,55,85,55,87,51,72,81,6,6,6,6,23,12,88,47,63
m27-1,14682,Ben,Sinnott,Ben Sinnott,TE,Washington Commanders,Commanders,24,76,250,Kansas State,2,82,14,6,2002,69,Vertical Threat - TE,Launch Ratings,1,,,,,,,,89,88,64,76,50,23,70,74,79,78,76,45,58,62,90,70,90,18,23,28,56,33,57,52,57,10,40,54,31,55,67,55,62,68,58,52,59,Long Stride Default,77,83,67,82,68,70,55,5,10,15,10,26,15,86,72,46
m27-1,15304,Bilhal,Kone,Bilhal Kone,CB,Baltimore Ravens,Ravens,24,73,190,W. Michigan,1,31,3,3,2002,69,Manto Man - CB,Launch Ratings,1,,,,,,,,92,87,66,70,45,30,44,54,69,82,54,25,51,46,87,72,84,27,22,82,23,70,35,25,35,19,65,26,70,72,27,16,17,18,35,25,35,Default,65,91,64,88,39,58,58,24,27,24,18,29,31,88,28,66
m27-1,16367,Billy,Schrauth,Billy Schrauth,LG,Tampa Bay Buccaneers,Buccaneers,22,77,310,Notre Dame,0,75,9,9,2003,69,Power - G,Launch Ratings,1,,,,,,,,69,61,68,11,27,10,10,22,25,52,13,37,28,82,83,10,71,23,21,10,77,15,73,74,73,6,28,36,10,42,12,5,5,13,72,73,75,Long Stride Awkward,25,64,10,81,19,87,35,6,6,6,6,17,12,85,28,15
m27-1,28422,Bo,Richter,Bo Richter,REDG,Minnesota Vikings,Vikings,26,73,248,Air Force,2,98,13,8,2000,69,Smaller Speed Rusher - DE,Launch Ratings,1,,,,,,,,92,81,57,26,69,12,15,32,44,72,20,71,78,77,86,33,88,24,25,10,11,42,45,45,45,6,56,58,34,79,25,5,5,15,45,45,45,Default,20,87,28,81,28,72,78,6,6,6,6,27,13,84,27,49
m27-1,15173,Bradyn,Swinson,Bradyn Swinson,LEDG,New England Patriots,Patriots,24,76,255,LSU,1,43,4,7,2002,69,Smaller Speed Rusher - DE,Launch Ratings,1,,,,,,,,88,78,60,32,72,23,28,40,30,70,15,73,78,84,86,40,85,20,27,32,27,39,45,45,45,25,58,70,33,77,13,7,8,15,45,45,45,Long Stride Loose,15,84,38,75,39,82,77,8,16,13,16,8,21,87,30,49
m27-1,22426,Brock,Hoffman,Brock Hoffman,RG,Pittsburgh Steelers,Steelers,27,76,302,Virginia Tech,4,67,2,7,1999,69,Power - G,Launch Ratings,1,,,,,,,,71,60,74,10,29,13,5,35,21,57,10,25,34,81,92,10,70,10,14,10,82,9,72,77,75,5,31,35,10,34,12,5,5,10,75,71,73,Default Stride Awkward,12,60,10,75,10,81,32,5,6,7,6,22,5,77,15,9
m27-1,16383,Bryce,Boettcher,Bryce Boettcher,MIKE,Indianapolis Colts,Colts,24,73,230,Oregon,0,50,8,7,2002,69,Field General - MLB,Launch Ratings,1,,,,,,,,89,78,71,44,67,45,34,55,57,77,54,62,80,77,88,57,83,16,16,19,23,66,41,41,51,38,69,57,45,81,13,15,20,25,55,55,46,Default Stride Loose,55,87,38,86,42,74,79,41,43,45,32,51,36,87,45,64
m27-1,22927,Byron,Young,Byron Young,DT,Philadelphia Eagles,Eagles,25,75,297,Alabama,3,94,10,11,2000,69,Power Rusher - DT,Launch Ratings,1,,,,,,,,81,59,69,21,75,12,15,40,37,49,22,57,79,78,93,29,66,11,14,10,24,15,35,35,35,8,70,68,25,76,29,5,7,10,40,40,40,Default Stride Awkward,23,71,25,76,35,82,80,6,6,7,9,10,10,82,25,23
m27-1,1070,Caedan,Wallace,Caedan Wallace,RG,New England Patriots,Patriots,26,77,314,Penn State,2,70,18,4,2000,69,Agile - G,Launch Ratings,1,,,,,,,,76,59,78,30,30,7,20,25,35,49,21,45,45,82,89,16,76,15,17,10,77,11,72,68,71,7,20,50,12,27,25,21,22,24,72,70,75,Long Stride Awkward,22,67,15,85,31,87,44,11,12,13,6,21,7,89,32,11
m27-1,16398,Caullin,Lacy,Caullin Lacy,WR,NY Jets,Jets,24,69,183,Louisville,0,35,22,12,2001,69,Slot - WR,Launch Ratings,1,,,,,,,,90,87,61,83,28,34,76,73,82,86,76,20,24,40,90,82,83,24,27,83,28,19,25,36,24,29,21,20,27,25,71,70,72,70,21,24,48,Long Stride Loose,77,87,77,86,57,60,23,35,38,46,45,49,36,89,47,22
m27-1,14876,Cedric,Johnson,Cedric Johnson,REDG,Cincinnati Bengals,Bengals,23,75,264,Ole Miss,2,52,6,9,2002,69,Smaller Speed Rusher - DE,Launch Ratings,1,,,,,,,,89,69,68,26,74,12,20,38,43,66,26,72,75,81,88,19,90,10,16,10,18,40,45,45,45,6,67,68,21,77,13,3,7,12,45,45,45,Long Stride Default,28,85,14,78,30,79,76,6,6,6,6,23,10,82,32,46
m27-1,22186,Chad,Muma,Chad Muma,SAM,New England Patriots,Patriots,27,75,239,Wyoming,4,49,18,8,1999,69,Run Stopper - OLB,Launch Ratings,1,,,,,,,,88,85,71,63,61,21,36,63,66,76,61,46,82,70,91,48,93,18,22,10,24,61,45,45,45,11,68,48,42,84,15,10,14,21,45,45,45,Default,59,84,40,88,37,76,82,10,10,15,17,21,12,79,32,62
m27-1,21477,Charles,Snowden,Charles Snowden,LEDG,Dallas Cowboys,Cowboys,28,79,250,Virginia,5,49,27,3,1998,69,Smaller Speed Rusher - DE,Launch Ratings,1,,,,,,,,85,82,62,55,72,12,47,56,64,71,59,74,72,81,85,63,82,14,19,10,20,50,45,45,45,6,66,68,35,79,47,33,36,40,45,45,45,Long Stride Default,60,82,58,81,53,69,79,6,6,6,6,25,12,75,54,56
m27-1,4707,Charles,Demmings,Charles Demmings,CB,Minnesota Vikings,Vikings,23,73,193,Stephen F. Austin,0,20,5,4,2003,69,Manto Man - CB,Launch Ratings,1,,,,,,,,92,82,63,68,47,17,55,59,64,86,65,37,54,42,87,74,94,13,15,60,19,69,35,35,35,6,66,34,69,70,41,37,42,47,35,35,35,Default Stride Loose,62,92,65,87,34,59,56,6,6,6,6,24,10,81,35,64
m27-1,21923,Chris,Rumph II,Chris Rumph II,REDG,New Orleans Saints,Saints,27,74,244,Duke,5,58,19,10,1998,69,Smaller Speed Rusher - DE,Launch Ratings,1,,,,,,,,87,79,63,27,73,12,17,40,36,73,25,73,77,75,89,37,80,16,15,10,19,37,45,45,45,6,60,60,33,79,23,7,9,15,45,45,45,Long Stride Loose,24,80,35,79,27,74,80,6,6,6,6,26,12,81,25,47
m27-1,1535,Chris,Smith,Chris Smith,DT,Detroit Lions,Lions,26,73,316,Notre Dame,3,90,15,12,1999,69,Power Rusher - DT,Launch Ratings,1,,,,,,,,74,75,54,35,74,12,23,28,34,61,20,58,79,82,88,25,76,26,30,10,35,19,45,45,45,6,54,72,15,76,15,5,5,10,45,45,45,Long Stride Loose,18,70,20,74,49,92,83,6,6,6,6,16,18,82,56,27
m27-1,15221,CJ,West,CJ West,DT,San Francisco 49ers,49ers,24,73,316,Indiana,1,99,12,6,2002,69,Power Rusher - DT,Launch Ratings,1,,,,,,,,77,64,67,22,79,19,23,40,19,53,18,62,76,83,88,20,80,16,24,28,24,13,45,45,45,12,66,75,12,76,17,12,15,17,45,45,45,Default Stride Awkward,18,74,20,81,34,84,75,8,10,15,17,25,14,88,29,16
m27-1,23343,Claudin,Cherelus,Claudin Cherelus,SAM,Carolina Panthers,Panthers,27,74,230,Alcorn St.,3,53,9,2,1999,69,Run Stopper - OLB,Launch Ratings,1,,,,,,,,85,70,73,55,67,29,42,57,50,71,45,41,79,69,93,61,87,15,20,15,15,45,45,45,45,37,75,46,47,84,12,6,12,22,45,45,45,Default Stride High and Tight,46,87,56,82,45,70,81,27,32,37,21,41,22,84,50,54
m27-1,22929,Colby,Wooden,Colby Wooden,DT,Indianapolis Colts,Colts,25,76,273,Auburn,3,96,21,12,2000,69,Power Rusher - DT,Launch Ratings,1,,,,,,,,87,68,72,36,73,12,35,35,28,66,23,72,85,74,92,42,76,8,11,10,44,24,40,40,40,8,73,68,10,75,14,9,11,15,45,45,45,Default Stride Bread Loaf,25,79,35,77,42,78,80,6,7,9,6,14,10,81,40,33
m27-1,16241,Connor,Lew,Connor Lew,C,Cincinnati Bengals,Bengals,21,76,310,Auburn,0,65,30,8,2005,69,Agile - C,Launch Ratings,1,,,,,,,,75,59,74,17,43,12,10,24,35,55,12,27,34,79,91,18,68,17,14,10,82,15,75,74,74,6,33,26,10,35,14,5,5,10,74,72,74,Default Stride Awkward,13,68,10,85,24,87,38,6,6,6,6,17,6,87,31,11
m27-1,23043,Darius,Rush,Darius Rush,CB,Washington Commanders,Commanders,26,74,198,South Carolina,3,29,22,2,2000,69,Manto Man - CB,Launch Ratings,1,,,,,,,,93,85,60,71,46,41,66,63,72,81,67,45,68,51,91,72,84,15,20,72,25,70,25,25,25,41,60,40,77,69,55,46,49,52,35,35,35,Long Stride Loose,71,93,66,89,45,53,49,38,41,43,52,50,31,80,48,69
m27-1,23086,Darrell,Luter Jr,Darrell Luter Jr,CB,San Francisco 49ers,49ers,26,72,190,South Alabama,3,28,24,4,2000,69,Zone - CB,Launch Ratings,1,,,,,,,,92,87,65,69,50,14,64,58,66,79,63,35,64,45,90,73,94,15,15,55,17,66,30,30,30,6,64,30,77,73,50,40,45,50,35,35,35,Default Stride Loose,68,90,67,88,42,50,64,5,6,8,7,10,13,81,36,71
m27-1,20350,David,Sills V,David Sills V,WR,Tampa Bay Buccaneers,Buccaneers,30,75,211,West Virginia,8,80,29,5,1996,69,Deep Threat - WR,Launch Ratings,1,,,,,,,,89,83,74,74,24,65,70,71,79,79,77,10,12,44,79,73,89,17,19,50,24,10,27,30,35,63,23,10,10,27,73,74,72,74,15,23,42,Long Stride Default,81,90,68,80,45,60,25,58,64,69,72,73,55,82,46,16
m27-1,10635,David,Walker,David Walker,LEDG,Tampa Bay Buccaneers,Buccaneers,26,73,263,Central Arkansas,1,51,3,6,2000,69,Power Rusher - DE,Launch Ratings,1,,,,,,,,85,79,71,55,71,22,42,58,60,70,53,65,79,75,87,59,84,20,24,10,27,56,45,45,45,6,69,72,44,81,28,23,26,30,45,45,45,Default Stride Loose,55,83,53,85,49,78,75,6,6,6,6,25,12,89,46,62
m27-1,1082,Decamerion,Richardson,Decamerion Richardson,CB,Las Vegas Raiders,Raiders,25,74,195,Mississippi St.,2,25,16,3,2001,69,Manto Man - CB,Launch Ratings,1,,,,,,,,92,85,57,65,52,10,62,52,55,86,47,33,62,51,90,71,84,12,11,59,14,66,22,23,31,13,55,26,75,75,33,26,31,36,25,24,35,Default Stride Loose,50,94,69,87,34,52,77,15,22,23,16,24,15,88,35,70
m27-1,1866,Deion,Burks,Deion Burks,WR,Indianapolis Colts,Colts,23,70,180,Oklahoma,0,80,8,1,2003,69,Deep Threat - WR,Launch Ratings,1,,,,,,,,94,81,48,82,31,40,75,73,77,87,78,21,30,38,79,81,93,27,24,62,25,34,25,27,28,20,30,24,35,39,71,71,73,73,31,29,48,Short Stride Default,82,95,74,82,58,64,35,15,18,23,20,32,21,81,54,32
m27-1,1351,Dell,Pettus,Dell Pettus,SS,New England Patriots,Patriots,25,71,200,Troy,2,24,2,6,2001,69,Hybrid - S,Launch Ratings,1,,,,,,,,91,83,67,68,56,22,53,65,67,79,61,44,73,58,92,69,81,12,19,45,25,69,35,35,35,7,66,33,64,77,40,27,32,36,35,35,35,Default Stride Loose,64,89,60,86,47,64,69,10,12,15,17,26,7,87,42,67
m27-1,23050,DeMarcco,Hellams,DeMarcco Hellams,FS,Atlanta Falcons,Falcons,26,73,203,Alabama,3,23,5,6,2000,69,Run Support - S,Launch Ratings,1,,,,,,,,92,76,69,74,63,42,67,68,71,74,65,49,84,64,91,73,76,15,25,67,35,65,35,35,35,21,67,45,71,75,52,47,49,55,35,35,35,Default Stride Loose,71,87,64,87,52,70,75,25,31,35,38,38,23,85,52,65
m27-1,12561,Deshaun,Watson,Deshaun Watson,QB,Cleveland Browns,Browns,30,75,223,Clemson,9,4,14,9,1995,69,Strong Arm - QB,Launch Ratings,1,,,,,,,,86,86,60,83,22,84,76,65,51,83,34,10,22,42,74,75,81,27,25,10,35,15,15,25,23,82,19,10,10,34,25,15,17,25,15,15,27,Default Stride Loose,52,84,76,88,58,69,34,74,78,81,81,88,77,88,62,20
m27-1,22181,Dominique,Robinson,Dominique Robinson,REDG,Houston Texans,Texans,28,77,275,Miami Univ.,4,97,2,7,1998,69,Smaller Speed Rusher - DE,Launch Ratings,1,,,,,,,,86,76,64,54,72,47,46,61,65,71,59,73,81,79,89,52,91,12,16,10,28,32,45,45,45,41,64,62,30,81,42,37,41,43,45,45,45,Long Stride Default,57,79,43,76,43,79,78,42,50,55,52,62,39,80,50,45
m27-1,1873,Eli,Heidenreich,Eli Heidenreich,HB,Pittsburgh Steelers,Steelers,23,72,198,Navy,0,29,28,7,2003,69,Elusive Back - HB,Launch Ratings,1,,,,,,,,93,90,49,81,40,32,76,91,73,85,67,33,42,47,93,80,86,31,36,66,47,31,28,30,47,26,38,34,37,49,57,55,62,69,40,39,47,Default Stride High and Tight,67,91,74,90,63,69,42,25,30,37,35,61,31,94,67,38
m27-1,22303,Eyioma,Uwazurike,Eyioma Uwazurike,DT,Denver Broncos,Broncos,28,78,320,Iowa State,4,96,6,5,1998,69,Power Rusher - DT,Launch Ratings,1,,,,,,,,67,64,73,25,76,10,19,32,31,54,23,66,73,88,91,15,80,18,25,15,35,13,45,45,45,6,72,73,11,77,26,15,18,22,45,45,45,Long Stride Awkward,22,61,12,69,35,83,82,6,6,6,6,19,8,92,45,14
m27-1,22101,Grant,Calcaterra,Grant Calcaterra,TE,Philadelphia Eagles,Eagles,27,76,240,SMU,4,81,4,12,1998,69,Vertical Threat - TE,Launch Ratings,1,,,,,,,,89,79,73,72,23,17,58,75,83,77,72,10,22,57,79,66,80,13,18,10,57,12,58,55,58,6,22,10,15,23,66,60,63,68,55,53,57,Long Stride Default,75,84,62,86,61,72,30,6,10,15,10,25,13,84,64,15
m27-1,13212,Ian,Thomas,Ian Thomas,TE,Las Vegas Raiders,Raiders,30,76,253,Indiana,8,80,6,6,1996,69,Vertical Threat - TE,Launch Ratings,1,,,,,,,,87,76,69,68,27,18,65,74,79,73,76,20,15,67,92,76,86,12,18,6,47,12,57,54,58,6,15,20,10,31,68,56,64,69,57,60,60,Long Stride Loose,75,82,56,88,70,68,31,19,22,27,14,31,13,85,68,14
m27-1,15098,Isaiah,Bond,Isaiah Bond,WR,Cleveland Browns,Browns,22,71,185,Texas,1,0,15,3,2004,69,Deep Threat - WR,Launch Ratings,1,,,,,,,,94,77,69,82,25,22,73,75,80,78,76,10,26,36,85,79,82,22,18,70,23,23,13,24,22,21,33,10,27,37,66,73,72,71,22,18,41,Short Stride Default,78,93,74,84,42,60,24,10,14,18,18,23,23,83,35,30
m27-1,22741,Israel,Abanikanda,Israel Abanikanda,HB,Dallas Cowboys,Cowboys,23,71,215,Pittsburgh,3,30,5,10,2002,69,Elusive Back - HB,Launch Ratings,1,,,,,,,,90,83,64,78,37,23,75,86,61,85,49,19,30,38,85,80,88,13,18,79,35,37,30,36,46,15,40,18,40,48,53,37,46,52,33,25,48,Default,46,92,76,83,62,67,43,10,15,20,16,24,14,82,61,45
m27-1,16317,Jager,Burton,Jager Burton,RG,Green Bay Packers,Packers,24,76,312,Kentucky,0,52,24,8,2002,69,Agile - G,Launch Ratings,1,,,,,,,,74,63,70,17,43,12,10,33,31,63,15,33,42,79,92,19,70,15,15,10,78,16,74,74,75,6,38,36,10,40,14,5,5,10,73,73,74,Long Stride Awkward,15,72,10,88,23,86,44,6,6,6,6,16,6,88,35,15
m27-1,4726,Jahdae,Walker,Jahdae Walker,WR,Chicago Bears,Bears,24,75,206,Texas AM,1,9,5,7,2002,69,Deep Threat - WR,Launch Ratings,1,,,,,,,,91,92,62,77,26,18,74,73,77,87,78,10,29,36,86,77,83,15,19,29,22,14,22,19,26,15,17,10,18,39,65,73,72,71,20,25,35,Default,78,91,71,82,52,60,30,10,15,20,12,28,17,83,46,19
m27-1,22821,Jake,Bobo,Jake Bobo,WR,Seattle Seahawks,Seahawks,28,76,207,UCLA,3,19,4,8,1998,69,Slot - WR,Launch Ratings,1,,,,,,,,86,80,73,82,25,22,72,74,85,77,84,11,28,45,91,70,88,18,17,32,27,10,19,21,31,6,15,11,22,33,69,70,72,74,24,28,49,Long Stride Default,85,85,65,88,61,62,33,6,10,15,10,31,19,91,55,10
m27-1,1372,Jalen,Sundell,Jalen Sundell,C,Seattle Seahawks,Seahawks,26,77,301,North Dakota St.,2,61,18,10,1999,69,Agile - C,Launch Ratings,1,,,,,,,,61,65,74,25,36,12,16,29,26,47,24,15,36,79,89,10,72,11,11,10,81,12,77,72,75,6,10,15,10,32,18,6,12,14,75,70,73,Long Stride Awkward,23,66,10,86,21,84,33,6,6,6,6,23,10,86,25,12
m27-1,22116,Jamaree,Salyer,Jamaree Salyer,LT,Miami Dolphins,Dolphins,26,76,325,Georgia,4,69,13,7,2000,69,Power - OT,Launch Ratings,1,,,,,,,,67,59,75,17,35,12,15,30,23,55,15,24,30,84,90,10,62,14,13,10,79,10,73,75,74,6,17,30,10,34,8,5,5,15,70,73,71,Default Stride Awkward,15,62,10,84,22,88,33,6,6,6,6,14,10,84,25,10
m27-1,14662,Jamari,Thrash,Jamari Thrash,WR,Cleveland Browns,Browns,25,72,188,Louisville,2,80,19,12,2000,69,Deep Threat - WR,Launch Ratings,1,,,,,,,,93,84,62,79,29,23,71,73,82,84,76,10,22,38,83,79,84,20,20,35,24,18,17,20,27,17,14,10,15,31,70,71,72,74,26,19,41,Short Stride Default,79,90,73,81,42,56,28,13,18,20,19,28,17,85,43,23
m27-1,21917,Jamin,Davis,Jamin Davis,WILL,Pittsburgh Steelers,Steelers,27,75,234,Kentucky,5,50,12,12,1998,69,Run Stopper - OLB,Launch Ratings,1,,,,,,,,92,83,63,44,68,12,21,52,68,73,44,69,79,80,89,36,91,20,20,10,18,49,45,45,23,6,60,58,44,83,12,5,9,18,45,45,29,Long Stride Loose,52,88,28,87,35,73,83,6,6,6,6,24,12,76,28,55
m27-1,14689,Jared,Wiley,Jared Wiley,TE,Kansas City Chiefs,Chiefs,25,78,249,TCU,2,12,2,11,2000,69,Vertical Threat - TE,Launch Ratings,1,,,,,,,,89,77,58,75,33,16,69,75,81,72,79,10,36,60,88,69,88,12,19,25,57,16,55,56,56,6,18,10,16,35,67,58,65,68,58,56,58,Long Stride Default,80,85,60,83,68,75,39,6,10,15,10,24,15,88,68,22
m27-1,15322,Jason,Marshall Jr,Jason Marshall Jr,CB,Miami Dolphins,Dolphins,23,72,204,Florida,1,33,6,9,2002,69,Manto Man - CB,Launch Ratings,1,,,,,,,,93,88,69,72,43,32,51,55,69,84,55,36,55,41,86,73,88,17,25,80,24,71,35,25,35,27,71,24,60,69,34,25,26,27,35,25,35,Default,64,89,65,89,43,60,52,19,10,16,12,23,18,86,32,66
m27-1,14896,Javon,Solomon,Javon Solomon,REDG,Buffalo Bills,Bills,25,73,247,Troy,2,56,17,1,2001,69,Smaller Speed Rusher - DE,Launch Ratings,1,,,,,,,,84,75,70,46,73,12,24,33,47,64,35,72,76,80,90,47,88,10,12,10,29,36,45,45,45,6,69,70,29,76,15,5,6,10,45,45,45,Default Stride Loose,37,82,41,80,37,77,79,6,6,6,6,22,15,81,39,40
m27-1,1344,Jaylen,McCollough,Jaylen McCollough,SS,Los Angeles Rams,Rams,25,72,211,Tennessee,2,2,12,10,2000,69,Zone - S,Launch Ratings,1,,,,,,,,88,77,73,69,56,16,50,66,75,75,60,45,73,60,92,73,80,11,14,47,20,68,30,30,30,13,72,39,67,73,42,29,32,35,35,35,35,Default Stride Loose,64,85,66,86,52,63,67,10,10,15,18,28,12,88,38,74
m27-1,22530,Jaylon,Jones,Jaylon Jones,CB,Chicago Bears,Bears,28,71,190,Ole Miss,4,33,14,10,1997,69,Zone - CB,Launch Ratings,1,,,,,,,,93,91,65,61,52,10,45,60,57,89,53,26,68,54,79,69,85,12,15,30,23,67,35,35,35,6,66,36,67,74,15,19,22,25,35,35,35,Default Stride Loose,54,91,62,85,35,63,64,6,6,6,6,26,14,78,32,69
m27-1,14915,JD,Bertrand,JD Bertrand,SAM,Atlanta Falcons,Falcons,26,73,235,Notre Dame,2,40,5,5,2000,69,Run Stopper - OLB,Launch Ratings,1,,,,,,,,87,75,70,51,73,15,27,56,53,74,47,54,81,78,89,54,79,24,25,25,36,60,35,35,40,7,71,65,62,82,25,6,8,18,45,45,45,Default Stride High and Tight,46,83,50,83,48,70,76,6,7,9,6,25,8,88,56,64
m27-1,23371,Jeremiah,Pharms Jr,Jeremiah Pharms Jr,DT,New England Patriots,Patriots,29,75,300,Friends University,4,98,16,10,1996,69,Power Rusher - DT,Launch Ratings,1,,,,,,,,75,74,73,25,73,15,13,30,33,65,15,70,79,78,89,22,63,11,14,10,23,12,45,45,44,7,72,61,10,72,12,2,3,10,45,45,45,Default Stride Awkward,25,74,25,73,22,83,79,6,7,9,7,13,5,84,26,14
m27-1,14614,Joe,Milton,Joe Milton,QB,Dallas Cowboys,Cowboys,26,77,246,Tennessee,2,10,6,3,2000,69,Strong Arm - QB,Launch Ratings,1,,,,,,,,85,79,56,72,22,70,51,60,27,77,10,10,21,24,84,56,83,21,22,10,19,10,12,14,12,72,16,10,10,24,13,10,10,10,10,10,17,Long Stride Default,10,86,50,78,40,64,24,70,78,81,79,99,75,82,60,12
m27-1,1317,Joe,Andreessen,Joe Andreessen,MIKE,Buffalo Bills,Bills,26,73,240,Buffalo,2,44,7,2,2000,69,Field General - MLB,Launch Ratings,1,,,,,,,,89,77,66,50,71,12,42,63,66,80,15,51,86,83,91,58,87,20,20,10,19,51,45,45,45,6,69,58,55,82,15,5,5,15,45,45,45,Default Stride Loose,25,84,44,87,49,77,80,6,6,6,6,30,15,86,42,62
m27-1,10577,Jon,Weeks,Jon Weeks,LS,San Francisco 49ers,49ers,40,70,242,Baylor,16,46,17,2,1986,69,Power - LS,Launch Ratings,1,,,,,,,,71,68,68,33,66,15,20,65,64,60,47,55,67,55,94,21,54,18,29,10,40,26,40,50,55,12,55,59,21,65,21,31,36,41,35,40,47,Default,44,69,21,70,22,69,67,12,12,12,12,40,14,84,33,34
m27-1,1157,Jonah,Laulu,Jonah Laulu,DT,Las Vegas Raiders,Raiders,26,77,292,Oklahoma,2,96,30,6,2000,69,Speed Rusher - DT,Launch Ratings,1,,,,,,,,79,65,68,38,74,12,19,40,36,61,25,72,79,84,88,24,86,21,25,10,19,22,45,45,45,6,66,72,18,79,24,3,7,15,45,45,45,Long Stride Loose,20,74,17,82,33,84,79,6,6,6,6,19,10,87,41,31
m27-1,14881,Jordan,Jefferson,Jordan Jefferson,DT,Cincinnati Bengals,Bengals,24,75,317,LSU,2,68,24,9,2001,69,Power Rusher - DT,Launch Ratings,1,,,,,,,,72,67,60,16,73,12,14,24,22,50,13,65,83,87,90,16,76,15,15,30,53,13,53,55,52,6,64,71,14,73,12,3,5,10,45,45,45,Default Stride Awkward,13,69,13,80,26,91,81,6,6,6,6,15,10,87,35,18
m27-1,15083,Jordan,Watkins,Jordan Watkins,WR,San Francisco 49ers,49ers,24,71,196,Ole Miss,1,17,15,2,2002,69,Deep Threat - WR,Launch Ratings,1,,,,,,,,93,82,68,77,36,31,70,75,84,83,77,29,33,36,92,71,86,22,30,76,25,60,17,26,20,16,35,28,25,40,67,73,71,70,20,18,39,Default Stride Loose,75,93,69,84,37,66,42,15,22,25,16,29,33,91,45,32
m27-1,22835,Josh,Whyle,Josh Whyle,TE,Green Bay Packers,Packers,26,79,248,Cincinnati,3,81,8,9,1999,69,Vertical Threat - TE,Launch Ratings,1,,,,,,,,85,83,70,77,41,13,60,71,84,71,75,10,38,66,84,71,85,14,18,15,55,10,60,57,60,6,18,10,17,43,61,52,61,65,60,56,62,Long Stride Loose,78,83,62,84,61,71,37,6,10,15,10,30,15,81,66,15
m27-1,23266,Josh,Hayes,Josh Hayes,CB,Tampa Bay Buccaneers,Buccaneers,27,72,190,Kansas State,3,32,4,4,1999,69,Manto Man - CB,Launch Ratings,1,,,,,,,,91,81,69,66,45,10,60,55,67,77,57,36,79,44,87,67,78,15,21,50,21,71,35,35,35,6,73,31,67,74,39,10,11,21,35,35,35,Default Stride Loose,64,91,62,88,35,58,53,6,6,6,6,27,16,86,40,69
m27-1,16251,Jude,Bowry,Jude Bowry,RT,Buffalo Bills,Bills,23,77,314,Boston College,0,74,19,8,2003,69,Power - OT,Launch Ratings,1,,,,,,,,75,68,71,10,44,12,17,24,23,58,19,40,51,82,87,10,78,12,10,10,80,13,73,77,71,6,20,38,10,44,18,5,5,15,76,72,74,Long Stride Awkward,19,70,10,88,12,84,45,6,6,6,6,16,12,89,25,13
m27-1,22877,Juice,Scruggs,Juice Scruggs,C,Detroit Lions,Lions,26,75,308,Penn State,3,70,19,1,2000,69,Agile - C,Launch Ratings,1,,,,,,,,74,60,75,10,46,16,15,31,36,58,15,39,52,85,85,10,78,24,28,10,81,10,75,77,76,6,45,51,10,47,14,5,7,15,73,69,71,Default Stride Awkward,15,65,10,84,30,87,48,6,6,6,6,17,15,88,25,10
m27-1,21282,Julian,Okwara,Julian Okwara,REDG,Cleveland Browns,Browns,28,77,250,Notre Dame,6,99,27,12,1997,69,Smaller Speed Rusher - DE,Launch Ratings,1,,,,,,,,87,77,65,35,71,12,20,57,54,62,40,73,80,85,86,36,78,11,16,10,15,45,45,45,45,6,61,66,23,79,13,5,6,14,45,45,45,Long Stride Loose,43,85,29,77,31,81,73,6,6,6,6,23,10,87,34,51
m27-1,4706,Kai,Kroeger,Kai Kroeger,P,Houston Texans,Texans,24,75,213,South Carolina,1,38,11,6,2002,69,Power - KP,Launch Ratings,1,,,,,,,,82,66,52,15,13,21,14,45,31,58,14,10,24,15,88,14,70,75,91,10,15,10,14,13,16,25,18,10,10,27,15,11,11,15,12,11,12,Long Stride Awkward,14,80,10,81,10,53,29,25,30,35,24,38,14,76,16,10
m27-1,15036,Kalel,Mullings,Kalel Mullings,HB,Tennessee Titans,Titans,23,74,226,Michigan,1,31,4,10,2002,69,Power Back - HB,Launch Ratings,1,,,,,,,,91,79,64,80,63,30,76,93,61,77,48,40,62,50,87,76,75,30,26,75,44,55,43,49,50,25,23,46,53,70,41,35,44,51,36,32,45,Default Stride High and Tight,48,87,72,82,79,79,62,25,32,37,29,42,25,90,83,62
m27-1,16377,Kendal,Daniels,Kendal Daniels,WILL,Atlanta Falcons,Falcons,23,77,242,Oklahoma,0,53,16,12,2002,69,Run Stopper - OLB,Launch Ratings,1,,,,,,,,88,81,69,51,66,19,39,57,65,75,63,54,79,64,89,50,79,19,18,19,26,58,44,44,68,6,69,54,43,83,37,33,38,43,55,71,48,Long Stride Loose,65,86,45,87,47,70,81,6,6,6,6,26,10,85,43,68
m27-1,21550,Kendrick,Green,Kendrick Green,LG,Cleveland Browns,Browns,27,76,315,Illinois,5,53,22,12,1998,69,Agile - G,Launch Ratings,1,,,,,,,,79,57,79,13,48,12,9,29,23,55,15,24,33,86,84,10,85,11,11,10,83,12,70,65,67,6,26,45,10,41,15,5,5,10,74,70,72,Long Stride Default,16,75,10,85,12,86,48,6,6,6,6,25,11,79,25,12
m27-1,16328,Kevin,Coleman Jr.,Kevin Coleman Jr.,WR,Miami Dolphins,Dolphins,22,70,178,Missouri,0,83,10,9,2003,69,Slot - WR,Launch Ratings,1,,,,,,,,89,90,60,83,23,23,74,77,84,89,80,18,24,43,93,80,90,28,29,81,25,20,28,26,31,21,24,17,24,25,68,67,69,70,33,29,48,Default,80,89,74,90,57,59,25,15,18,20,20,27,22,92,45,23
m27-1,15183,Kyle,Kennard,Kyle Kennard,REDG,Los Angeles Chargers,Chargers,24,77,254,South Carolina,1,54,12,12,2001,69,Smaller Speed Rusher - DE,Launch Ratings,1,,,,,,,,86,75,68,42,76,12,22,45,48,68,35,70,80,78,91,35,81,25,21,27,24,45,45,45,45,10,68,62,34,80,14,19,19,19,45,45,45,Long Stride Default,41,81,28,82,28,78,78,7,10,18,12,23,14,87,31,54
m27-1,16387,Kyle,Louis,Kyle Louis,WILL,Miami Dolphins,Dolphins,22,72,220,Pittsburgh,0,19,9,3,2004,69,Run Stopper - OLB,Launch Ratings,1,,,,,,,,91,84,68,52,68,14,35,60,64,81,52,59,78,73,83,56,89,19,15,11,21,52,51,49,50,6,68,53,45,82,35,35,38,41,50,56,43,Default Stride Loose,63,88,31,88,41,68,79,6,6,6,6,31,10,87,45,66
m27-1,21624,Kylen,Granson,Kylen Granson,TE,Tennessee Titans,Titans,28,74,242,SMU,5,86,27,3,1998,69,Vertical Threat - TE,Launch Ratings,1,,,,,,,,87,81,69,76,37,20,65,74,79,74,77,10,29,63,92,71,87,17,20,33,54,11,56,59,60,7,20,10,16,41,67,58,59,64,59,55,59,Long Stride Default,78,84,64,84,70,69,38,5,10,15,10,27,10,83,71,19
m27-1,1153,Levi Drake,Rodriguez,Levi Drake Rodriguez,DT,Minnesota Vikings,Vikings,26,76,307,Texas AM-Commerce,2,50,4,8,2000,69,Power Rusher - DT,Launch Ratings,1,,,,,,,,64,63,69,33,76,12,24,26,42,58,18,70,81,82,90,31,66,12,16,10,18,21,45,45,45,9,69,68,25,76,15,4,8,15,45,45,45,Default Stride Awkward,15,72,21,84,34,84,81,9,9,9,9,20,17,85,32,28
m27-1,20501,Lil'Jordan,Humphrey,Lil'Jordan Humphrey,WR,Denver Broncos,Broncos,28,76,225,Texas,7,5,19,4,1998,69,Slot - WR,Launch Ratings,1,,,,,,,,84,78,77,78,27,30,77,74,84,78,83,10,28,44,88,76,85,12,17,75,20,12,18,20,29,24,16,10,16,30,73,67,70,72,14,24,55,Long Stride Default,83,87,73,80,71,67,31,27,31,37,29,40,23,80,61,19
m27-1,22843,Luke,Schoonmaker,Luke Schoonmaker,TE,Dallas Cowboys,Cowboys,27,77,250,Michigan,3,86,28,9,1998,69,Possession - TE,Launch Ratings,1,,,,,,,,88,89,66,73,43,13,53,73,80,76,80,25,47,66,88,60,87,14,18,15,57,34,57,61,61,6,40,18,34,55,63,52,57,64,59,63,64,Long Stride High and Tight,79,85,55,81,59,72,52,6,10,15,10,37,15,85,62,39
m27-1,14859,Maason,Smith,Maason Smith,DT,Atlanta Falcons,Falcons,23,78,310,LSU,2,92,13,10,2002,69,Speed Rusher - DT,Launch Ratings,1,,,,,,,,75,64,64,38,77,12,14,46,39,58,10,71,81,84,83,35,76,20,30,10,14,24,45,45,45,6,62,72,19,79,20,2,3,10,45,45,45,Long Stride Awkward,15,72,45,80,52,83,84,6,6,6,6,28,15,86,54,47
m27-1,14659,Malachi,Corley,Malachi Corley,WR,Cleveland Browns,Browns,24,71,215,W. Kentucky,2,83,21,3,2002,69,Deep Threat - WR,Launch Ratings,1,,,,,,,,90,85,61,86,36,35,76,70,85,86,76,11,36,51,91,82,85,22,23,54,36,26,33,27,43,24,24,11,25,41,71,68,70,73,35,30,49,Short Stride Loose,79,88,74,88,64,66,40,22,28,36,31,42,26,87,60,31
m27-1,16190,Malik,Benson,Malik Benson,WR,Las Vegas Raiders,Raiders,23,72,195,Oregon,0,19,17,10,2002,69,Deep Threat - WR,Launch Ratings,1,,,,,,,,92,80,70,78,29,23,72,71,80,79,77,33,35,37,91,79,83,25,27,79,26,31,24,27,30,16,38,25,31,41,69,74,70,69,32,27,47,Default Stride Loose,78,93,72,82,55,58,38,15,17,18,18,24,20,87,44,37
m27-1,21483,Marco,Wilson,Marco Wilson,CB,Miami Dolphins,Dolphins,27,71,191,Florida,5,21,3,3,1999,69,Manto Man - CB,Launch Ratings,1,,,,,,,,91,87,70,53,45,15,44,53,67,87,52,53,46,46,84,68,94,15,21,58,15,68,35,35,35,6,67,45,66,65,36,22,24,34,35,35,35,Short Stride Default,66,91,61,89,32,66,48,6,6,6,6,34,15,85,31,68
m27-1,14906,Marist,Liufau,Marist Liufau,LEDG,Dallas Cowboys,Cowboys,25,74,234,Notre Dame,2,35,9,2,2001,69,Power Rusher - DE,Launch Ratings,1,,,,,,,,88,78,68,51,75,24,28,62,60,78,49,61,88,78,91,57,74,24,28,10,42,68,40,41,40,13,67,72,63,83,29,24,29,31,45,45,45,Default Stride High and Tight,54,84,53,83,48,73,76,19,21,23,21,26,19,90,53,66
m27-1,14860,McKinnley,Jackson,McKinnley Jackson,DT,Cincinnati Bengals,Bengals,24,74,330,Texas AM,2,91,26,12,2001,69,Power Rusher - DT,Launch Ratings,1,,,,,,,,72,55,71,40,76,23,41,40,22,51,15,65,77,87,85,38,60,17,23,8,11,17,18,25,23,15,74,66,10,75,12,4,4,4,45,45,45,Default Stride Awkward,15,64,23,76,24,84,80,17,16,13,11,12,20,83,25,19
m27-1,20541,Michael,Jordan,Michael Jordan,LG,Philadelphia Eagles,Eagles,28,78,315,Ohio State,7,60,25,1,1998,69,Agile - G,Launch Ratings,1,,,,,,,,60,58,75,10,15,12,9,40,30,50,10,10,20,81,90,10,79,22,24,10,80,12,78,74,76,6,10,10,10,23,12,10,10,10,74,71,72,Default Stride Awkward,12,69,10,83,25,79,34,6,6,6,6,25,13,84,25,15
m27-1,15132,Miles,Frazier,Miles Frazier,RG,Detroit Lions,Lions,24,78,325,LSU,1,71,12,9,2001,69,Power - G,Launch Ratings,1,,,,,,,,71,59,70,29,42,15,30,37,43,53,43,38,36,83,91,24,58,14,16,10,80,22,69,72,71,6,29,42,10,28,28,26,30,34,70,73,72,Long Stride Awkward,46,64,24,90,38,89,28,6,6,6,6,21,13,88,28,24
m27-1,15103,Mitchell,Evans,Mitchell Evans,TE,Carolina Panthers,Panthers,23,77,253,Notre Dame,1,84,18,3,2003,69,Possession - TE,Launch Ratings,1,,,,,,,,85,79,68,72,38,35,67,69,80,70,80,33,40,67,78,67,81,28,23,25,54,29,53,57,57,30,34,30,19,38,65,59,60,67,58,58,62,Long Stride Default,78,81,63,84,62,73,38,20,25,30,35,41,31,80,67,34
m27-1,14963,Nehemiah,Pritchett,Nehemiah Pritchett,CB,Seattle Seahawks,Seahawks,25,72,190,Auburn,2,28,11,2,2001,69,Zone - CB,Launch Ratings,1,,,,,,,,92,85,64,67,44,21,66,55,62,86,50,32,55,42,89,71,83,18,22,83,14,66,21,22,30,9,62,23,74,69,42,25,30,35,24,25,35,Default Stride High and Tight,58,94,65,85,43,50,53,6,8,12,6,24,10,75,23,73
m27-1,22979,Nick,Hampton,Nick Hampton,LEDG,Carolina Panthers,Panthers,26,74,235,Appalach. St.,3,39,5,4,2000,69,Smaller Speed Rusher - DE,Launch Ratings,1,,,,,,,,92,83,62,43,68,23,23,45,40,69,40,66,80,66,87,55,85,13,14,15,25,44,35,35,35,11,63,67,47,83,12,15,20,20,40,40,40,Default Stride Loose,39,86,47,76,45,65,78,14,17,22,19,31,9,88,33,52
m27-1,16212,Nick,Singleton,Nick Singleton,HB,Tennessee Titans,Titans,22,72,219,Penn State,0,32,6,1,2004,69,Elusive Back - HB,Launch Ratings,1,,,,,,,,94,87,65,75,25,25,76,89,70,81,62,16,23,46,87,76,86,23,26,83,42,16,27,33,50,23,27,15,25,23,50,49,56,64,25,33,44,Default,62,93,71,85,73,78,24,15,18,22,29,28,26,86,73,24
m27-1,13196,Oren,Burks,Oren Burks,WILL,Cincinnati Bengals,Bengals,31,75,233,Vanderbilt,8,42,21,3,1995,69,Run Stopper - OLB,Launch Ratings,1,,,,,,,,85,83,73,41,66,12,21,63,70,73,52,60,83,71,90,49,89,13,18,10,18,58,45,45,45,6,71,51,53,81,12,5,5,15,45,45,45,Default,49,87,38,85,33,72,78,6,6,6,6,16,10,92,42,65
m27-1,22167,Phidarian,Mathis,Phidarian Mathis,DT,Buffalo Bills,Bills,28,76,312,Alabama,4,72,26,4,1998,69,Power Rusher - DT,Launch Ratings,1,,,,,,,,68,56,68,25,74,15,20,25,24,50,15,60,75,87,88,20,61,12,15,10,31,15,45,45,45,6,66,71,10,76,8,9,12,15,45,45,45,Long Stride Loose,20,62,19,76,39,89,83,6,6,6,6,22,11,84,34,20
m27-1,15190,Que,Robinson,Que Robinson,LEDG,Denver Broncos,Broncos,25,76,243,Alabama,1,51,12,5,2001,69,Smaller Speed Rusher - DE,Launch Ratings,1,,,,,,,,88,80,69,42,67,23,28,52,56,74,46,66,78,74,87,46,83,20,22,10,27,59,45,45,45,6,67,61,51,82,24,17,20,25,45,45,45,Long Stride Bread Loaf,50,84,40,87,36,73,79,6,6,6,6,23,12,88,32,62
m27-1,20945,Quez,Watkins,Quez Watkins,WR,Philadelphia Eagles,Eagles,28,72,193,Southern Miss,6,86,9,6,1998,69,Deep Threat - WR,Launch Ratings,1,,,,,,,,93,84,65,79,20,27,75,72,84,82,78,10,21,41,87,75,87,12,16,79,24,12,10,10,27,6,16,10,13,38,66,73,71,72,20,29,38,Short Stride Default,78,92,73,86,49,41,29,6,10,15,18,24,16,78,36,16
m27-1,15032,Raheim,Sanders,Raheim Sanders,HB,Cleveland Browns,Browns,23,72,230,South Carolina,1,35,8,6,2003,69,Elusive Back - HB,Launch Ratings,1,,,,,,,,89,84,69,78,37,28,79,88,67,84,51,31,32,55,83,80,87,19,22,64,35,25,37,35,49,21,39,27,27,34,48,42,52,60,30,28,37,Default,49,90,70,85,74,72,34,10,15,18,16,22,21,82,78,31
m27-1,2688,Rakeem,Nunez-Roches Sr,Rakeem Nunez-Roches Sr,DT,Tampa Bay Buccaneers,Buccaneers,33,74,307,Southern Miss,11,56,3,7,1993,69,Speed Rusher - DT,Launch Ratings,1,,,,,,,,71,57,72,10,74,12,10,40,30,52,15,58,77,80,86,10,82,25,15,10,18,20,45,45,45,6,75,72,20,76,15,4,8,15,45,45,45,Default Stride Awkward,15,72,10,78,10,81,84,6,6,6,6,16,10,76,15,29
m27-1,14638,Rasheen,Ali,Rasheen Ali,HB,Baltimore Ravens,Ravens,25,71,206,Marshall,2,26,16,2,2001,69,Elusive Back - HB,Launch Ratings,1,,,,,,,,92,86,69,78,31,23,73,83,67,85,53,10,27,34,80,76,81,14,19,77,28,15,31,35,46,13,20,10,17,34,49,45,54,61,24,25,30,Default,53,92,71,89,69,74,35,12,15,21,15,25,11,80,69,20
m27-1,15324,Robert,Longerbeam,Robert Longerbeam,CB,Baltimore Ravens,Ravens,25,71,175,Rutgers,1,37,18,1,2001,69,Manto Man - CB,Launch Ratings,1,,,,,,,,92,85,65,76,42,46,52,60,73,87,60,27,46,42,85,73,87,30,24,45,25,69,35,25,35,41,64,23,65,71,25,15,18,20,35,25,35,Short Stride Default,66,93,62,88,39,57,47,41,44,48,49,48,41,85,34,68
m27-1,22492,Rodney,Thomas II,Rodney Thomas II,SS,Seattle Seahawks,Seahawks,28,73,196,Yale,4,24,26,6,1998,69,Zone - S,Launch Ratings,1,,,,,,,,91,82,70,57,56,26,47,57,73,87,52,44,67,52,91,65,94,14,13,37,16,65,35,35,35,22,68,36,66,76,23,20,26,30,35,35,35,Default Stride Loose,63,88,59,86,41,61,60,13,15,22,24,24,15,78,40,71
m27-1,22807,Ronnie,Bell,Ronnie Bell,WR,New Orleans Saints,Saints,26,72,192,Michigan,3,11,28,1,2000,69,Slot - WR,Launch Ratings,1,,,,,,,,90,90,62,79,26,31,76,70,81,90,77,10,25,46,84,74,91,12,18,68,31,13,22,20,33,22,14,10,12,31,66,70,71,73,22,21,51,Default,83,88,72,81,47,58,26,21,26,30,32,47,26,81,54,18
m27-1,15215,Rylie,Mills,Rylie Mills,DT,Seattle Seahawks,Seahawks,25,77,296,Notre Dame,1,98,20,8,2001,69,Power Rusher - DT,Launch Ratings,1,,,,,,,,77,66,65,42,76,16,45,44,24,61,18,63,75,86,87,33,66,22,25,29,25,18,45,45,45,12,62,76,15,78,19,12,15,17,45,45,45,Long Stride Awkward,22,73,29,83,46,84,81,8,10,15,14,12,11,85,49,19
m27-1,4626,Shaun,Dolac,Shaun Dolac,MIKE,Los Angeles Rams,Rams,24,73,225,Buffalo,1,56,14,9,2001,69,Field General - MLB,Launch Ratings,1,,,,,,,,93,86,67,43,65,22,37,59,46,82,46,53,80,72,86,41,85,17,23,10,25,56,45,45,45,6,68,49,46,81,25,20,25,32,45,45,45,Default Stride Loose,48,85,44,87,45,73,81,6,6,6,6,24,12,86,45,62
m27-1,14770,Shedeur,Sanders,Shedeur Sanders,QB,Cleveland Browns,Browns,24,74,212,Colorado,1,2,7,2,2002,69,Strong Arm - QB,Launch Ratings,1,,,,,,,,81,81,65,76,36,80,68,61,32,79,25,34,33,23,94,65,75,27,21,22,26,31,27,30,27,81,42,35,32,33,25,18,15,21,27,30,15,Default Stride Loose,26,78,58,92,52,65,37,80,81,85,83,88,76,96,50,32
m27-1,15276,Shemar,James,Shemar James,MIKE,Dallas Cowboys,Cowboys,22,74,222,Florida,1,50,24,6,2004,69,Field General - MLB,Launch Ratings,1,,,,,,,,82,81,70,54,68,23,41,64,60,80,51,58,81,72,87,54,78,19,22,10,25,56,45,45,45,6,68,56,46,82,25,21,24,27,45,45,45,Default Stride Bread Loaf,53,83,51,86,48,73,85,6,6,6,6,27,12,87,43,63
m27-1,15247,Smael,Mondon Jr,Smael Mondon Jr,WILL,Philadelphia Eagles,Eagles,23,74,224,Georgia,1,42,13,2,2003,69,Run Stopper - OLB,Launch Ratings,1,,,,,,,,92,83,68,48,68,32,37,59,52,78,47,53,80,70,85,46,82,17,21,10,22,56,45,45,45,16,67,51,50,80,23,22,25,28,45,45,45,Default Stride High and Tight,48,86,45,86,41,70,81,19,22,25,30,26,19,92,41,65
m27-1,22136,Spencer,Burford,Spencer Burford,LG,Las Vegas Raiders,Raiders,26,76,300,UTSA,4,70,19,7,2000,69,Power - G,Launch Ratings,1,,,,,,,,74,65,76,15,25,14,12,34,32,56,15,10,30,81,89,15,72,20,23,10,85,10,68,70,69,6,20,10,10,30,15,5,10,15,75,71,73,Default Stride Awkward,15,65,10,87,30,86,29,6,6,6,6,24,10,78,20,11
m27-1,22890,T.J.,Bass,T.J. Bass,RG,Dallas Cowboys,Cowboys,27,76,325,Oregon,3,66,31,3,1999,69,Power - G,Launch Ratings,1,,,,,,,,71,52,70,41,43,18,40,50,45,47,40,41,52,79,92,41,71,11,15,9,79,12,72,76,73,6,46,55,10,52,42,30,37,42,70,75,71,Default Stride Awkward,42,56,35,82,45,85,47,6,6,6,6,18,14,87,45,14
m27-1,13498,Tavierre,Thomas,Tavierre Thomas,FS,Minnesota Vikings,Vikings,30,70,212,Ferris State,8,37,11,3,1996,69,Hybrid - S,Launch Ratings,1,,,,,,,,90,78,73,59,50,16,56,58,64,78,37,43,46,47,92,71,81,14,18,74,12,72,35,35,35,6,73,35,73,74,14,10,13,23,35,35,35,Default Stride Loose,60,90,63,90,31,55,59,6,6,6,6,25,13,84,32,68
m27-1,23152,Terell,Smith,Terell Smith,CB,Chicago Bears,Bears,27,72,204,Minnesota,3,32,27,7,1999,69,Zone - CB,Launch Ratings,1,,,,,,,,95,83,64,70,56,14,67,56,65,81,58,45,79,58,85,70,82,11,19,66,25,63,35,35,35,6,65,35,76,74,25,16,26,33,35,35,35,Long Stride Loose,63,92,65,89,58,63,64,6,6,6,6,26,12,85,48,70
m27-1,20678,Trey,Pipkins III,Trey Pipkins III,LT,Los Angeles Chargers,Chargers,29,78,307,Sioux Falls,7,79,5,9,1996,69,Power - OT,Launch Ratings,1,,,,,,,,73,63,82,10,40,12,5,42,47,53,34,30,35,82,88,10,81,11,21,10,78,12,70,74,72,6,24,40,10,35,37,15,20,26,75,72,73,Long Stride Awkward,32,69,10,84,10,83,40,6,6,6,6,16,13,85,21,12
m27-1,15185,Tyler,Baron,Tyler Baron,REDG,NY Jets,Jets,24,77,258,Miami,1,94,22,10,2001,69,Power Rusher - DE,Launch Ratings,1,,,,,,,,89,73,69,33,78,22,24,44,36,65,29,68,81,77,86,30,84,21,19,27,27,31,45,45,45,15,67,72,26,76,20,6,10,15,45,45,45,Long Stride Loose,27,85,30,76,31,76,77,19,10,16,13,12,15,82,24,38
m27-1,22052,Tyler,Badie,Tyler Badie,HB,Denver Broncos,Broncos,26,68,197,Missouri,4,28,7,2,2000,69,Elusive Back - HB,Launch Ratings,1,,,,,,,,93,83,71,76,30,23,75,90,69,81,53,10,31,37,87,76,81,15,18,72,38,19,28,23,57,14,24,10,20,36,55,52,58,62,27,21,39,Default,55,89,72,87,70,74,34,10,15,20,17,25,12,85,76,28
m27-1,21301,Tyler,Johnson,Tyler Johnson,WR,Dallas Cowboys,Cowboys,28,73,206,Minnesota,6,15,25,8,1998,69,Slot - WR,Launch Ratings,1,,,,,,,,89,82,70,83,32,47,76,72,82,79,83,10,30,45,88,79,86,16,19,50,30,23,18,20,30,46,26,10,27,37,73,70,73,73,24,22,42,Default,81,86,74,88,60,68,37,43,46,49,52,56,46,87,48,37
m27-1,21102,Tyre,Phillips,Tyre Phillips,RT,Cleveland Browns,Browns,29,77,330,Mississippi St.,6,69,29,1,1997,69,Power - OT,Launch Ratings,1,,,,,,,,63,48,79,48,34,12,34,52,30,46,10,10,20,85,84,29,64,20,22,10,76,12,69,73,71,6,10,10,10,21,12,5,5,10,70,75,72,Long Stride Awkward,12,68,21,82,34,88,34,6,6,6,6,15,13,88,51,12
m27-1,10583,Tyrod,Taylor,Tyrod Taylor,QB,Green Bay Packers,Packers,37,73,217,Virginia Tech,15,6,3,8,1989,69,Field General - QB,Launch Ratings,1,,,,,,,,85,86,68,84,25,76,71,66,63,82,54,10,12,34,82,72,85,17,19,15,25,18,20,18,23,77,20,10,15,35,33,15,24,35,15,15,20,Default,55,85,69,75,58,57,37,76,79,83,80,87,79,80,42,25
m27-1,22202,Ventrell,Miller,Ventrell Miller,WILL,Jacksonville Jaguars,Jaguars,27,72,232,Florida,3,51,15,1,1999,69,Run Stopper - OLB,Launch Ratings,1,,,,,,,,87,76,71,62,67,12,49,55,58,72,52,49,85,78,82,55,80,14,15,10,36,61,35,35,35,5,73,54,48,80,25,6,8,15,45,45,45,Short Stride Loose,54,83,48,85,45,74,78,7,11,14,6,17,13,90,45,69
m27-1,22869,Wanya,Morris,Wanya Morris,LT,Atlanta Falcons,Falcons,25,77,307,Oklahoma,3,79,10,10,2000,69,Power - OT,Launch Ratings,1,,,,,,,,70,63,74,13,33,14,11,20,23,57,17,10,29,77,86,15,71,10,12,10,86,12,68,74,71,6,10,10,13,36,15,5,7,16,82,73,77,Long Stride Awkward,15,69,12,84,22,83,30,7,7,7,7,21,7,87,28,12
m27-1,15069,Xavier,Restrepo,Xavier Restrepo,WR,Tennessee Titans,Titans,24,70,202,Miami,1,87,12,4,2002,69,Slot - WR,Launch Ratings,1,,,,,,,,85,89,70,80,37,30,71,70,82,84,78,30,37,44,88,76,83,24,28,80,31,38,18,27,25,29,34,29,27,40,67,70,73,76,25,21,46,Default,79,84,71,85,46,61,36,23,29,33,36,47,30,86,49,43
m27-1,16220,Zakee,Wheatley,Zakee Wheatley,FS,Carolina Panthers,Panthers,24,75,202,Penn State,0,38,28,2,2002,69,Hybrid - S,Launch Ratings,1,,,,,,,,86,84,71,67,56,11,54,56,68,86,66,45,72,58,88,67,80,24,21,52,25,71,35,35,35,6,68,38,66,73,50,36,43,46,35,35,35,Default Stride Loose,61,87,56,90,49,64,65,6,6,6,6,27,12,90,52,71
m27-1,16219,Zane,Durant,Zane Durant,DT,Buffalo Bills,Bills,22,73,290,Penn State,0,92,6,5,2004,69,Power Rusher - DT,Launch Ratings,1,,,,,,,,84,62,65,30,74,12,15,42,47,48,30,65,79,82,87,30,81,24,17,10,28,23,45,45,45,6,64,72,21,77,26,3,8,10,45,45,45,Default Stride Awkward,30,79,30,77,48,87,78,6,6,6,6,24,10,89,44,25
m27-1,22002,Adam,Prentice,Adam Prentice,FB,Denver Broncos,Broncos,29,72,245,South Carolina,5,46,16,1,1997,68,Blocking - FB,Launch Ratings,1,,,,,,,,78,76,79,64,28,11,37,68,66,66,53,26,44,68,92,64,84,11,15,25,82,10,53,50,68,5,15,25,15,41,52,44,52,57,52,58,67,Default Stride High and Tight,58,77,59,74,63,76,39,5,10,15,5,24,17,78,63,12
m27-1,15194,Ahmed,Hassanein,Ahmed Hassanein,REDG,Detroit Lions,Lions,24,75,275,Boise State,1,99,9,7,2002,68,Power Rusher - DE,Launch Ratings,1,,,,,,,,81,76,72,29,71,17,22,43,36,67,24,69,76,79,93,32,79,18,23,30,29,24,45,45,45,10,71,71,26,75,15,7,10,15,45,45,45,Long Stride Loose,23,80,27,84,40,83,73,7,8,14,15,25,12,94,27,31
m27-1,20526,Andrew,Beck,Andrew Beck,FB,NY Jets,Jets,30,75,255,Texas,7,47,15,5,1996,68,Utility - FB,Launch Ratings,1,,,,,,,,87,77,57,69,47,15,64,67,72,74,65,20,36,66,84,64,82,15,22,70,66,31,52,55,62,6,40,35,26,52,60,52,57,63,63,59,63,Default Stride Loose,66,85,57,80,65,77,47,6,10,15,10,30,15,88,67,37
m27-1,16339,Anez,Cooper,Anez Cooper,RG,NY Jets,Jets,22,78,334,Miami,0,72,6,1,2004,68,Power - G,Launch Ratings,1,,,,,,,,56,61,64,11,18,14,10,25,28,51,15,10,25,81,89,10,65,27,23,10,81,10,73,76,74,6,24,10,10,24,12,5,5,16,73,73,72,Long Stride Awkward,28,55,10,89,16,85,36,6,6,6,6,15,13,87,26,11
m27-1,15186,Antwaun,Powell-Ryland,Antwaun Powell-Ryland,LEDG,Cincinnati Bengals,Bengals,24,75,252,Virginia Tech,1,56,23,2,2002,68,Smaller Speed Rusher - DE,Launch Ratings,1,,,,,,,,84,84,60,34,69,15,25,45,42,73,28,75,74,68,85,36,89,17,26,33,28,34,45,45,45,10,56,73,32,81,14,5,10,15,45,45,45,Long Stride Loose,24,82,36,80,33,74,74,5,10,15,13,27,10,87,22,44
m27-1,15087,Arian,Smith,Arian Smith,WR,NY Jets,Jets,24,72,179,Georgia,1,82,11,10,2001,68,Deep Threat - WR,Launch Ratings,1,,,,,,,,91,90,71,74,30,32,69,71,75,89,71,24,24,41,86,72,89,21,19,68,24,68,15,24,25,21,45,23,30,29,66,71,70,71,27,17,44,Default Stride Loose,71,94,68,81,38,64,31,15,10,7,7,12,31,83,41,51
m27-1,13588,Austin,Schlottmann,Austin Schlottmann,C,Tennessee Titans,Titans,30,78,300,TCU,8,51,18,9,1995,68,Agile - C,Launch Ratings,1,,,,,,,,74,57,76,15,25,12,5,29,36,46,20,10,15,78,86,10,74,21,20,10,80,12,75,71,73,6,10,10,10,31,32,8,10,16,73,66,70,Default Stride Awkward,20,69,10,80,10,86,35,6,6,6,6,17,10,85,15,12
m27-1,21132,Benito,Jones,Benito Jones,DT,Las Vegas Raiders,Raiders,28,73,335,Ole Miss,6,94,27,11,1997,68,Speed Rusher - DT,Launch Ratings,1,,,,,,,,67,51,74,30,73,12,17,25,37,45,24,72,78,83,85,26,67,20,20,10,36,20,45,45,45,6,71,65,20,75,12,3,5,13,45,45,45,Default Stride Awkward,31,69,19,77,36,86,79,6,6,6,6,23,10,93,47,28
m27-1,14656,Brenden,Rice,Brenden Rice,WR,Green Bay Packers,Packers,24,75,210,USC,2,89,18,3,2002,68,Deep Threat - WR,Launch Ratings,1,,,,,,,,90,84,60,80,20,25,73,71,79,78,79,13,27,41,90,76,87,17,23,80,30,21,19,21,27,20,22,11,21,36,70,72,76,77,26,20,46,Long Stride Default,81,89,68,83,53,61,20,15,20,25,25,38,27,86,44,16
m27-1,21562,Brevin,Jordan,Brevin Jordan,TE,Houston Texans,Texans,26,75,245,Miami,5,9,16,7,2000,68,Vertical Threat - TE,Launch Ratings,1,,,,,,,,88,82,59,82,43,32,74,74,79,76,77,27,41,65,84,78,85,11,15,42,51,15,56,58,59,21,29,21,20,46,70,55,59,65,56,58,58,Default,78,86,71,82,66,73,43,28,31,39,30,42,26,78,67,19
m27-1,16277,Brian,Parker II,Brian Parker II,LG,Cincinnati Bengals,Bengals,22,77,309,Duke,0,62,6,1,2004,68,Agile - G,Launch Ratings,1,,,,,,,,72,62,68,11,21,12,16,24,33,54,16,10,47,80,86,10,73,12,10,10,80,12,68,68,72,6,19,10,10,24,17,5,5,15,77,76,74,Long Stride Awkward,16,68,10,87,13,89,26,6,6,6,6,18,12,85,27,12
m27-1,1391,British,Brooks,British Brooks,FB,Houston Texans,Texans,26,71,225,North Carolina,2,44,18,11,1999,68,Utility - FB,Launch Ratings,1,,,,,,,,89,81,61,68,33,20,65,73,69,74,54,21,40,64,88,69,86,14,20,35,68,23,52,49,58,6,32,25,21,51,53,41,47,51,55,51,59,Default,51,86,60,82,71,78,39,6,6,6,6,25,10,85,69,32
m27-1,4724,Brycen,Tremayne,Brycen Tremayne,WR,Carolina Panthers,Panthers,26,76,212,Stanford,2,87,18,11,1999,68,Slot - WR,Launch Ratings,1,,,,,,,,90,87,69,78,27,19,71,71,82,83,78,10,22,45,87,74,81,19,15,45,28,10,17,21,27,10,22,10,14,31,67,68,71,72,30,23,47,Long Stride Default,79,87,68,85,47,68,29,11,13,15,15,24,17,86,44,17
m27-1,16161,Carson,Beck,Carson Beck,QB,Arizona Cardinals,Cardinals,24,77,233,Miami,0,19,19,11,2001,68,Field General - QB,Launch Ratings,1,,,,,,,,86,76,62,67,33,69,58,65,58,70,34,27,21,39,85,69,81,15,20,24,19,23,15,15,15,83,28,22,16,35,15,27,25,34,10,10,23,Long Stride High and Tight,31,79,59,97,40,62,28,79,80,87,81,89,72,92,42,24
m27-1,17543,Carson,Wentz,Carson Wentz,QB,Minnesota Vikings,Vikings,33,77,237,North Dakota St.,10,11,30,12,1992,68,Strong Arm - QB,Launch Ratings,1,,,,,,,,83,77,72,78,21,76,64,52,38,76,20,9,11,46,80,62,70,18,24,14,42,12,18,14,17,79,21,9,9,28,19,15,17,18,10,10,27,Default,20,82,47,77,55,72,30,76,79,80,76,89,74,92,62,18
m27-1,22096,Charlie,Kolar,Charlie Kolar,TE,Los Angeles Chargers,Chargers,27,78,250,Iowa State,4,88,10,2,1999,68,Vertical Threat - TE,Launch Ratings,1,,,,,,,,85,81,67,74,36,16,55,72,80,74,76,15,32,58,91,64,85,14,15,15,55,12,57,55,58,6,22,17,10,38,65,58,62,66,60,57,61,Long Stride Default,82,84,66,84,60,68,33,6,10,15,10,29,10,92,63,15
m27-1,23350,Chris,Brooks,Chris Brooks,HB,Green Bay Packers,Packers,26,73,223,BYU,3,30,11,1,2000,68,Elusive Back - HB,Launch Ratings,1,,,,,,,,88,81,69,78,31,28,78,92,65,78,47,10,25,41,90,80,86,22,20,42,36,12,37,40,55,16,17,14,19,35,48,43,50,56,29,24,39,Default,49,89,72,85,74,71,28,10,15,20,10,32,18,88,78,18
m27-1,15271,Chris,Paul Jr,Chris Paul Jr,WILL,Seattle Seahawks,Seahawks,23,73,235,Ole Miss,1,49,4,11,2002,68,Run Stopper - OLB,Launch Ratings,1,,,,,,,,91,82,68,50,67,22,39,62,53,74,44,63,79,71,86,48,86,18,21,10,22,58,45,45,45,6,66,57,47,81,23,19,22,25,45,45,45,Default,45,85,47,87,43,68,79,6,6,6,6,23,11,87,43,65
m27-1,16323,CJ,Daniels,CJ Daniels,WR,Los Angeles Rams,Rams,24,74,200,Miami,0,6,4,1,2002,68,Slot - WR,Launch Ratings,1,,,,,,,,90,83,71,79,40,35,74,74,82,82,78,25,40,40,84,79,84,26,28,62,28,30,24,25,34,23,37,24,29,44,70,71,69,68,32,30,49,Default Stride Loose,79,87,73,85,60,61,36,25,33,36,30,38,33,83,51,36
m27-1,20531,Cody,Ford,Cody Ford,LT,Cincinnati Bengals,Bengals,29,75,345,Oklahoma,7,61,28,12,1996,68,Power - OT,Launch Ratings,1,,,,,,,,65,55,70,44,14,12,35,48,43,51,37,10,20,81,84,20,71,12,14,10,82,16,68,73,71,6,24,10,10,23,30,26,30,37,71,74,72,Default Stride Awkward,44,67,20,83,32,87,14,6,6,6,6,16,7,88,38,12
m27-1,22177,Cory,Durden,Cory Durden,DT,New England Patriots,Patriots,27,76,305,N.C. State,3,94,26,1,1999,68,Speed Rusher - DT,Launch Ratings,1,,,,,,,,63,66,76,38,70,12,16,40,40,54,31,78,85,78,89,26,76,15,15,10,33,26,35,35,35,6,74,74,23,77,13,4,8,16,45,45,45,Default Stride Awkward,31,65,18,73,42,79,82,6,6,6,6,19,14,82,36,29
m27-1,1860,Dalton,Johnson,Dalton Johnson,SS,Las Vegas Raiders,Raiders,23,71,198,Arizona,0,43,15,4,2003,68,Zone - S,Launch Ratings,1,,,,,,,,89,81,68,61,52,17,54,58,65,79,58,44,76,57,90,65,86,25,20,47,28,65,35,35,35,6,65,35,63,71,46,38,45,48,35,35,35,Default Stride Loose,61,90,51,91,45,56,65,6,6,6,6,26,12,88,52,71
m27-1,23085,Daniel,Scott,Daniel Scott,FS,Indianapolis Colts,Colts,27,73,208,California,3,32,26,10,1998,68,Hybrid - S,Launch Ratings,1,,,,,,,,93,91,64,67,47,17,55,60,70,86,61,55,67,49,88,72,93,21,25,55,20,70,30,30,30,16,60,47,67,65,48,39,41,45,35,35,35,Default Stride Loose,68,91,65,88,45,67,61,24,28,34,27,35,17,79,42,68
m27-1,22087,Danny,Gray,Danny Gray,WR,Philadelphia Eagles,Eagles,27,72,200,SMU,4,82,1,4,1999,68,Deep Threat - WR,Launch Ratings,1,,,,,,,,93,88,57,81,24,21,76,74,76,83,78,10,21,40,83,79,82,12,16,77,27,10,13,15,29,6,13,10,10,32,65,69,68,69,27,21,40,Default,80,94,73,78,57,58,22,6,10,15,10,22,18,75,50,15
m27-1,22114,Darian,Kinnard,Darian Kinnard,RT,Green Bay Packers,Packers,26,77,322,Kentucky,4,70,29,12,1999,68,Power - OT,Launch Ratings,1,,,,,,,,71,49,60,12,29,15,17,24,23,48,15,12,37,87,91,13,64,12,14,10,71,8,65,72,69,6,10,19,10,19,12,5,5,10,77,79,78,Default Stride Awkward,12,61,12,80,28,86,32,6,6,6,6,21,8,86,31,8
m27-1,4727,Darius,Cooper,Darius Cooper,WR,Philadelphia Eagles,Eagles,24,71,210,Tarleton State,1,80,22,11,2001,68,Deep Threat - WR,Launch Ratings,1,,,,,,,,91,81,64,77,24,20,73,72,80,85,79,11,34,44,91,77,88,22,23,54,26,18,33,27,30,21,24,11,22,32,68,75,73,72,35,30,48,Default,79,89,70,88,50,65,35,12,17,20,20,32,21,87,43,26
m27-1,1732,David,Quessenberry,David Quessenberry,RT,Los Angeles Rams,Rams,36,77,310,San Jose St.,9,68,24,8,1990,68,Power - OT,Launch Ratings,1,,,,,,,,67,61,83,10,39,12,9,64,62,53,57,15,20,79,92,10,73,21,22,10,83,13,66,72,68,6,20,25,10,29,45,21,29,39,75,71,73,Default Stride Awkward,54,67,10,89,19,85,41,6,6,6,6,30,10,80,20,15
m27-1,22855,Dawand,Jones,Dawand Jones,LT,Cleveland Browns,Browns,25,80,375,Ohio State,3,79,6,8,2001,68,Power - OT,Launch Ratings,1,,,,,,,,65,42,76,13,42,15,25,33,22,45,13,10,55,93,87,12,70,9,9,10,67,9,68,77,72,6,15,35,10,15,12,5,5,10,72,66,69,Long Stride Awkward,21,61,10,76,44,95,40,6,6,6,6,15,5,91,45,9
m27-1,16163,Dillon,Bell,Dillon Bell,WR,Minnesota Vikings,Vikings,22,73,210,Georgia,0,89,6,11,2003,68,Deep Threat - WR,Launch Ratings,1,,,,,,,,91,86,47,82,41,46,78,73,79,85,78,36,48,46,90,81,92,34,32,77,34,32,28,32,23,38,36,33,37,43,72,70,73,71,24,21,52,Default,79,89,75,85,67,66,41,50,50,55,56,59,42,90,59,39
m27-1,15040,Donovan,Edwards,Donovan Edwards,HB,Miami Dolphins,Dolphins,23,71,212,Michigan,1,36,25,2,2003,68,Elusive Back - HB,Launch Ratings,1,,,,,,,,93,82,70,77,36,45,75,87,68,81,53,30,33,36,87,77,88,21,27,65,35,21,37,40,47,40,45,26,23,40,49,45,54,63,26,28,38,Default,54,91,71,84,68,71,36,55,51,53,57,65,46,88,74,26
m27-1,15065,Dont'e,Thornton Jr,Dont'e Thornton Jr,WR,Las Vegas Raiders,Raiders,23,77,205,Tennessee,1,10,30,11,2002,68,Deep Threat - WR,Launch Ratings,1,,,,,,,,94,81,67,75,39,21,68,72,75,78,75,33,41,43,84,75,82,21,28,50,32,49,19,27,29,31,39,33,28,48,72,74,69,68,27,26,47,Long Stride Loose,73,96,69,79,43,70,51,10,11,19,23,17,32,80,30,56
m27-1,14995,Donte,Kent,Donte Kent,CB,Pittsburgh Steelers,Steelers,24,70,187,Central Michigan,1,34,28,9,2001,68,Manto Man - CB,Launch Ratings,1,,,,,,,,93,79,61,75,47,18,49,53,65,81,49,30,49,37,89,75,91,15,20,79,20,69,35,25,35,28,62,23,68,72,30,27,28,30,35,25,26,Default,60,93,67,92,36,56,62,17,7,24,21,20,30,91,30,69
m27-1,16216,Drew,Shelton,Drew Shelton,RT,Dallas Cowboys,Cowboys,22,77,313,Penn State,0,67,26,12,2003,68,Power - OT,Launch Ratings,1,,,,,,,,71,66,70,17,25,12,15,25,21,53,19,34,44,78,89,10,76,12,10,10,82,15,74,72,75,6,20,33,10,33,18,5,5,14,77,72,73,Long Stride Awkward,15,67,10,83,15,83,25,6,6,6,6,18,12,85,26,15
m27-1,16211,Drew,Allar,Drew Allar,QB,Pittsburgh Steelers,Steelers,22,77,228,Penn State,0,16,8,3,2004,68,Strong Arm - QB,Launch Ratings,1,,,,,,,,85,77,70,81,23,78,73,64,53,71,30,23,24,20,83,61,79,35,36,34,22,21,15,15,15,80,68,31,19,24,17,28,27,37,10,10,20,Long Stride Default,30,80,57,92,49,67,26,75,79,85,70,90,74,90,65,23
m27-1,20395,Drew,Sample,Drew Sample,TE,Cincinnati Bengals,Bengals,30,77,260,Washington,7,89,16,4,1996,68,Possession - TE,Launch Ratings,1,,,,,,,,83,76,67,69,47,16,46,73,77,71,78,37,43,71,89,57,81,14,15,15,59,17,54,59,60,10,24,23,19,54,68,56,61,66,65,62,65,Long Stride Default,79,81,53,85,61,73,43,10,15,20,10,26,14,86,63,23
m27-1,1122,Dylan,Laube,Dylan Laube,HB,Las Vegas Raiders,Raiders,26,70,208,New Hampshire,2,23,14,12,1999,68,Elusive Back - HB,Launch Ratings,1,,,,,,,,89,88,62,81,26,20,73,85,75,90,65,10,22,34,91,78,84,25,25,82,28,11,25,30,50,10,13,10,15,32,63,59,64,70,25,28,31,Default,63,88,73,91,71,67,27,10,10,15,10,27,17,92,75,16
m27-1,4663,Efton,Chism III,Efton Chism III,WR,New England Patriots,Patriots,24,71,193,Eastern Wash.,1,86,26,10,2001,68,Slot - WR,Launch Ratings,1,,,,,,,,87,90,60,81,37,33,74,73,81,91,78,25,35,45,91,76,85,13,19,78,27,15,20,24,29,15,22,22,20,44,67,70,74,75,29,24,47,Short Stride Loose,77,84,73,91,52,66,33,20,26,31,32,42,31,88,50,21
m27-1,4739,Elijah,Ponder,Elijah Ponder,REDG,New England Patriots,Patriots,24,75,261,Cal Poly SLO,1,91,24,8,2002,68,Smaller Speed Rusher - DE,Launch Ratings,1,,,,,,,,88,82,65,40,68,12,22,42,38,74,27,68,76,78,87,38,87,22,21,10,26,34,45,45,45,6,64,66,35,77,16,5,5,10,45,45,45,Long Stride Default,38,85,30,78,29,76,76,6,6,6,6,20,14,85,28,43
m27-1,1126,Elijah,Klein,Elijah Klein,C,Tampa Bay Buccaneers,Buccaneers,26,76,319,UTEP,2,79,8,4,2000,68,Agile - C,Launch Ratings,1,,,,,,,,64,59,75,21,10,11,22,42,31,57,24,10,25,82,92,19,67,24,29,10,81,12,74,77,77,10,18,10,10,15,19,11,13,21,73,71,73,Default Stride Awkward,23,62,17,78,32,83,33,12,15,19,10,26,8,82,31,12
m27-1,22779,Elijah,Higgins,Elijah Higgins,TE,Arizona Cardinals,Cardinals,25,75,245,Stanford,3,84,27,10,2000,68,Vertical Threat - TE,Launch Ratings,1,,,,,,,,90,81,66,79,25,24,68,71,82,76,77,10,19,43,92,72,84,18,19,50,23,13,47,49,50,6,15,10,10,30,63,60,61,65,52,49,51,Long Stride Default,78,89,66,82,59,69,24,6,10,15,10,25,17,90,55,20
m27-1,21795,Elijah,Hicks,Elijah Hicks,FS,Chicago Bears,Bears,26,71,204,California,4,22,16,10,1999,68,Run Support - S,Launch Ratings,1,,,,,,,,90,77,70,66,50,21,52,60,69,75,51,42,78,57,91,72,84,24,22,35,21,66,35,35,35,6,72,34,67,73,25,10,10,15,35,35,35,Default Stride Loose,62,87,64,88,35,58,69,6,6,6,6,30,14,85,39,68
m27-1,16352,Emmett,Johnson,Emmett Johnson,HB,Kansas City Chiefs,Chiefs,22,70,205,Nebraska,0,10,10,10,2003,68,Elusive Back - HB,Launch Ratings,1,,,,,,,,90,77,66,83,20,27,75,88,72,82,59,13,20,38,90,82,85,22,24,72,36,21,32,30,48,22,22,11,23,23,53,44,59,67,23,27,33,Default,60,89,75,84,66,74,23,15,19,24,20,28,24,88,68,22
m27-1,16406,Enrique,Cruz Jr.,Enrique Cruz Jr.,RT,San Francisco 49ers,49ers,23,78,313,Kansas,0,69,4,8,2003,68,Power - OT,Launch Ratings,1,,,,,,,,76,62,69,14,33,12,18,26,20,55,17,41,41,79,85,10,72,12,10,10,77,15,72,77,72,6,19,40,10,35,15,5,5,14,76,71,73,Long Stride Awkward,14,74,10,85,11,85,35,6,6,6,6,11,12,87,25,14
m27-1,14690,Erick,All Jr,Erick All Jr,TE,Cincinnati Bengals,Bengals,25,77,255,Iowa,2,83,13,9,2000,68,Vertical Threat - TE,Launch Ratings,1,,,,,,,,87,83,61,74,41,16,66,73,80,74,77,10,48,63,78,67,83,12,19,25,56,16,57,56,58,6,16,10,19,42,65,63,61,66,59,58,60,Long Stride Default,75,86,59,81,66,72,46,6,10,15,10,24,15,86,66,22
m27-1,15193,Fadil,Diggs,Fadil Diggs,LEDG,New Orleans Saints,Saints,24,76,257,Syracuse,1,40,15,10,2001,68,Smaller Speed Rusher - DE,Launch Ratings,1,,,,,,,,87,78,65,28,70,17,23,46,39,70,22,70,75,69,86,33,75,19,18,32,29,43,45,45,45,15,63,65,34,77,12,6,10,15,45,45,45,Long Stride Loose,28,87,32,79,27,78,75,10,15,17,10,28,15,82,24,51
m27-1,16281,Hezekiah,Masses,Hezekiah Masses,CB,Las Vegas Raiders,Raiders,22,73,185,California,0,35,30,6,2004,68,Zone - CB,Launch Ratings,1,,,,,,,,91,83,66,66,41,14,54,58,63,77,61,33,55,43,84,72,77,14,16,57,16,66,35,35,35,6,67,29,72,70,37,35,37,39,35,35,35,Default Stride Loose,63,90,66,87,35,58,61,6,6,6,6,28,10,83,35,73
m27-1,10171,Jackie,Marshall,Jackie Marshall,DT,Tennessee Titans,Titans,23,74,293,Baylor,0,96,26,4,2003,68,Power Rusher - DT,Launch Ratings,1,,,,,,,,81,62,66,33,74,12,14,35,34,58,30,64,79,85,88,32,72,22,11,10,25,25,45,45,45,6,64,72,29,75,25,3,16,18,45,45,45,Default Stride Awkward,29,76,32,73,34,87,77,6,6,6,6,12,10,85,46,24
m27-1,15104,Jackson,Hawes,Jackson Hawes,TE,Buffalo Bills,Bills,25,76,253,Georgia Tech,1,85,6,12,2000,68,Possession - TE,Launch Ratings,1,,,,,,,,86,73,71,68,33,21,60,70,75,71,73,32,41,69,91,64,83,27,24,23,60,17,60,62,61,20,25,28,13,30,63,53,57,65,66,69,69,Long Stride High and Tight,73,78,65,85,67,72,33,15,9,25,21,24,26,91,66,20
m27-1,10640,Jackson,Slater,Jackson Slater,RG,Tennessee Titans,Titans,23,75,311,Sacramento State,2,64,30,5,2003,68,Power - G,Launch Ratings,1,,,,,,,,72,61,68,13,36,11,8,29,25,52,25,33,22,81,87,11,79,12,17,10,79,12,69,71,70,5,24,35,10,31,15,5,5,13,71,72,72,Default Stride Awkward,24,72,10,86,15,89,35,5,5,5,5,24,9,87,26,14
m27-1,23107,Jake,Moody,Jake Moody,K,Washington Commanders,Commanders,26,73,210,Michigan,3,16,23,11,1999,68,Power - KP,Launch Ratings,1,,,,,,,,64,59,51,16,21,17,15,40,33,51,12,10,30,16,91,21,66,73,94,10,10,12,10,10,15,16,10,10,10,32,12,7,8,10,10,10,15,Default Stride Awkward,15,65,25,85,11,51,29,26,32,34,19,35,17,60,15,15
m27-1,20329,Jake,Browning,Jake Browning,QB,Tampa Bay Buccaneers,Buccaneers,30,74,209,Washington,6,5,11,4,1996,68,Field General - QB,Launch Ratings,1,,,,,,,,81,76,72,62,22,61,41,66,39,72,27,10,15,15,93,56,72,47,59,10,12,10,10,10,11,74,15,10,10,30,14,10,13,24,10,10,11,Default,33,78,41,79,32,57,19,72,81,85,76,87,77,90,33,13
m27-1,22783,Jalen,Cropper,Jalen Cropper,WR,New Orleans Saints,Saints,25,72,180,Fresno State,3,85,3,5,2001,68,Deep Threat - WR,Launch Ratings,1,,,,,,,,92,81,49,84,27,22,72,65,81,85,74,10,29,39,93,77,80,13,17,73,24,23,19,21,24,6,24,10,24,35,68,74,74,75,7,14,42,Default Stride Loose,78,92,73,86,50,59,35,6,10,15,10,25,19,92,48,31
m27-1,15152,Jalen,Travis,Jalen Travis,RT,Indianapolis Colts,Colts,24,80,339,Iowa State,1,75,19,4,2002,68,Power - OT,Launch Ratings,1,,,,,,,,70,57,68,14,29,15,11,28,22,50,21,20,32,82,87,17,84,17,13,10,80,11,73,75,73,6,24,26,15,21,23,5,5,18,71,73,73,Long Stride Awkward,18,68,10,86,51,88,28,6,6,6,6,17,12,87,26,14
m27-1,13239,Jalyn,Holmes,Jalyn Holmes,LEDG,Tennessee Titans,Titans,30,77,283,Ohio State,8,97,25,1,1996,68,Power Rusher - DE,Launch Ratings,1,,,,,,,,78,61,66,52,73,12,27,59,56,56,33,64,82,87,87,41,78,10,10,10,34,24,45,45,45,6,68,71,21,80,50,36,40,45,45,45,45,Long Stride Loose,36,77,36,73,46,87,79,6,6,6,6,23,14,82,58,29
m27-1,16189,Jam,Miller,Jam Miller,HB,New England Patriots,Patriots,22,70,209,Alabama,0,30,29,4,2004,68,Elusive Back - HB,Launch Ratings,1,,,,,,,,89,87,54,78,38,27,78,90,63,86,58,31,39,41,85,81,83,28,33,48,37,32,30,27,51,21,36,27,36,41,51,45,52,60,36,32,40,Default Stride High and Tight,54,91,74,83,71,77,40,15,18,22,26,24,23,85,76,37
m27-1,20988,James,Lynch,James Lynch,DT,Chicago Bears,Bears,27,76,295,Baylor,6,97,20,1,1999,68,Power Rusher - DT,Launch Ratings,1,,,,,,,,75,70,66,32,76,12,18,42,38,66,25,59,82,83,85,32,72,56,71,10,29,26,45,45,45,9,64,71,14,79,24,14,19,22,45,45,45,Long Stride Loose,27,71,22,75,37,82,78,9,9,9,9,23,17,84,39,32
m27-1,23045,Jammie,Robinson,Jammie Robinson,SS,Atlanta Falcons,Falcons,25,71,190,Florida State,3,34,24,1,2001,68,Run Support - S,Launch Ratings,1,,,,,,,,93,87,66,72,47,31,67,64,70,81,65,38,87,59,93,75,81,11,15,69,44,62,35,35,35,24,65,31,58,75,25,10,10,20,35,35,35,Short Stride Loose,67,86,70,92,33,67,72,21,23,25,22,27,25,88,39,69
m27-1,21527,Jay,Tufele,Jay Tufele,DT,Detroit Lions,Lions,27,75,305,USC,5,57,25,7,1999,68,Speed Rusher - DT,Launch Ratings,1,,,,,,,,73,57,63,22,71,12,21,27,25,51,18,67,80,87,86,22,76,12,17,30,32,16,45,45,45,6,63,63,17,78,15,3,7,10,45,45,45,Long Stride Loose,19,70,21,72,29,88,83,6,6,6,6,23,17,91,33,21
m27-1,15348,Jaylen,Reed,Jaylen Reed,FS,Houston Texans,Texans,23,72,211,Penn State,1,23,29,1,2003,68,Zone - S,Launch Ratings,1,,,,,,,,92,85,65,61,46,14,49,58,65,84,53,35,78,54,91,59,81,15,19,76,25,65,35,35,35,6,62,37,66,75,25,17,21,28,35,35,35,Default Stride Loose,58,89,53,89,39,67,65,6,6,6,6,24,12,89,41,70
m27-1,22090,Jeremy,Ruckert,Jeremy Ruckert,TE,NY Jets,Jets,26,77,250,Ohio State,4,89,11,8,2000,68,Possession - TE,Launch Ratings,1,,,,,,,,84,74,68,65,36,11,57,76,80,69,76,24,42,72,92,62,78,24,28,15,62,14,59,60,61,13,20,33,16,42,62,53,57,64,65,60,67,Long Stride Default,78,81,62,84,63,78,37,14,20,25,15,30,10,87,70,15
m27-1,22188,Jesse,Luketa,Jesse Luketa,REDG,New England Patriots,Patriots,27,75,260,Penn State,4,42,15,1,1999,68,Smaller Speed Rusher - DE,Launch Ratings,1,,,,,,,,80,73,73,41,75,18,31,42,39,74,32,64,83,88,91,43,89,20,22,10,25,36,45,45,45,5,72,69,25,82,15,5,10,15,45,45,45,Default Stride Loose,34,75,39,78,40,72,78,5,10,15,15,21,10,88,36,44
m27-1,14671,Jha'Quan,Jackson,Jha'Quan Jackson,WR,Houston Texans,Texans,26,69,188,Tulane,2,88,15,5,2000,68,Deep Threat - WR,Launch Ratings,1,,,,,,,,92,85,65,77,20,20,70,73,80,85,75,10,12,36,84,78,81,14,18,82,22,12,22,20,29,6,14,10,15,35,66,68,70,71,31,23,37,Default,76,92,72,80,41,54,26,6,10,15,10,22,15,84,36,19
m27-1,14658,Johnny,Wilson,Johnny Wilson,WR,Philadelphia Eagles,Eagles,25,79,231,Florida State,2,89,3,4,2001,68,Deep Threat - WR,Launch Ratings,1,,,,,,,,90,82,71,77,29,25,76,72,78,84,78,10,32,50,82,77,92,15,19,29,33,15,27,30,46,6,13,10,20,30,72,71,70,71,27,35,46,Long Stride Default,82,88,69,83,59,70,31,6,10,15,10,27,18,80,63,18
m27-1,13038,Johnny,Mundt,Johnny Mundt,TE,Philadelphia Eagles,Eagles,31,76,245,Oregon,9,83,23,11,1994,68,Possession - TE,Launch Ratings,1,,,,,,,,84,76,74,66,26,18,63,71,79,74,76,16,30,60,83,61,74,20,22,10,50,14,54,58,60,6,24,22,10,33,63,56,60,66,60,56,64,Long Stride Default,76,83,57,81,71,74,33,6,6,6,6,25,10,84,69,24
m27-1,23123,Jon,Gaines II,Jon Gaines II,LG,Arizona Cardinals,Cardinals,26,76,315,UCLA,3,71,24,5,2000,68,Agile - G,Launch Ratings,1,,,,,,,,85,72,71,25,28,12,10,28,25,64,10,25,27,68,90,15,79,12,14,10,85,10,78,68,74,6,25,24,10,24,15,5,5,10,71,67,69,Default Stride Awkward,12,72,13,87,29,77,25,6,6,6,6,20,11,76,30,12
m27-1,21996,Jonah,Williams,Jonah Williams,DT,Arizona Cardinals,Cardinals,31,77,312,Weber State,6,92,17,8,1995,68,Power Rusher - DT,Launch Ratings,1,,,,,,,,77,72,66,30,74,12,35,42,37,59,27,63,82,82,90,24,83,13,17,10,36,16,46,46,46,9,67,70,18,73,22,12,15,18,45,45,45,Long Stride Awkward,32,77,22,73,41,82,81,9,9,9,9,23,17,78,39,20
m27-1,15167,Jonah,Savaiinaea,Jonah Savaiinaea,RG,Miami Dolphins,Dolphins,22,76,324,Arizona,1,71,13,1,2004,68,Agile - G,Launch Ratings,1,,,,,,,,78,65,72,10,23,10,5,30,21,57,15,10,26,84,89,11,59,15,15,10,82,10,68,64,66,6,22,10,10,23,16,5,5,10,75,71,73,Long Stride Awkward,18,74,13,88,14,84,20,6,6,6,6,22,13,90,30,10
m27-1,10199,Jordan,van den Berg,Jordan van den Berg,DT,Chicago Bears,Bears,24,75,310,Georgia Tech,0,96,12,4,2002,68,Power Rusher - DT,Launch Ratings,1,,,,,,,,84,65,63,26,72,12,13,47,30,75,26,61,78,83,87,26,86,24,15,10,28,29,45,45,45,6,61,69,25,73,24,2,13,16,45,45,45,Default Stride Awkward,26,74,26,76,32,89,77,6,6,6,6,25,10,87,40,26
m27-1,23280,Jordon,Riley,Jordon Riley,DT,Green Bay Packers,Packers,28,77,338,Oregon,3,97,19,5,1998,68,Speed Rusher - DT,Launch Ratings,1,,,,,,,,61,47,65,22,75,10,13,29,20,51,14,49,84,89,87,15,64,7,8,10,21,11,45,45,45,5,70,65,13,72,11,5,6,10,45,45,45,Long Stride Awkward,16,63,15,69,28,88,82,5,6,7,5,15,10,80,40,13
m27-1,15016,Josh,Williams,Josh Williams,HB,Tampa Bay Buccaneers,Buccaneers,25,69,210,LSU,1,18,9,6,2001,68,Elusive Back - HB,Launch Ratings,1,,,,,,,,91,83,68,78,33,26,78,89,68,83,48,20,33,35,88,77,92,11,14,71,32,22,23,22,44,28,27,15,23,34,47,46,52,58,27,29,35,Default,47,88,69,84,77,72,35,20,25,30,28,36,22,87,79,26
m27-1,1448,Josh,Butler,Josh Butler,CB,Dallas Cowboys,Cowboys,29,71,182,Michigan St.,3,31,25,11,1996,68,Zone - CB,Launch Ratings,1,,,,,,,,92,83,65,65,48,22,53,54,60,84,51,33,58,44,85,72,86,11,12,42,15,68,19,21,26,12,62,28,68,71,20,8,15,20,23,24,30,Default Stride Loose,51,91,64,80,35,56,61,15,21,24,14,21,14,78,43,72
m27-1,16245,Josh,Cameron,Josh Cameron,WR,Jacksonville Jaguars,Jaguars,23,74,220,Baylor,0,19,18,3,2003,68,Deep Threat - WR,Launch Ratings,1,,,,,,,,89,83,63,79,25,32,79,68,81,80,81,22,32,47,92,74,88,32,35,78,35,22,29,28,31,21,20,26,26,28,75,70,72,68,33,30,52,Default Stride Loose,78,88,67,87,70,75,26,17,16,11,23,28,26,91,63,25
m27-1,16274,Justin,Joly,Justin Joly,TE,Denver Broncos,Broncos,22,76,241,N.C. State,0,80,9,7,2004,68,Vertical Threat - TE,Launch Ratings,1,,,,,,,,89,83,60,71,50,36,70,75,82,80,78,28,48,60,92,73,78,26,28,35,54,37,55,56,57,32,45,30,24,52,67,58,61,68,57,58,58,Long Stride Default,78,83,66,90,63,73,52,27,35,40,39,53,31,93,61,42
m27-1,10177,Kaden,Wetjen,Kaden Wetjen,WR,Pittsburgh Steelers,Steelers,24,69,193,Iowa,0,10,9,3,2002,68,Deep Threat - WR,Launch Ratings,1,,,,,,,,91,85,74,84,19,18,75,68,77,81,73,18,21,33,91,82,86,19,24,85,21,18,23,22,20,20,22,17,19,25,66,64,65,66,26,25,38,Default,74,90,76,87,56,58,20,13,14,22,19,26,22,90,50,22
m27-1,4765,Kaden,Davis,Kaden Davis,WR,Chicago Bears,Bears,27,73,193,NW Missouri State,1,27,25,9,1998,68,Deep Threat - WR,Launch Ratings,1,,,,,,,,94,87,61,76,27,23,71,74,81,89,77,10,29,43,87,76,87,20,22,71,21,15,19,21,25,16,18,10,14,32,66,71,70,72,25,19,44,Default,77,91,67,88,44,66,27,12,15,15,19,22,19,87,35,20
m27-1,10194,Karon,Prunty,Karon Prunty,CB,New England Patriots,Patriots,24,74,190,Wake Forest,0,21,24,12,2001,68,Manto Man - CB,Launch Ratings,1,,,,,,,,93,89,60,61,46,15,56,58,57,88,63,38,53,41,86,68,80,16,18,58,15,71,35,35,35,6,63,33,68,70,30,28,30,27,35,35,35,Default Stride Loose,64,91,68,89,36,59,56,6,6,6,6,27,10,82,33,70
m27-1,16233,Keith,Abney II,Keith Abney II,CB,Detroit Lions,Lions,21,70,188,Arizona St.,0,28,11,1,2005,68,Zone - CB,Launch Ratings,1,,,,,,,,91,86,64,65,45,18,57,59,65,81,65,35,60,44,86,71,89,15,17,57,16,71,35,35,35,6,65,37,65,68,39,33,38,39,35,35,35,Default Stride Loose,64,91,63,87,33,57,56,6,6,6,6,26,10,82,36,72
m27-1,10185,Keyshawn,James-Newby,Keyshawn James-Newby,LEDG,Philadelphia Eagles,Eagles,24,74,238,New Mexico,0,50,8,8,2002,68,Power Rusher - DE,Launch Ratings,1,,,,,,,,86,80,61,39,68,20,40,49,32,70,32,66,76,71,82,30,75,29,28,35,22,22,45,45,45,15,56,76,32,75,18,10,15,18,45,45,45,Long Stride Loose,30,87,29,78,38,75,77,10,15,20,13,25,24,82,38,28
m27-1,1071,Kiran,Amegadjie,Kiran Amegadjie,RT,Chicago Bears,Bears,24,77,326,Yale,2,72,1,2,2002,68,Power - OT,Launch Ratings,1,,,,,,,,74,69,69,30,30,12,20,32,37,55,34,21,35,82,89,15,72,25,25,10,82,15,70,72,72,13,20,36,11,27,25,14,21,24,73,72,73,Long Stride Awkward,32,70,15,83,34,88,33,19,21,25,12,24,11,79,40,14
m27-1,16151,Korie,Black,Korie Black,CB,NY Giants,Giants,24,72,192,Oklahoma St.,1,38,22,6,2002,68,Manto Man - CB,Launch Ratings,1,,,,,,,,91,83,62,59,46,28,45,53,68,83,53,27,62,39,89,68,92,22,25,45,23,70,35,25,35,28,61,32,63,73,30,24,23,23,35,25,35,Default Stride Loose,62,94,61,91,30,58,60,9,18,27,23,22,31,89,24,72
m27-1,1171,KT,Leveston,KT Leveston,RG,Cleveland Browns,Browns,26,76,337,Kansas State,2,72,28,10,1999,68,Power - G,Launch Ratings,1,,,,,,,,65,55,71,14,35,10,19,29,29,52,14,10,35,81,91,14,69,10,13,10,79,12,67,71,71,7,10,10,10,25,12,6,8,12,76,75,75,Default Stride Awkward,12,60,15,81,33,85,35,5,5,10,6,13,5,90,28,11
m27-1,20422,L.J.,Collier,L.J. Collier,DT,Arizona Cardinals,Cardinals,30,74,300,TCU,7,91,12,9,1995,68,Speed Rusher - DT,Launch Ratings,1,,,,,,,,75,63,71,26,73,12,20,38,40,55,24,65,82,85,85,19,74,10,16,10,18,17,45,45,45,6,68,72,21,74,13,3,7,12,45,45,45,Long Stride Loose,23,77,14,72,30,83,80,6,6,6,6,23,10,84,32,26
m27-1,21951,LaCale,London,LaCale London,DT,Atlanta Falcons,Falcons,29,75,297,W. Illinois,6,94,5,8,1997,68,Speed Rusher - DT,Launch Ratings,1,,,,,,,,76,66,69,22,74,12,15,28,25,50,16,61,78,80,87,20,79,15,22,16,20,16,45,45,45,6,71,73,12,76,13,3,5,10,45,45,45,Long Stride Loose,16,71,18,73,29,83,78,6,6,6,6,24,14,81,26,22
m27-1,17555,Laquon,Treadwell,Laquon Treadwell,WR,Indianapolis Colts,Colts,31,74,215,Ole Miss,9,13,14,6,1995,68,Slot - WR,Launch Ratings,1,,,,,,,,85,81,72,80,37,22,72,74,83,75,80,11,15,43,88,76,86,22,23,25,21,16,15,11,43,20,21,11,16,40,71,72,72,74,26,32,45,Default Stride Loose,83,84,69,83,76,70,38,18,19,21,23,37,22,83,57,24
m27-1,16252,Logan,Taylor,Logan Taylor,LG,Los Angeles Chargers,Chargers,24,79,314,Boston College,0,65,7,2,2002,68,Agile - G,Launch Ratings,1,,,,,,,,68,60,64,12,24,13,10,21,27,53,17,30,34,80,86,10,76,36,37,10,80,17,74,72,72,6,24,29,10,37,15,5,5,16,74,72,73,Long Stride Awkward,27,66,10,87,11,88,32,6,6,6,6,14,11,85,28,17
m27-1,23367,Lucas,Havrisik,Lucas Havrisik,K,Green Bay Packers,Packers,26,74,188,Arizona,4,35,29,9,1999,68,Power - KP,Launch Ratings,1,,,,,,,,77,61,49,15,10,10,12,31,23,55,11,10,14,11,92,10,67,74,95,9,8,10,10,10,10,11,10,10,10,17,11,8,10,12,10,10,15,Default Stride Awkward,11,73,10,84,10,38,29,24,30,35,18,32,11,58,13,10
m27-1,13911,Malik,Turner,Malik Turner,WR,San Francisco 49ers,49ers,30,74,202,Illinois,8,81,30,1,1996,68,Deep Threat - WR,Launch Ratings,1,,,,,,,,88,83,61,79,44,26,76,71,80,80,77,10,41,45,82,81,84,15,18,67,30,20,29,30,37,16,25,10,15,46,70,70,73,71,27,32,54,Default Stride Loose,80,88,76,82,53,65,44,15,19,22,22,31,19,77,49,25
m27-1,22298,Matt,Henningsen,Matt Henningsen,DT,Denver Broncos,Broncos,27,75,291,Wisconsin,4,91,1,5,1999,68,Power Rusher - DT,Launch Ratings,1,,,,,,,,76,77,69,22,74,15,26,40,33,71,24,52,79,85,85,22,89,18,18,10,34,13,46,46,46,9,67,66,12,72,22,10,13,16,48,48,48,Default Stride Awkward,28,72,20,75,27,82,79,9,9,9,9,23,17,87,33,17
m27-1,16166,Micah,Morris,Micah Morris,RG,Philadelphia Eagles,Eagles,23,77,334,Georgia,0,76,25,8,2003,68,Power - G,Launch Ratings,1,,,,,,,,77,64,62,11,32,16,10,23,29,53,19,30,26,82,88,10,73,24,27,10,78,14,71,74,73,6,26,31,10,34,12,5,5,18,72,74,71,Long Stride Awkward,25,69,10,87,14,89,37,6,6,6,6,12,14,89,26,16
m27-1,22976,Mike,Morris,Mike Morris,DT,Seattle Seahawks,Seahawks,25,78,306,Michigan,3,94,22,4,2001,68,Power Rusher - DT,Launch Ratings,1,,,,,,,,84,69,63,45,79,7,29,52,51,61,41,59,81,85,91,42,71,14,17,10,29,25,40,40,40,6,65,69,35,74,19,11,16,25,45,45,45,Long Stride Awkward,45,74,35,69,47,82,75,5,5,11,6,22,8,88,44,32
m27-1,22665,Mitchell,Fraboni,Mitchell Fraboni,LS,Denver Broncos,Broncos,29,74,223,Arizona St.,5,48,28,10,1996,68,Accurate - LS,Launch Ratings,1,,,,,,,,75,66,53,51,41,15,25,60,45,66,39,10,52,65,88,42,73,14,15,10,50,17,51,49,54,10,32,10,15,49,24,35,40,44,45,51,54,Default Stride Awkward,40,79,45,77,54,75,55,10,15,25,10,35,10,83,49,18
m27-1,21264,Myles,Bryant,Myles Bryant,SS,Cleveland Browns,Browns,28,69,192,Washington,6,27,2,1,1998,68,Hybrid - S,Launch Ratings,1,,,,,,,,86,88,71,70,54,12,50,61,71,91,58,35,73,53,90,71,77,12,16,48,15,66,35,35,35,6,70,26,66,77,31,22,26,32,35,35,35,Short Stride Loose,61,90,63,89,36,52,64,6,6,16,6,42,12,87,27,62
m27-1,1142,Myles,Harden,Myles Harden,CB,Cleveland Browns,Browns,24,71,195,South Dakota,2,26,13,12,2001,68,Manto Man - CB,Launch Ratings,1,,,,,,,,94,90,53,57,49,22,62,55,71,95,57,34,73,43,87,75,85,11,11,55,19,71,25,25,30,14,54,28,67,74,35,27,30,32,30,30,35,Default Stride Loose,62,89,72,83,37,59,68,19,22,23,17,24,13,88,30,68
m27-1,14921,Nathaniel,Watson,Nathaniel Watson,SAM,Cleveland Browns,Browns,26,74,233,Mississippi St.,2,40,1,9,2000,68,Run Stopper - OLB,Launch Ratings,1,,,,,,,,87,72,68,62,69,12,49,54,62,72,53,59,83,78,88,54,76,14,15,25,41,58,33,35,35,5,64,72,56,78,14,6,8,15,41,41,45,Default Stride High and Tight,58,84,53,82,45,68,85,7,11,14,6,17,13,86,56,64
m27-1,10939,Nick,Bellore,Nick Bellore,MIKE,Washington Commanders,Commanders,37,73,250,Central Michigan,15,57,12,5,1989,68,Field General - MLB,Launch Ratings,1,,,,,,,,79,78,71,50,67,12,28,68,61,75,47,50,73,67,87,56,79,16,20,10,77,58,38,43,66,6,68,64,50,76,41,33,40,52,53,57,63,Default Stride Awkward,40,84,48,78,55,80,83,6,6,6,6,25,10,80,60,70
m27-1,22996,Noah,Sewell,Noah Sewell,SAM,Chicago Bears,Bears,24,73,246,Oregon,3,44,26,4,2002,68,Run Stopper - OLB,Launch Ratings,1,,,,,,,,89,74,63,72,72,12,63,64,63,73,55,55,90,80,88,72,80,19,15,35,38,52,45,45,45,6,63,71,53,77,27,17,24,34,45,45,45,Default Stride High and Tight,57,82,65,87,70,80,80,6,6,6,6,25,10,91,65,58
m27-1,22172,Otito,Ogbonnia,Otito Ogbonnia,DT,Dallas Cowboys,Cowboys,26,76,320,UCLA,4,91,25,8,2000,68,Speed Rusher - DT,Launch Ratings,1,,,,,,,,64,53,74,22,75,12,17,24,26,45,19,63,82,85,89,24,65,19,18,9,33,20,45,45,45,6,72,70,18,73,14,5,8,14,45,45,45,Long Stride Awkward,18,61,22,72,34,86,79,6,6,6,6,22,11,85,31,35
m27-1,15042,Phil,Mafah,Phil Mafah,HB,Dallas Cowboys,Cowboys,23,73,234,Clemson,1,37,24,10,2002,68,Power Back - HB,Launch Ratings,0,,,,,,,,88,80,74,78,41,34,78,90,67,79,53,28,39,45,88,77,79,30,27,80,33,30,43,41,53,27,35,34,30,46,48,45,50,58,35,36,38,Default Stride Loose,50,88,69,88,76,75,41,26,30,37,36,44,30,93,81,34
m27-1,22061,Pierre,Strong Jr,Pierre Strong Jr,HB,Green Bay Packers,Packers,27,71,207,S. Dakota St.,4,22,10,12,1998,68,Elusive Back - HB,Launch Ratings,1,,,,,,,,93,84,64,77,35,35,76,82,63,82,49,10,36,42,90,83,88,16,22,69,41,23,25,25,46,28,29,10,19,44,53,42,51,57,28,33,40,Default,48,92,72,89,73,66,38,28,38,44,40,41,28,86,74,31
m27-1,1096,Qwan'tez,Stiggers,Qwan'tez Stiggers,CB,NY Jets,Jets,24,72,197,No College,3,37,8,1,2002,68,Zone - CB,Launch Ratings,1,,,,,,,,94,83,63,66,54,23,57,57,73,81,61,34,68,56,92,69,86,15,15,55,32,69,24,25,30,15,65,26,60,70,24,16,21,24,31,30,35,Default Stride Loose,64,91,65,84,45,60,64,15,18,22,21,31,22,83,34,69
m27-1,10239,Raylen,Sharpe,Raylen Sharpe,WR,Indianapolis Colts,Colts,24,69,169,Arkansas,0,8,27,3,2002,68,Deep Threat - WR,Launch Ratings,1,,,,,,,,92,85,59,81,30,21,75,67,83,86,75,27,33,39,87,82,88,29,30,74,26,30,17,26,20,16,35,28,23,36,69,70,69,66,20,18,47,Default,76,87,76,84,53,58,37,15,22,25,16,29,23,85,43,28
m27-1,21702,Robert,Rochell,Robert Rochell,CB,Carolina Panthers,Panthers,28,74,195,Central Arkansas,5,33,26,4,1998,68,Zone - CB,Launch Ratings,1,,,,,,,,91,90,69,65,41,10,44,59,66,89,53,33,49,42,87,74,94,20,20,59,13,64,35,35,35,6,67,26,64,61,33,26,31,36,35,35,35,Default Stride Loose,63,92,67,88,34,55,52,6,6,6,6,35,11,72,35,69
m27-1,16144,Ruben,Hyppolite II,Ruben Hyppolite II,WILL,Chicago Bears,Bears,24,72,236,Maryland,1,47,16,9,2001,68,Pass Coverage - OLB,Launch Ratings,1,,,,,,,,91,84,70,53,64,23,41,60,61,76,54,58,79,72,87,54,80,19,23,10,26,58,45,45,45,6,68,57,47,80,29,24,27,32,45,45,45,Default Stride High and Tight,58,88,51,87,47,68,79,6,6,6,6,24,11,87,43,64
m27-1,22291,Russ,Yeast,Russ Yeast,FS,Cincinnati Bengals,Bengals,27,70,195,Kansas State,4,39,8,5,1999,68,Zone - S,Launch Ratings,1,,,,,,,,90,89,70,66,47,15,57,59,67,82,48,54,65,46,92,73,89,12,15,35,20,64,30,30,30,15,69,43,65,73,30,18,23,25,30,30,30,Default,60,86,65,89,40,62,61,10,10,15,15,25,16,83,46,70
m27-1,20930,Salvon,Ahmed,Salvon Ahmed,HB,Chicago Bears,Bears,27,71,197,Washington,6,36,29,12,1998,68,Elusive Back - HB,Launch Ratings,1,,,,,,,,90,83,68,77,30,24,77,86,65,80,47,12,20,36,86,81,83,10,16,75,37,31,30,35,54,15,30,10,22,41,46,50,53,56,23,19,30,Default Stride Loose,44,90,73,84,63,62,31,15,20,25,15,30,20,83,61,27
m27-1,22661,Sam,Okuayinonu,Sam Okuayinonu,LEDG,San Francisco 49ers,49ers,28,73,269,Maryland,4,91,1,5,1998,68,Power Rusher - DE,Launch Ratings,1,,,,,,,,84,67,63,15,71,12,24,27,35,63,20,66,77,79,88,19,85,31,36,10,23,29,30,30,35,6,62,75,20,77,12,3,5,10,35,35,40,Short Stride Awkward,32,79,15,69,21,83,77,5,6,7,7,21,8,82,35,35
m27-1,16313,Sam,Hecht,Sam Hecht,C,Carolina Panthers,Panthers,23,76,303,Kansas State,0,75,3,4,2003,68,Agile - C,Launch Ratings,1,,,,,,,,77,60,72,13,45,12,10,33,33,57,11,22,33,82,85,18,70,16,15,10,79,15,75,75,75,6,36,24,10,32,11,5,5,10,76,74,76,Long Stride Awkward,15,69,10,86,24,81,37,6,6,6,6,19,6,86,34,13
m27-1,22498,Sam,Roberts,Sam Roberts,DT,NY Giants,Giants,28,77,295,NW Missouri State,4,99,14,4,1998,68,Power Rusher - DT,Launch Ratings,1,,,,,,,,74,57,71,27,74,12,16,25,24,49,11,62,79,83,89,22,74,12,13,10,47,12,47,49,48,6,70,75,10,77,14,4,8,15,51,49,51,Default Stride Awkward,15,68,24,72,31,85,78,6,6,6,6,14,10,85,40,13
m27-1,23268,Scott,Matlock,Scott Matlock,DT,Los Angeles Chargers,Chargers,26,76,296,Boise State,3,44,28,6,2000,68,Power Rusher - DT,Launch Ratings,1,,,,,,,,81,73,74,26,67,13,30,70,68,61,55,64,77,78,90,41,73,16,18,10,87,15,51,55,66,8,73,70,20,79,48,39,48,58,58,61,70,Default Stride Awkward,56,74,35,74,35,85,76,7,10,13,7,22,9,79,40,19
m27-1,14999,Sione,Vaki,Sione Vaki,HB,Detroit Lions,Lions,25,72,216,Utah,2,33,30,7,2001,68,Elusive Back - HB,Launch Ratings,1,,,,,,,,91,83,69,76,61,51,75,84,69,82,53,52,78,65,91,81,89,33,35,77,45,57,36,39,53,26,64,43,59,77,58,49,56,64,35,38,42,Default,55,89,76,80,72,74,69,35,42,47,44,48,27,90,77,70
m27-1,21520,Ta'Quon,Graham,Ta'Quon Graham,DT,Philadelphia Eagles,Eagles,27,76,294,Texas,5,77,1,12,1998,68,Power Rusher - DT,Launch Ratings,1,,,,,,,,78,71,64,41,75,12,24,25,25,57,14,65,80,81,91,32,79,17,17,9,14,19,45,44,44,6,62,72,19,76,15,3,5,12,45,46,45,Long Stride Loose,14,74,27,77,28,86,78,6,6,6,6,23,12,88,30,27
m27-1,15017,Tahj,Washington,Tahj Washington,WR,Miami Dolphins,Dolphins,25,70,174,USC,2,84,16,5,2001,68,Deep Threat - WR,Launch Ratings,1,,,,,,,,87,89,48,81,25,22,75,76,82,88,78,10,21,37,86,81,83,11,11,76,23,10,20,18,25,6,15,10,10,25,68,74,73,72,23,16,36,Default Stride Loose,77,88,75,84,40,53,20,6,10,15,10,22,16,87,40,17
m27-1,13731,Tanner,Hudson,Tanner Hudson,TE,Cincinnati Bengals,Bengals,31,77,241,Southern Arkansas,8,87,12,11,1994,68,Vertical Threat - TE,Launch Ratings,1,,,,,,,,85,77,74,63,29,14,53,68,83,69,77,17,27,63,87,60,83,19,21,18,48,14,50,55,56,6,22,17,17,28,63,55,60,66,58,62,62,Long Stride Default,79,82,58,77,56,70,32,6,10,15,10,30,10,77,69,21
m27-1,20867,Tom,Kennedy,Tom Kennedy,WR,Detroit Lions,Lions,30,70,194,Bryant,8,85,29,7,1996,68,Slot - WR,Launch Ratings,1,,,,,,,,89,88,70,79,37,22,72,69,83,85,75,11,24,42,87,78,86,18,22,77,22,15,19,21,36,18,20,11,16,39,66,72,69,70,20,25,45,Short Stride Default,76,86,73,80,52,64,33,29,34,42,45,47,28,81,40,20
m27-1,15223,Tonka,Hemingway,Tonka Hemingway,DT,Las Vegas Raiders,Raiders,24,75,284,South Carolina,1,97,31,10,2001,68,Power Rusher - DT,Launch Ratings,1,,,,,,,,84,72,66,47,80,13,44,63,54,65,55,70,75,75,93,25,78,22,27,22,22,27,45,45,45,12,63,74,29,74,43,32,37,42,45,45,45,Long Stride Default,53,72,22,84,32,81,75,7,10,14,15,21,18,92,59,37
m27-1,20640,Travis,Homer,Travis Homer,HB,Pittsburgh Steelers,Steelers,28,70,202,Miami,7,21,7,8,1998,68,Elusive Back - HB,Launch Ratings,1,,,,,,,,92,81,73,76,38,23,74,84,69,82,53,10,32,46,90,81,90,14,19,73,37,15,36,41,55,13,20,10,17,39,53,45,52,60,24,25,34,Default Stride High and Tight,50,90,71,83,65,62,35,12,15,21,15,25,11,82,72,20
m27-1,13467,Tremon,Smith,Tremon Smith,CB,Houston Texans,Texans,30,72,190,Central Arkansas,9,11,20,7,1996,68,Zone - CB,Launch Ratings,1,,,,,,,,93,82,68,70,42,26,57,76,78,83,71,29,48,30,90,77,82,13,17,83,26,63,22,26,37,20,69,22,71,67,50,34,41,48,24,22,34,Default Stride Loose,76,91,68,88,47,58,51,19,25,29,32,47,21,80,43,68
m27-1,16155,Trikweze,Bridges,Trikweze Bridges,CB,Dallas Cowboys,Cowboys,25,75,196,Florida,1,25,20,9,2000,68,Zone - CB,Launch Ratings,1,,,,,,,,94,83,64,72,47,32,50,59,73,80,63,37,52,42,91,72,83,28,23,78,24,68,35,25,35,24,61,24,64,70,35,32,33,35,35,25,35,Default Stride Loose,68,91,64,85,43,62,52,15,19,19,23,22,24,92,32,72
m27-1,20978,Trystan,Colon,Trystan Colon,LG,Jacksonville Jaguars,Jaguars,28,75,313,Missouri,6,69,23,3,1998,68,Agile - G,Launch Ratings,1,,,,,,,,60,59,76,10,23,12,9,30,30,48,10,12,22,81,90,10,64,21,22,10,79,11,74,72,73,6,28,15,10,25,12,5,5,10,75,71,73,Default Stride Awkward,12,70,10,82,10,80,35,6,6,6,6,22,15,87,20,13
m27-1,22325,Tyler,Goodson,Tyler Goodson,HB,Atlanta Falcons,Falcons,25,69,197,Iowa,4,25,10,11,2000,68,Elusive Back - HB,Launch Ratings,1,,,,,,,,92,87,65,73,20,35,73,81,67,84,60,10,22,35,86,81,81,21,25,56,34,18,20,24,42,15,20,10,20,37,43,45,54,62,15,17,27,Short Stride Default,58,91,76,82,74,57,24,15,20,25,15,30,11,73,50,20
m27-1,21029,Tyler,Huntley,Tyler Huntley,QB,Baltimore Ravens,Ravens,28,73,204,Utah,6,5,3,2,1998,68,Field General - QB,Launch Ratings,1,,,,,,,,90,85,66,74,17,79,60,60,46,80,43,10,12,15,84,68,88,11,17,10,10,10,10,10,11,77,13,10,10,24,20,18,21,29,10,10,11,Default,45,85,69,80,25,53,17,72,80,83,79,86,78,88,38,12
m27-1,15217,Vernon,Broughton,Vernon Broughton,DT,New Orleans Saints,Saints,25,77,311,Texas,1,91,15,7,2001,68,Power Rusher - DT,Launch Ratings,1,,,,,,,,80,63,69,46,74,17,36,62,51,59,46,69,82,86,87,41,72,23,26,28,25,9,45,45,45,13,68,74,15,72,44,38,42,45,45,45,45,Long Stride Awkward,50,72,33,76,42,86,76,7,7,12,11,13,12,87,46,15
m27-1,16271,Wade,Woodaz,Wade Woodaz,WILL,Houston Texans,Texans,22,76,235,Clemson,0,30,5,2,2004,68,Run Stopper - OLB,Launch Ratings,1,,,,,,,,89,75,70,55,63,18,38,56,64,70,38,47,80,67,85,45,85,17,15,17,28,58,42,42,45,6,69,48,43,82,26,18,23,28,44,64,45,Default Stride High and Tight,45,87,56,87,43,73,79,6,6,6,6,13,10,86,48,66
m27-1,14774,Will,Sheppard,Will Sheppard,WR,Green Bay Packers,Packers,24,75,196,Colorado,1,82,11,2,2002,68,Slot - WR,Launch Ratings,1,,,,,,,,91,80,67,82,27,17,75,71,79,81,81,22,24,45,88,78,89,17,23,55,26,21,22,28,29,18,29,21,22,28,68,71,72,74,30,24,47,Default,82,86,71,83,52,68,29,12,10,15,7,28,12,85,51,28
m27-1,22687,Will,Levis,Will Levis,QB,Tennessee Titans,Titans,27,76,229,Kentucky,3,8,27,6,1999,68,Strong Arm - QB,Launch Ratings,1,,,,,,,,85,83,58,82,18,68,72,62,47,79,13,10,20,26,86,66,89,16,27,10,19,10,10,10,13,78,12,10,10,22,14,11,13,16,16,12,20,Default,16,80,73,80,53,69,25,77,79,81,80,94,76,93,68,15
m27-1,23311,Xavier,Smith,Xavier Smith,WR,Los Angeles Rams,Rams,28,69,180,Florida AM,3,19,21,9,1997,68,Deep Threat - WR,Launch Ratings,0,,,,,,,,93,78,68,81,26,29,74,76,84,79,75,10,30,34,84,76,82,18,21,80,20,13,14,10,23,27,16,10,13,32,69,72,71,72,24,17,38,Default,77,90,67,81,60,60,27,27,32,38,34,47,28,79,50,17
m27-1,15225,Yahya,Black,Yahya Black,DT,Pittsburgh Steelers,Steelers,24,78,336,Iowa,1,94,21,4,2002,68,Power Rusher - DT,Launch Ratings,1,,,,,,,,66,63,68,30,75,14,22,37,22,55,18,62,80,83,87,21,65,21,22,27,25,9,45,45,45,12,68,70,12,75,12,10,13,16,45,45,45,Long Stride Awkward,18,60,16,82,37,87,79,8,10,11,15,15,14,87,30,14
m27-1,22925,Zacch,Pickens,Zacch Pickens,DT,NY Giants,Giants,26,76,300,South Carolina,3,96,6,3,2000,68,Power Rusher - DT,Launch Ratings,1,,,,,,,,83,69,68,49,71,17,42,58,45,60,41,61,82,80,93,43,75,14,15,10,34,19,35,35,35,6,69,71,32,79,34,25,31,36,40,40,40,Long Stride Awkward,42,76,38,69,60,81,78,6,6,6,6,20,9,89,47,26
m27-1,21162,A.J.,Green III,A.J. Green III,CB,Miami Dolphins,Dolphins,28,74,198,Oklahoma St.,6,24,9,6,1998,67,Zone - CB,Launch Ratings,1,,,,,,,,89,79,72,50,42,10,39,54,66,80,57,27,52,48,90,70,82,17,18,40,15,67,34,33,10,6,68,26,75,71,27,11,16,26,34,33,15,Default Stride Loose,56,85,62,87,32,59,57,6,6,6,6,27,11,78,26,72
m27-1,15213,Aeneas,Peebles,Aeneas Peebles,DT,Baltimore Ravens,Ravens,24,73,289,Virginia Tech,1,90,3,9,2001,67,Power Rusher - DT,Launch Ratings,1,,,,,,,,81,64,69,29,75,12,23,38,27,57,20,72,77,80,93,20,80,19,20,25,26,16,45,45,45,6,65,74,22,76,18,10,12,15,45,45,45,Long Stride Loose,22,73,19,83,28,81,78,6,6,6,6,23,10,88,26,21
m27-1,22716,Aidan,O'Connell,Aidan O'Connell,QB,Las Vegas Raiders,Raiders,28,75,210,Purdue,3,12,1,9,1998,67,Field General - QB,Launch Ratings,1,,,,,,,,79,73,69,59,20,59,35,64,21,75,10,10,15,19,81,39,73,13,15,10,14,10,19,14,17,78,13,10,10,23,12,10,10,10,15,11,15,Long Stride Default,10,75,31,78,26,55,20,75,79,85,78,86,79,82,27,13
m27-1,20950,Albert,Okwuegbunam,Albert Okwuegbunam,TE,Las Vegas Raiders,Raiders,28,77,258,Missouri,6,85,25,4,1998,67,Vertical Threat - TE,Launch Ratings,1,,,,,,,,90,81,55,75,54,16,64,71,79,71,80,39,48,63,83,65,86,12,19,25,52,16,58,57,59,6,33,31,19,53,64,61,58,64,60,58,60,Long Stride Default,79,86,65,86,64,70,46,6,10,15,10,24,15,77,66,22
m27-1,22875,Alex,Forsyth,Alex Forsyth,C,Denver Broncos,Broncos,27,76,312,Oregon,3,54,13,2,1999,67,Power - C,Launch Ratings,1,,,,,,,,65,54,71,26,31,12,26,23,34,50,37,10,38,81,90,24,55,22,24,10,76,12,72,77,75,6,20,10,15,34,33,15,21,31,74,72,73,Default Stride Awkward,35,66,23,84,37,86,34,6,6,6,6,25,10,85,32,13
m27-1,1804,Alex,Harkey,Alex Harkey,RT,Los Angeles Chargers,Chargers,25,78,327,Oregon,0,73,22,7,2001,67,Power - OT,Launch Ratings,1,,,,,,,,71,61,70,12,31,12,18,26,26,51,27,30,44,81,85,10,76,12,10,10,80,12,72,74,73,6,18,29,10,24,28,18,24,28,72,72,74,Long Stride Awkward,23,66,10,84,15,84,39,6,6,6,6,15,12,89,24,13
m27-1,20448,Amani,Oruwariye,Amani Oruwariye,CB,Baltimore Ravens,Ravens,30,74,205,Penn State,7,25,9,2,1996,67,Zone - CB,Launch Ratings,1,,,,,,,,84,85,74,65,50,15,58,62,73,83,62,41,53,44,88,72,87,17,18,56,15,66,34,33,33,6,70,35,78,72,27,11,16,26,34,33,34,Long Stride Loose,70,87,66,90,35,65,52,6,6,6,6,27,13,89,41,72
m27-1,1809,Andre,Fuller,Andre Fuller,CB,Seattle Seahawks,Seahawks,24,73,200,Toledo,0,35,8,4,2002,67,Manto Man - CB,Launch Ratings,1,,,,,,,,92,84,60,63,46,17,55,57,65,82,58,40,59,48,86,71,84,14,16,54,16,72,35,35,35,6,58,36,71,68,30,23,28,26,35,35,35,Default Stride Loose,61,89,62,88,35,64,57,6,6,6,6,24,10,85,32,66
m27-1,20672,Andre,James,Andre James,C,Tennessee Titans,Titans,29,76,300,UCLA,7,61,2,5,1997,67,Agile - C,Launch Ratings,1,,,,,,,,67,56,70,10,39,12,7,37,29,50,25,15,20,83,91,10,72,21,22,10,79,13,78,75,77,6,20,25,10,29,16,5,5,15,73,70,72,Default Stride Awkward,15,66,10,88,19,83,32,6,6,6,6,25,10,83,20,15
m27-1,10197,Anterio,Thompson,Anterio Thompson,DT,Atlanta Falcons,Falcons,23,74,306,Washington,0,98,29,10,2002,67,Speed Rusher - DT,Launch Ratings,1,,,,,,,,76,58,64,27,72,12,17,43,36,68,29,63,79,80,82,29,73,23,14,10,22,29,45,45,45,6,61,69,45,75,26,2,12,14,45,45,45,Default Stride Awkward,26,78,30,71,32,88,79,6,6,6,6,27,10,84,46,16
m27-1,16350,Anthony,Smith,Anthony Smith,WR,Dallas Cowboys,Cowboys,24,74,189,East Carolina,0,83,1,3,2002,67,Deep Threat - WR,Launch Ratings,1,,,,,,,,94,85,58,78,24,36,72,69,77,82,77,19,23,38,88,78,86,60,62,66,24,19,20,27,29,33,26,18,18,25,72,73,68,69,30,27,46,Long Stride Default,81,92,71,83,56,57,26,42,40,49,39,60,35,87,45,24
m27-1,15090,Beaux,Collins,Beaux Collins,WR,NY Giants,Giants,23,75,206,Notre Dame,1,81,16,12,2002,67,Deep Threat - WR,Launch Ratings,1,,,,,,,,90,79,67,78,32,25,74,73,78,85,79,26,32,44,86,72,89,18,22,59,25,27,19,23,26,28,26,15,23,34,74,71,73,74,29,27,43,Long Stride Loose,80,88,65,83,65,73,35,22,14,22,25,26,18,84,60,34
m27-1,23007,Ben,VanSumeren,Ben VanSumeren,FB,Buffalo Bills,Bills,26,74,250,Michigan St.,3,45,5,5,2000,67,Utility - FB,Launch Ratings,1,,,,,,,,89,80,69,69,54,22,55,74,67,71,65,49,73,65,87,66,93,21,23,45,64,57,55,52,54,12,51,39,45,79,39,37,46,53,53,51,55,Default Stride Loose,65,87,61,79,60,75,72,10,15,20,14,30,12,77,62,54
m27-1,21641,Ben,Cleveland,Ben Cleveland,RG,Los Angeles Chargers,Chargers,28,78,357,Georgia,5,72,25,8,1998,67,Power - G,Launch Ratings,1,,,,,,,,71,64,68,10,35,12,12,14,12,48,13,12,30,76,85,11,70,12,13,10,78,11,66,72,68,5,17,21,10,17,13,5,5,12,70,72,71,Default Stride Awkward,15,69,10,83,26,90,31,5,5,5,5,23,10,85,32,11
m27-1,14884,Braiden,McGregor,Braiden McGregor,LEDG,NY Jets,Jets,25,77,267,Michigan,2,55,12,7,2001,67,Power Rusher - DE,Launch Ratings,1,,,,,,,,86,73,68,43,71,11,29,40,39,62,25,63,78,79,86,42,80,30,31,10,28,24,45,45,45,6,65,68,35,82,12,5,7,10,45,45,45,Long Stride High and Tight,28,80,35,79,46,73,82,5,6,7,5,27,5,83,41,29
m27-1,13425,Brandon,Parker,Brandon Parker,RT,San Francisco 49ers,49ers,30,80,320,N.C. AT,8,60,21,10,1995,67,Power - OT,Launch Ratings,1,,,,,,,,62,54,78,15,30,12,10,21,22,40,15,13,30,82,88,12,71,12,17,10,84,13,70,66,67,6,16,18,10,30,12,5,5,12,78,72,75,Long Stride Awkward,15,60,10,86,14,84,31,6,6,6,6,22,15,93,30,15
m27-1,14680,Cade,Stover,Cade Stover,TE,Houston Texans,Texans,26,76,247,Ohio State,2,8,12,6,2000,67,Possession - TE,Launch Ratings,1,,,,,,,,88,70,69,73,56,16,68,70,77,70,75,51,60,66,88,68,83,14,15,15,67,44,56,56,58,10,45,53,33,60,65,52,59,64,59,58,64,Long Stride Default,76,84,59,82,67,74,58,10,15,20,10,26,14,86,67,50
m27-1,16265,Cade,Klubnik,Cade Klubnik,QB,NY Jets,Jets,23,74,207,Clemson,0,10,10,8,2003,67,Strong Arm - QB,Launch Ratings,1,,,,,,,,90,85,48,73,38,80,73,60,45,82,39,26,25,38,91,71,81,43,53,28,33,27,35,28,44,81,47,18,12,43,18,29,30,36,27,34,38,Default,35,83,65,95,45,64,18,78,82,81,70,92,78,87,64,33
m27-1,21192,Calvin,Throckmorton,Calvin Throckmorton,RG,Denver Broncos,Broncos,30,77,311,Oregon,6,76,16,8,1996,67,Power - G,Launch Ratings,1,,,,,,,,56,50,70,35,44,12,31,30,39,47,30,35,65,82,90,22,68,21,22,10,78,15,68,74,71,6,45,46,10,50,24,19,22,25,67,72,70,Default Stride Awkward,34,63,15,87,33,84,49,6,6,6,6,30,10,93,24,20
m27-1,10652,Carson,Vinson,Carson Vinson,RT,Baltimore Ravens,Ravens,24,79,321,Alabama AM,1,76,13,11,2001,67,Power - OT,Launch Ratings,1,,,,,,,,70,63,70,13,37,13,14,26,28,52,15,14,25,83,87,10,71,11,14,13,79,11,74,72,74,6,22,23,10,31,17,5,5,15,74,71,73,Long Stride Awkward,29,68,10,86,21,81,24,6,6,6,6,15,11,87,25,14
m27-1,16316,Carver,Willis,Carver Willis,LG,San Francisco 49ers,49ers,24,77,303,Washington,0,74,20,4,2002,67,Agile - G,Launch Ratings,1,,,,,,,,66,63,58,17,22,32,14,25,28,57,28,10,40,81,84,10,67,12,10,10,79,11,73,72,72,26,21,10,10,21,24,14,20,24,77,71,77,Long Stride Awkward,26,69,10,86,12,83,27,28,32,35,25,25,24,89,29,12
m27-1,4662,Chandler,Brayboy,Chandler Brayboy,WR,Jacksonville Jaguars,Jaguars,25,72,199,Elon University,1,15,20,8,2001,67,Deep Threat - WR,Launch Ratings,1,,,,,,,,91,87,60,80,29,23,72,72,75,82,75,20,25,38,87,75,89,20,20,81,24,18,17,20,27,17,14,20,18,34,70,71,72,73,26,19,42,Default,78,90,72,83,45,64,28,13,18,20,19,28,17,89,51,23
m27-1,16256,Chase,Roberts,Chase Roberts,WR,Las Vegas Raiders,Raiders,25,76,210,BYU,0,86,21,1,2001,67,Slot - WR,Launch Ratings,1,,,,,,,,89,86,64,80,45,33,75,71,76,79,79,39,47,49,91,77,88,28,31,45,35,34,20,25,27,38,29,36,38,46,72,71,72,70,24,20,53,Default Stride Loose,79,84,70,87,68,68,49,41,47,52,53,64,34,88,58,39
m27-1,1251,Chris,Roland-Wallace,Chris Roland-Wallace,FS,Kansas City Chiefs,Chiefs,24,72,202,USC,2,30,23,11,2001,67,Hybrid - S,Launch Ratings,1,,,,,,,,90,78,73,60,42,38,52,62,65,73,63,45,50,45,88,72,85,15,18,55,18,71,34,33,33,35,71,37,65,69,61,58,60,62,34,33,34,Short Stride Loose,65,86,64,90,28,64,56,31,34,36,32,38,26,89,33,70
m27-1,14740,Christian,Jones,Christian Jones,LT,Arizona Cardinals,Cardinals,26,77,320,Texas,2,75,12,5,2000,67,Power - OT,Launch Ratings,1,,,,,,,,72,54,65,10,40,9,15,42,32,56,34,30,35,83,92,10,71,10,13,10,79,12,72,73,74,11,24,40,10,35,24,17,20,23,78,70,74,Long Stride Awkward,32,71,10,84,25,84,33,11,15,21,11,16,9,85,29,10
m27-1,13099,Chukwuma,Okorafor,Chukwuma Okorafor,RT,NY Jets,Jets,29,78,320,W. Michigan,8,79,8,8,1997,67,Power - OT,Launch Ratings,1,,,,,,,,62,56,71,10,24,12,12,27,24,51,15,14,29,82,91,10,61,13,18,10,82,11,71,75,73,6,18,18,10,26,13,7,10,15,77,71,74,Long Stride Awkward,12,67,10,88,10,85,28,6,6,6,6,18,13,81,24,13
m27-1,20366,Chuma,Edoga,Chuma Edoga,RT,Jacksonville Jaguars,Jaguars,29,75,315,USC,7,55,25,5,1997,67,Power - OT,Launch Ratings,1,,,,,,,,66,66,75,20,26,12,9,24,29,53,21,10,35,77,83,10,63,30,40,6,81,12,71,67,69,6,15,10,10,27,15,5,7,17,75,69,72,Default Stride Awkward,16,69,10,83,30,84,36,6,6,6,6,23,3,79,28,15
m27-1,1345,Cody,Schrader,Cody Schrader,HB,Denver Broncos,Broncos,26,69,214,Missouri,2,25,8,9,1999,67,Power Back - HB,Launch Ratings,1,,,,,,,,90,77,70,79,27,31,79,92,68,75,52,17,29,44,88,76,81,16,20,56,43,18,35,38,48,28,24,13,20,35,58,52,58,66,33,36,46,Default,56,85,72,83,78,73,36,27,30,35,33,36,27,84,78,27
m27-1,5000,Cole,Payton,Cole Payton,QB,Philadelphia Eagles,Eagles,23,75,232,North Dakota St.,0,10,26,10,2002,67,Strong Arm - QB,Launch Ratings,0,,,,,,,,91,80,41,87,20,77,74,65,59,75,16,12,18,25,86,75,90,13,17,15,18,10,11,15,16,82,16,11,10,24,21,16,20,28,13,17,24,Default,18,87,66,85,59,68,37,77,81,84,84,85,82,91,70,13
m27-1,15158,Connor,Colby,Connor Colby,LG,San Francisco 49ers,49ers,23,78,309,Iowa,1,75,16,1,2003,67,Power - G,Launch Ratings,1,,,,,,,,73,66,72,11,20,11,10,28,32,61,11,10,34,79,89,26,71,19,16,10,77,10,67,69,68,6,30,10,10,25,15,6,6,15,74,74,74,Long Stride Awkward,13,69,10,87,12,83,28,6,6,6,6,17,10,87,26,10
m27-1,15018,Cornelius,Johnson,Cornelius Johnson,WR,Baltimore Ravens,Ravens,25,75,208,Michigan,2,86,29,11,2000,67,Deep Threat - WR,Launch Ratings,1,,,,,,,,91,86,59,76,34,20,71,71,77,82,80,10,30,40,91,75,88,12,18,45,28,17,15,15,26,15,18,10,17,40,71,69,72,73,28,24,43,Long Stride Default,81,91,67,85,51,63,37,10,10,15,15,23,19,88,50,21
m27-1,22518,D'Anthony,Bell,D'Anthony Bell,FS,Seattle Seahawks,Seahawks,29,73,211,West Florida,4,23,17,10,1996,67,Hybrid - S,Launch Ratings,1,,,,,,,,88,83,65,73,58,15,63,59,62,81,55,40,86,63,91,72,86,12,14,60,26,67,35,35,35,6,63,45,73,70,48,44,47,51,35,35,35,Default Stride Loose,54,88,68,82,55,66,68,6,6,6,6,27,17,87,49,69
m27-1,22306,D.J.,Davidson,D.J. Davidson,DT,Washington Commanders,Commanders,28,75,320,Arizona St.,4,77,19,9,1997,67,Power Rusher - DT,Launch Ratings,1,,,,,,,,68,64,70,23,72,14,22,35,34,54,16,60,77,81,88,19,71,16,15,10,40,12,45,45,45,10,72,71,16,77,15,10,11,13,50,50,50,Long Stride Awkward,18,64,17,72,24,83,80,13,16,20,13,22,12,86,30,13
m27-1,16416,Dametrious,Crownover,Dametrious Crownover,RT,New England Patriots,Patriots,24,79,319,Texas AM,0,68,12,9,2001,67,Power - OT,Launch Ratings,1,,,,,,,,71,51,66,17,35,12,18,25,33,48,28,42,42,83,88,10,75,12,10,10,81,12,71,76,69,6,18,41,10,42,25,29,32,34,77,72,74,Long Stride Awkward,26,68,10,86,12,85,39,6,6,6,6,18,12,86,22,12
m27-1,22500,Daniel,Hardy,Daniel Hardy,LEDG,Chicago Bears,Bears,27,75,255,Montana State,4,92,15,12,1998,67,Smaller Speed Rusher - DE,Launch Ratings,1,,,,,,,,90,88,61,32,65,15,29,38,33,74,22,64,84,74,90,37,91,15,17,10,19,25,45,45,45,6,59,61,32,75,15,5,10,15,45,45,45,Default Stride Loose,25,82,33,74,38,71,81,6,6,6,6,23,12,78,35,36
m27-1,15344,Dante,Trader Jr,Dante Trader Jr,SS,Miami Dolphins,Dolphins,23,71,200,Maryland,1,11,13,2,2003,67,Zone - S,Launch Ratings,1,,,,,,,,91,81,66,65,52,26,53,61,69,82,58,35,76,49,88,63,81,15,20,70,25,62,35,35,35,17,63,37,69,76,33,26,30,35,35,35,35,Default Stride Loose,60,84,57,90,43,62,67,14,18,22,22,34,19,87,45,72
m27-1,22840,Davis,Allen,Davis Allen,TE,Los Angeles Rams,Rams,25,78,250,Clemson,3,87,3,2,2001,67,Vertical Threat - TE,Launch Ratings,1,,,,,,,,88,78,72,70,55,20,57,71,82,71,80,50,57,63,90,56,89,15,18,30,54,37,56,53,57,16,49,45,30,61,59,49,55,62,61,57,61,Long Stride Default,79,82,51,86,58,69,63,10,15,20,25,44,24,87,64,45
m27-1,22491,Deane,Leonard,Deane Leonard,CB,Los Angeles Chargers,Chargers,26,72,195,Ole Miss,4,33,20,11,1999,67,Manto Man - CB,Launch Ratings,1,,,,,,,,94,81,60,54,51,10,48,55,57,85,50,41,65,49,89,70,80,15,11,35,19,67,35,35,35,15,60,32,72,73,20,11,16,26,35,35,35,Default Stride Loose,51,92,61,87,35,60,62,10,10,15,15,23,11,79,38,65
m27-1,20922,DeeJay,Dallas,DeeJay Dallas,HB,Jacksonville Jaguars,Jaguars,27,70,225,Miami,6,20,16,9,1998,67,Power Back - HB,Launch Ratings,1,,,,,,,,85,79,75,78,32,33,78,90,71,75,60,17,25,44,91,76,81,16,20,76,43,24,35,38,52,31,24,13,26,44,63,53,61,67,33,36,49,Default Stride High and Tight,56,87,72,84,76,75,42,28,37,39,37,42,29,83,81,34
m27-1,16143,Dillon,Gabriel,Dillon Gabriel,QB,Cleveland Browns,Browns,25,72,205,Oregon,1,6,28,12,2000,67,Field General - QB,Launch Ratings,0,,,,,,,,86,79,69,75,33,67,65,62,41,78,21,32,30,31,89,59,72,37,49,21,30,24,27,25,24,84,29,30,22,39,28,18,16,21,26,29,18,Default,18,83,54,91,46,58,35,76,81,84,77,84,80,90,34,48
m27-1,23282,DJ,Ivey,DJ Ivey,CB,Cincinnati Bengals,Bengals,26,73,192,Miami,3,38,25,2,2000,67,Manto Man - CB,Launch Ratings,1,,,,,,,,90,83,61,65,41,15,50,59,64,87,56,38,62,42,90,69,92,16,19,55,18,70,30,30,30,6,58,27,72,64,14,11,12,17,35,35,35,Default Stride Loose,63,90,64,86,49,54,56,6,6,6,6,22,13,78,35,69
m27-1,16222,DJ,Campbell,DJ Campbell,RG,Miami Dolphins,Dolphins,22,75,321,Texas,0,63,24,9,2003,67,Power - G,Launch Ratings,1,,,,,,,,75,64,64,13,39,11,10,26,27,55,18,33,49,81,88,10,67,24,24,10,81,13,72,75,74,6,22,37,10,44,11,5,5,18,74,74,73,Long Stride Awkward,26,72,10,88,16,78,46,6,6,6,6,15,13,85,24,15
m27-1,16210,Domani,Jackson,Domani Jackson,CB,Green Bay Packers,Packers,23,73,194,Alabama,0,20,27,11,2002,67,Manto Man - CB,Launch Ratings,1,,,,,,,,91,89,61,68,45,14,55,58,64,88,62,38,59,46,87,70,81,12,14,57,17,68,35,35,35,6,60,30,66,70,30,27,28,27,35,35,35,Default Stride Loose,65,92,68,90,37,65,54,6,6,6,6,27,10,85,35,69
m27-1,15060,Dominic,Lovett,Dominic Lovett,WR,Detroit Lions,Lions,23,70,185,Georgia,1,19,8,11,2002,67,Deep Threat - WR,Launch Ratings,1,,,,,,,,92,80,66,78,28,31,71,73,82,84,76,24,23,31,87,72,81,21,21,64,24,67,15,21,24,22,44,21,30,27,70,69,68,69,17,17,38,Default Stride Loose,76,92,68,83,47,62,33,10,10,12,15,12,24,82,55,50
m27-1,22961,Dylan,Horton,Dylan Horton,LEDG,Houston Texans,Texans,26,76,275,TCU,3,92,21,8,2000,67,Power Rusher - DE,Launch Ratings,1,,,,,,,,82,70,68,48,69,11,27,40,39,65,25,64,79,76,91,42,82,30,31,10,28,24,45,45,45,6,70,69,35,81,12,5,7,10,45,45,45,Default Stride High and Tight,28,81,35,81,49,73,81,5,6,7,5,27,5,84,44,29
m27-1,15218,Elijah,Simmons,Elijah Simmons,DT,Tampa Bay Buccaneers,Buccaneers,25,73,334,Tennessee,1,92,26,7,2001,67,Power Rusher - DT,Launch Ratings,1,,,,,,,,69,67,63,21,73,12,16,36,38,55,18,63,79,88,87,18,78,12,16,10,26,20,45,45,45,6,61,72,15,75,15,5,7,16,45,45,45,Default Stride Awkward,18,63,18,84,31,89,80,6,6,6,6,20,10,88,30,25
m27-1,16199,Emmanuel,Henderson Jr.,Emmanuel Henderson Jr.,WR,Seattle Seahawks,Seahawks,22,73,185,Kansas,0,84,21,10,2003,67,Deep Threat - WR,Launch Ratings,1,,,,,,,,92,85,57,81,36,24,75,70,76,83,78,23,41,42,90,79,84,29,30,80,36,28,16,26,30,21,32,21,34,38,69,69,68,67,33,29,50,Long Stride Default,77,91,72,84,63,63,35,18,20,25,19,36,25,87,52,34
m27-1,22736,Eric,Gray,Eric Gray,HB,NY Giants,Giants,26,70,210,Oklahoma,3,20,4,11,1999,67,Elusive Back - HB,Launch Ratings,1,,,,,,,,90,85,63,82,24,24,76,84,72,86,47,10,23,33,92,79,86,10,16,72,28,10,37,32,55,17,13,10,14,34,49,48,56,63,24,18,31,Long Stride Default,49,86,73,86,70,69,25,15,19,24,21,24,19,90,70,16
m27-1,12711,Eric,Saubert,Eric Saubert,TE,Seattle Seahawks,Seahawks,32,77,253,Drake,9,81,9,5,1994,67,Possession - TE,Launch Ratings,1,,,,,,,,82,72,69,73,32,13,68,75,78,62,75,19,39,66,89,68,85,22,26,10,51,12,60,61,61,6,20,20,10,36,63,54,58,64,63,60,63,Long Stride Loose,80,82,69,80,70,75,30,6,10,15,10,20,10,83,68,15
m27-1,1348,Ethan,Bonner,Ethan Bonner,CB,Miami Dolphins,Dolphins,26,73,186,Stanford,3,27,23,10,1999,67,Manto Man - CB,Launch Ratings,1,,,,,,,,91,90,63,65,47,17,61,55,63,88,53,34,57,41,86,70,85,22,21,55,10,69,25,24,33,15,60,30,66,68,25,21,23,25,32,31,35,Default Stride Loose,57,92,66,81,42,53,50,6,10,15,13,25,16,78,34,64
m27-1,16391,Ethan,Onianwa,Ethan Onianwa,RG,Atlanta Falcons,Falcons,23,78,333,Ohio State,0,75,16,8,2003,67,Power - G,Launch Ratings,1,,,,,,,,66,55,63,11,25,12,10,25,27,58,14,29,27,81,89,10,74,26,25,10,82,12,71,74,70,6,27,31,10,32,13,5,5,14,72,74,70,Long Stride Awkward,28,65,10,88,15,84,37,6,6,6,6,10,12,88,24,14
m27-1,10181,Evan,Beerntsen,Evan Beerntsen,RG,Baltimore Ravens,Ravens,25,76,301,Northwestern,0,60,19,9,2000,67,Power - G,Launch Ratings,1,,,,,,,,69,63,63,12,32,27,10,24,35,54,15,10,29,84,95,10,79,24,23,10,82,12,71,74,73,6,24,10,10,44,24,22,25,28,72,73,75,Default Stride Awkward,23,64,10,84,25,80,25,6,6,6,6,16,12,88,26,14
m27-1,14892,Evan,Anderson,Evan Anderson,DT,San Francisco 49ers,49ers,24,73,326,FAU,2,58,14,2,2002,67,Speed Rusher - DT,Launch Ratings,1,,,,,,,,73,47,68,34,75,12,21,32,31,48,28,62,79,88,88,33,74,11,16,15,31,26,45,45,45,6,66,74,16,74,15,3,7,15,45,45,45,Long Stride Awkward,34,62,27,74,38,87,78,6,6,6,6,21,10,83,46,32
m27-1,10198,Gabe,Rubio,Gabe Rubio,DT,Pittsburgh Steelers,Steelers,23,77,321,Notre Dame,0,96,9,7,2003,67,Power Rusher - DT,Launch Ratings,1,,,,,,,,65,64,65,29,75,12,17,39,48,52,41,63,79,85,86,26,66,17,13,10,25,23,45,45,45,6,62,71,17,76,20,2,13,15,45,45,45,Long Stride Awkward,31,64,32,75,36,86,81,6,6,6,6,24,10,86,28,26
m27-1,9718,George,Holani,George Holani,HB,Seattle Seahawks,Seahawks,26,70,208,Boise State,2,36,16,12,1999,67,Elusive Back - HB,Launch Ratings,1,,,,,,,,92,78,70,79,27,22,76,87,69,80,62,10,31,42,82,78,89,13,17,72,38,15,31,36,53,15,20,10,15,24,50,45,55,60,26,31,34,Default,58,89,71,83,68,71,25,20,26,31,17,42,15,79,73,18
m27-1,1084,Giovanni,Manu,Giovanni Manu,LT,Detroit Lions,Lions,25,79,354,UBC,2,59,26,1,2001,67,Power - OT,Launch Ratings,1,,,,,,,,75,50,49,38,39,17,37,44,37,52,39,23,49,82,88,23,81,15,21,10,84,7,65,74,69,6,16,41,8,42,28,22,23,24,75,77,76,Long Stride Awkward,35,70,21,79,51,86,43,9,12,15,6,29,15,87,45,7
m27-1,21605,Ihmir,Smith-Marsette,Ihmir Smith-Marsette,WR,Arizona Cardinals,Cardinals,27,73,185,Iowa,5,9,29,8,1999,67,Deep Threat - WR,Launch Ratings,1,,,,,,,,91,82,62,81,38,25,71,71,78,86,76,14,38,37,89,76,87,12,18,85,19,24,19,21,24,24,27,11,24,46,64,72,70,70,33,27,44,Default Stride Loose,76,89,74,81,47,54,45,36,42,47,40,63,29,82,38,32
m27-1,14669,Isaiah,Williams,Isaiah Williams,WR,NY Jets,Jets,25,70,185,Illinois,2,18,29,1,2001,67,Deep Threat - WR,Launch Ratings,1,,,,,,,,92,91,64,78,23,49,73,76,81,92,77,10,22,40,90,77,88,30,28,83,29,10,15,15,30,51,17,10,13,29,71,64,67,69,29,26,41,Default Stride Loose,78,87,70,80,59,59,24,53,58,61,53,67,43,82,48,15
m27-1,1882,J.C.,Davis,J.C. Davis,LT,NY Giants,Giants,22,76,322,Illinois,0,74,9,10,2003,67,Power - OT,Launch Ratings,1,,,,,,,,72,58,64,13,35,12,17,27,22,51,16,41,43,80,88,10,75,12,10,10,80,13,72,75,71,6,17,39,10,22,13,5,5,16,77,74,75,Long Stride Awkward,17,67,10,86,15,84,38,6,6,6,6,18,12,87,27,11
m27-1,15253,Jack,Kiser,Jack Kiser,MIKE,Jacksonville Jaguars,Jaguars,25,74,229,Notre Dame,1,54,10,9,2000,67,Field General - MLB,Launch Ratings,1,,,,,,,,88,78,69,48,66,35,42,67,55,75,44,59,80,71,88,46,83,18,22,10,26,57,45,45,45,19,68,57,45,83,22,15,18,23,45,45,45,Default Stride Loose,48,83,40,87,42,70,81,22,25,28,33,26,22,88,48,63
m27-1,16324,Jaden,Dugger,Jaden Dugger,MIKE,San Francisco 49ers,49ers,22,77,242,UL Lafayette,0,53,26,2,2004,67,Field General - MLB,Launch Ratings,1,,,,,,,,89,83,67,51,66,16,33,56,61,72,58,61,78,73,86,46,83,18,17,12,27,65,45,43,62,6,66,55,47,82,33,41,43,45,54,67,48,Long Stride Loose,64,86,48,87,45,71,79,6,6,6,6,11,10,87,43,60
m27-1,23118,Jalen,Brooks,Jalen Brooks,WR,Arizona Cardinals,Cardinals,26,74,205,South Carolina,3,86,7,5,2000,67,Slot - WR,Launch Ratings,1,,,,,,,,90,80,72,77,25,24,73,71,82,81,78,10,22,32,87,75,84,15,19,68,18,12,24,30,21,12,15,10,15,20,66,70,72,73,22,14,35,Long Stride Default,81,86,70,80,49,61,28,10,15,20,19,25,16,82,47,16
m27-1,15133,Jalen,Rivers,Jalen Rivers,RG,Cincinnati Bengals,Bengals,23,78,319,Miami,1,74,12,9,2002,67,Power - G,Launch Ratings,1,,,,,,,,65,56,67,13,23,12,12,40,21,49,18,23,27,87,82,15,69,23,13,24,80,11,69,72,69,6,29,34,10,21,18,5,5,16,71,73,71,Long Stride Awkward,18,63,12,85,13,83,24,6,6,6,6,23,12,83,32,13
m27-1,16403,Jalon,Kilgore,Jalon Kilgore,SS,Buffalo Bills,Bills,21,73,210,South Carolina,0,29,27,1,2005,67,Hybrid - S,Launch Ratings,1,,,,,,,,91,82,65,60,55,13,52,59,66,81,60,46,73,60,91,64,88,28,22,46,28,65,35,35,35,6,63,37,71,75,46,39,46,49,35,35,35,Default Stride High and Tight,61,91,55,92,45,64,65,6,6,6,6,26,12,89,54,67
m27-1,14959,James,Williams Sr,James Williams Sr,MIKE,Tennessee Titans,Titans,23,76,231,Miami,2,52,15,2,2003,67,Pass Coverage - MLB,Launch Ratings,1,,,,,,,,89,79,67,67,57,39,62,65,69,73,65,47,88,67,89,66,74,14,15,50,34,69,35,35,35,15,65,54,81,78,42,23,28,33,35,35,35,Long Stride Loose,71,84,63,81,68,71,71,24,27,34,29,35,14,87,65,71
m27-1,1326,Jamie,Sheriff,Jamie Sheriff,LEDG,Seattle Seahawks,Seahawks,26,73,254,South Alabama,2,50,18,8,2000,67,Power Rusher - DE,Launch Ratings,1,,,,,,,,87,77,67,40,71,12,22,42,43,68,27,63,75,78,90,38,80,22,21,10,26,39,45,45,45,6,64,68,37,77,16,5,5,10,45,45,45,Long Stride Loose,38,82,30,78,29,78,77,6,6,6,6,20,14,88,28,48
m27-1,1398,Jamree,Kromah,Jamree Kromah,LEDG,Chicago Bears,Bears,26,75,268,J. Madison,2,59,14,6,2000,67,Power Rusher - DE,Launch Ratings,1,,,,,,,,85,73,60,32,75,12,20,42,38,62,25,58,82,84,84,32,76,18,15,10,29,20,45,45,45,9,64,69,19,79,24,14,19,22,45,45,45,Default Stride Loose,27,79,22,76,37,82,78,9,9,9,9,23,17,83,39,27
m27-1,22785,Jared,Wayne,Jared Wayne,WR,Houston Texans,Texans,25,75,210,Pittsburgh,3,89,7,10,2000,67,Deep Threat - WR,Launch Ratings,1,,,,,,,,90,87,64,80,27,22,77,70,79,88,83,10,29,46,88,77,91,16,22,32,28,17,15,20,36,25,14,10,16,33,69,60,64,66,20,27,49,Long Stride Default,82,89,69,82,63,64,26,20,24,28,31,43,29,83,60,28
m27-1,21579,Jaret,Patterson,Jaret Patterson,HB,Los Angeles Chargers,Chargers,26,68,195,Buffalo,5,32,23,12,1999,67,Elusive Back - HB,Launch Ratings,1,,,,,,,,89,81,71,78,26,22,75,83,66,81,62,24,41,26,90,83,74,12,19,55,27,28,34,31,46,15,28,17,31,52,39,39,49,60,36,34,35,Short Stride Default,58,85,77,84,53,61,37,14,15,19,26,24,16,84,48,33
m27-1,1125,Jarrett,Kingston,Jarrett Kingston,LG,Houston Texans,Texans,26,76,308,USC,2,63,2,12,1999,67,Power - G,Launch Ratings,1,,,,,,,,77,66,62,25,28,9,10,28,25,64,15,25,27,80,92,15,77,11,15,10,79,10,67,71,69,6,25,24,8,34,10,5,5,10,66,71,70,Default Stride Awkward,21,72,13,83,29,90,25,6,7,8,7,20,11,82,25,12
m27-1,23119,Jason,Brownlee,Jason Brownlee,WR,Kansas City Chiefs,Chiefs,27,75,202,Southern Miss,3,89,30,1,1999,67,Deep Threat - WR,Launch Ratings,1,,,,,,,,92,86,58,81,26,31,71,68,77,81,82,11,34,44,90,82,93,13,14,72,23,18,20,25,35,22,18,10,18,25,75,67,64,61,23,21,44,Default Stride Loose,85,86,74,83,64,64,30,12,20,26,26,30,27,85,51,23
m27-1,14717,Javon,Foster,Javon Foster,LT,Cincinnati Bengals,Bengals,26,77,319,Missouri,2,73,31,3,2000,67,Power - OT,Launch Ratings,1,,,,,,,,71,61,72,10,37,8,5,40,25,50,17,35,40,81,92,10,79,14,18,10,79,20,72,72,70,5,34,42,10,38,12,5,5,10,72,72,76,Long Stride Awkward,18,62,10,85,10,83,44,6,9,12,5,15,7,87,19,26
m27-1,16259,Jaydn,Ott,Jaydn Ott,HB,Kansas City Chiefs,Chiefs,23,71,208,Oklahoma,0,42,16,12,2002,67,Elusive Back - HB,Launch Ratings,1,,,,,,,,93,82,55,82,37,24,79,87,69,83,65,18,35,45,86,79,93,23,22,76,41,30,29,32,49,24,29,15,35,30,53,47,55,63,35,30,39,Long Stride Default,63,90,75,86,67,73,29,18,21,29,24,29,22,83,69,34
m27-1,14912,Jaylan,Ford,Jaylan Ford,MIKE,New Orleans Saints,Saints,24,75,242,Texas,2,53,28,11,2001,67,Field General - MLB,Launch Ratings,1,,,,,,,,84,81,69,56,76,15,42,64,73,75,63,60,85,80,95,61,81,21,24,35,39,54,30,30,35,9,66,64,52,79,15,14,21,24,40,40,45,Default Stride Loose,67,82,55,84,50,73,79,6,9,11,6,24,9,88,51,57
m27-1,10183,Jeff,Caldwell,Jeff Caldwell,WR,Kansas City Chiefs,Chiefs,23,77,215,Cincinnati,0,8,2,3,2003,67,Deep Threat - WR,Launch Ratings,1,,,,,,,,96,83,69,76,31,23,72,74,76,81,74,24,34,37,85,73,94,22,28,57,24,25,35,42,24,17,28,28,28,35,66,69,66,64,15,18,45,Long Stride Loose,75,95,68,86,62,64,34,15,18,23,11,32,25,83,52,31
m27-1,15250,Jeffrey,Bassa,Jeffrey Bassa,WILL,Kansas City Chiefs,Chiefs,23,74,235,Oregon,1,31,20,9,2002,67,Pass Coverage - OLB,Launch Ratings,1,,,,,,,,89,78,68,46,62,22,38,58,54,75,49,53,79,71,88,53,91,19,21,10,23,62,45,45,45,6,66,50,42,82,25,24,27,30,45,45,45,Default Stride High and Tight,51,85,47,87,40,69,81,6,6,6,6,25,12,88,41,65
m27-1,22351,Jelani,Woods,Jelani Woods,TE,NY Jets,Jets,27,79,253,Virginia,4,86,9,10,1998,67,Vertical Threat - TE,Launch Ratings,1,,,,,,,,87,83,52,74,35,66,66,72,78,73,77,20,37,62,89,71,89,14,15,15,59,12,61,59,61,58,15,15,35,40,62,59,61,63,63,61,63,Long Stride Loose,82,85,65,84,71,78,38,62,61,67,66,79,53,85,70,20
m27-1,14903,Jeremiah,Trotter Jr,Jeremiah Trotter Jr,SAM,Philadelphia Eagles,Eagles,23,72,230,Clemson,2,54,24,12,2002,67,Pass Coverage - OLB,Launch Ratings,1,,,,,,,,85,79,71,50,67,24,41,59,67,72,63,68,87,66,91,50,80,15,17,40,40,65,31,31,35,13,73,61,55,79,31,23,27,31,29,31,35,Default Stride Loose,64,78,45,83,40,69,77,9,13,13,14,23,10,90,42,68
m27-1,14772,Jimmy,Horn Jr,Jimmy Horn Jr,WR,Carolina Panthers,Panthers,23,68,174,Colorado,1,15,12,9,2002,67,Deep Threat - WR,Launch Ratings,1,,,,,,,,91,83,69,79,26,23,70,74,77,85,75,20,19,32,88,73,87,25,24,78,22,64,15,23,21,16,37,18,25,24,68,71,72,72,12,13,38,Default Stride Loose,75,91,72,84,39,61,24,12,15,18,14,18,18,82,32,32
m27-1,15208,JJ,Pegues,JJ Pegues,DT,Las Vegas Raiders,Raiders,24,75,325,Ole Miss,1,92,25,11,2001,67,Power Rusher - DT,Launch Ratings,1,,,,,,,,69,62,64,51,78,36,47,60,52,60,56,71,81,82,92,46,69,29,32,35,32,19,45,45,45,35,62,67,19,77,30,24,31,37,45,45,45,Default,48,67,42,83,56,84,77,31,34,38,38,46,39,94,62,20
m27-1,21276,Joe,Bachie,Joe Bachie,WILL,Detroit Lions,Lions,28,73,235,Michigan St.,6,35,26,2,1998,67,Run Stopper - OLB,Launch Ratings,1,,,,,,,,86,78,64,54,67,12,39,61,60,69,38,48,81,80,84,59,81,20,16,10,21,52,45,45,47,6,67,55,51,78,32,27,34,37,45,45,48,Default Stride Loose,41,81,46,85,50,76,82,6,6,6,6,22,15,90,48,62
m27-1,4678,Johnathan,Edwards,Johnathan Edwards,CB,Indianapolis Colts,Colts,24,73,201,Tulane,1,35,16,11,2001,67,Manto Man - CB,Launch Ratings,1,,,,,,,,90,83,63,65,45,13,49,55,66,77,52,33,57,45,86,72,91,12,14,50,15,69,30,30,30,6,60,29,69,73,24,12,16,24,35,35,35,Default Stride Loose,59,92,65,85,35,59,60,6,6,6,6,25,10,87,28,65
m27-1,14916,Jordan,Magee,Jordan Magee,MIKE,Washington Commanders,Commanders,25,74,228,Temple,2,58,24,3,2001,67,Pass Coverage - MLB,Launch Ratings,1,,,,,,,,91,87,65,66,67,47,55,66,56,82,47,65,77,66,91,67,85,14,18,10,25,61,30,35,35,37,63,54,45,80,20,5,6,10,40,40,45,Default Stride Loose,53,87,65,83,48,64,79,42,46,50,44,54,32,88,57,66
m27-1,1223,Josh,Wallace,Josh Wallace,CB,Los Angeles Rams,Rams,26,71,189,Michigan,2,30,5,7,2000,67,Manto Man - CB,Launch Ratings,1,,,,,,,,91,83,65,65,52,36,58,61,67,83,59,37,69,53,86,69,83,17,18,55,21,70,25,25,25,14,63,28,69,72,27,11,16,26,34,33,15,Short Stride High and Tight,65,86,63,84,57,60,63,20,22,25,24,25,22,83,41,71
m27-1,13037,Josh,Tupou,Josh Tupou,DT,NY Giants,Giants,32,75,340,Colorado,9,94,2,5,1994,67,Power Rusher - DT,Launch Ratings,1,,,,,,,,57,52,68,24,74,12,10,20,27,43,17,49,74,86,88,13,61,11,17,10,35,24,45,45,45,6,69,69,14,74,15,3,7,15,45,45,45,Long Stride Awkward,15,70,13,77,30,86,83,6,6,6,6,14,10,92,36,29
m27-1,22618,Julius,Chestnut,Julius Chestnut,HB,Tennessee Titans,Titans,25,71,228,Sacred Heart,4,36,26,10,2000,67,Power Back - HB,Launch Ratings,1,,,,,,,,90,82,67,78,38,21,80,87,68,78,63,10,40,45,86,78,82,17,21,75,42,10,51,48,55,10,16,10,10,42,52,45,50,60,46,42,45,Default Stride Loose,59,88,69,80,78,76,35,10,20,25,10,25,11,85,80,12
m27-1,20732,Justin,Skule,Justin Skule,RT,Tampa Bay Buccaneers,Buccaneers,29,78,315,Vanderbilt,7,77,23,11,1996,67,Power - OT,Launch Ratings,1,,,,,,,,63,64,72,14,30,12,8,22,28,54,26,17,38,78,86,13,65,22,20,10,82,12,72,67,69,6,21,22,10,33,47,7,13,22,75,69,72,Default Stride Awkward,24,64,10,81,10,85,32,6,6,6,6,18,10,85,24,12
m27-1,16200,Justin,Jefferson,Justin Jefferson,MIKE,Cleveland Browns,Browns,23,72,223,Alabama,0,17,20,3,2003,67,Field General - MLB,Launch Ratings,1,,,,,,,,90,85,67,39,63,16,35,60,54,77,45,49,79,75,89,39,87,16,16,11,27,63,45,43,63,6,66,49,49,81,25,29,34,39,52,62,45,Default Stride Loose,39,87,39,87,45,69,79,6,6,6,6,24,10,88,45,62
m27-1,22864,Justin,Dedich,Justin Dedich,RG,Los Angeles Rams,Rams,26,74,300,USC,2,67,21,4,2000,67,Power - G,Launch Ratings,1,,,,,,,,62,56,70,10,31,12,10,36,27,57,10,10,12,84,88,10,73,20,24,10,82,14,64,70,68,6,22,10,10,34,12,5,5,10,73,69,71,Long Stride Awkward,12,60,10,79,10,89,33,6,6,6,6,15,15,86,30,14
m27-1,22453,Kalia,Davis,Kalia Davis,DT,Cleveland Browns,Browns,27,74,310,UCF,4,93,2,10,1998,67,Speed Rusher - DT,Launch Ratings,1,,,,,,,,79,54,65,20,73,10,15,27,32,48,25,60,76,86,80,25,69,10,10,10,32,20,45,45,45,6,69,70,15,74,20,5,9,15,45,45,45,Default Stride Awkward,19,69,24,68,25,84,78,6,6,6,6,20,10,78,25,28
m27-1,14961,Kamal,Hadden,Kamal Hadden,CB,Green Bay Packers,Packers,25,73,192,Tennessee,2,36,17,1,2001,67,Zone - CB,Launch Ratings,1,,,,,,,,94,81,64,65,47,22,64,58,72,81,61,39,65,44,85,71,83,19,20,59,15,63,24,25,30,11,61,31,73,64,24,16,21,26,26,28,32,Default Stride Loose,67,87,64,83,45,65,51,6,10,15,21,35,10,82,47,74
m27-1,21729,Kene,Nwangwu,Kene Nwangwu,HB,NY Jets,Jets,28,73,210,Iowa State,5,3,9,2,1998,67,Elusive Back - HB,Launch Ratings,1,,,,,,,,94,87,65,73,25,23,73,83,61,82,43,10,21,36,88,78,86,15,17,88,31,11,29,26,48,23,16,10,15,33,45,42,45,52,23,18,33,Default Stride High and Tight,42,92,70,82,64,68,29,12,17,20,20,31,11,80,60,18
m27-1,22046,Kenny,Pickett,Kenny Pickett,QB,Carolina Panthers,Panthers,28,75,225,Pittsburgh,4,12,6,6,1998,67,Strong Arm - QB,Launch Ratings,1,,,,,,,,86,80,62,82,25,75,72,51,45,77,22,5,16,25,88,70,80,40,51,12,16,9,12,15,16,80,19,5,9,29,18,12,15,25,15,19,20,Default Stride Loose,39,81,71,87,44,68,29,76,80,83,82,86,77,88,61,10
m27-1,21283,Khalid,Kareem,Khalid Kareem,LEDG,NY Giants,Giants,28,76,255,Notre Dame,6,54,28,4,1998,67,Power Rusher - DE,Launch Ratings,1,,,,,,,,81,71,65,22,75,12,13,39,37,59,19,59,80,80,85,25,82,13,18,10,11,19,45,45,45,6,62,71,19,78,12,3,7,14,45,45,45,Long Stride Loose,18,78,19,77,26,84,75,6,6,6,6,18,10,81,29,28
m27-1,14967,Kitan,Oladapo,Kitan Oladapo,SS,Green Bay Packers,Packers,25,74,216,Oregon State,2,27,20,10,2000,67,Run Support - S,Launch Ratings,1,,,,,,,,89,79,62,59,63,15,55,65,66,78,55,36,85,65,93,66,86,26,28,45,39,67,21,23,25,8,58,47,66,84,12,10,13,15,33,33,35,Default Stride High and Tight,61,86,64,84,52,68,73,6,8,9,7,27,9,88,57,68
m27-1,22178,LaBryan,Ray,LaBryan Ray,DT,Carolina Panthers,Panthers,28,76,290,Alabama,3,93,5,12,1997,67,Speed Rusher - DT,Launch Ratings,1,,,,,,,,69,61,69,39,72,12,24,40,40,63,20,48,82,86,80,28,71,12,13,5,18,16,35,35,35,6,68,67,15,71,26,4,8,15,45,45,45,Default Stride Awkward,24,68,31,75,40,83,84,6,6,6,6,20,10,76,35,19
m27-1,21124,Larrell,Murchison,Larrell Murchison,DT,Los Angeles Rams,Rams,29,74,297,N.C. State,6,52,24,4,1997,67,Speed Rusher - DT,Launch Ratings,1,,,,,,,,67,57,70,51,72,12,34,58,39,55,14,70,78,85,86,41,72,17,17,9,50,18,45,45,48,6,71,65,13,76,15,5,5,13,45,50,45,Default Stride Awkward,16,70,37,74,45,87,76,6,6,6,6,23,10,85,52,20
m27-1,16250,Lewis,Bond,Lewis Bond,WR,Houston Texans,Texans,23,71,190,Boston College,0,82,29,5,2003,67,Deep Threat - WR,Launch Ratings,1,,,,,,,,92,80,65,80,32,26,74,70,78,80,77,29,42,40,92,80,85,34,36,69,27,29,26,24,29,24,31,29,32,40,71,70,71,72,29,26,49,Default,77,87,73,89,59,60,44,16,18,22,24,24,23,89,48,35
m27-1,15165,Marcus,Mbow,Marcus Mbow,RT,NY Giants,Giants,23,76,302,Purdue,1,71,2,4,2003,67,Power - OT,Launch Ratings,1,,,,,,,,73,68,66,16,28,12,15,44,23,57,21,24,37,81,86,13,73,14,11,10,80,11,73,72,71,6,32,37,10,23,20,5,5,21,75,73,74,Default Stride Awkward,23,71,11,87,19,84,32,6,6,6,6,22,13,87,24,14
m27-1,14888,Marcus,Harris,Marcus Harris,DT,Kansas City Chiefs,Chiefs,25,74,295,Auburn,2,68,27,9,2000,67,Power Rusher - DT,Launch Ratings,1,,,,,,,,70,59,65,38,75,12,19,40,36,58,25,67,83,86,90,24,72,21,25,10,13,22,45,45,45,6,64,72,18,78,24,3,7,15,45,45,45,Long Stride Loose,20,67,17,82,33,83,81,6,6,6,6,19,10,88,41,31
m27-1,21116,Matt,Peart,Matt Peart,LT,Denver Broncos,Broncos,29,79,318,Connecticut,6,79,11,6,1997,67,Power - OT,Launch Ratings,1,,,,,,,,72,54,75,15,29,12,6,40,27,48,15,22,20,80,82,10,74,12,15,10,83,12,73,69,72,5,32,28,10,33,15,5,5,15,72,67,70,Default Stride Awkward,15,68,10,82,10,86,37,5,5,5,5,11,10,89,24,13
m27-1,22169,Matthew,Butler,Matthew Butler,DT,Miami Dolphins,Dolphins,27,76,305,Tennessee,4,91,10,6,1999,67,Speed Rusher - DT,Launch Ratings,1,,,,,,,,81,54,71,33,72,12,28,37,36,50,30,59,77,81,91,32,82,17,17,10,30,14,44,44,44,6,70,67,12,77,26,20,25,29,45,45,45,Default Stride Awkward,31,72,26,73,34,80,80,6,6,6,6,23,12,80,32,17
m27-1,16156,Micah,Robinson,Micah Robinson,CB,Tennessee Titans,Titans,24,71,183,Tulane,1,21,5,2,2002,67,Zone - CB,Launch Ratings,1,,,,,,,,94,79,64,58,48,26,45,65,75,78,62,23,49,40,88,74,84,29,21,80,23,65,35,25,35,17,63,25,65,74,26,17,20,20,35,25,35,Default,70,92,67,86,36,58,64,10,13,15,7,22,20,87,27,67
m27-1,10206,Michael,Dansby,Michael Dansby,CB,Seattle Seahawks,Seahawks,25,72,185,Arizona,0,37,15,3,2001,67,Zone - CB,Launch Ratings,1,,,,,,,,93,90,60,63,47,19,54,57,64,84,64,38,58,49,89,69,89,12,14,54,15,69,35,35,35,6,59,37,70,68,27,31,27,28,35,35,35,Default Stride Loose,63,90,64,89,36,57,55,6,6,6,6,23,10,83,31,70
m27-1,17756,Miles,Killebrew,Miles Killebrew,SS,Tampa Bay Buccaneers,Buccaneers,33,74,222,Southern Utah,10,29,10,5,1993,67,Run Support - S,Launch Ratings,1,,,,,,,,84,81,70,53,61,18,48,76,69,75,44,46,89,64,90,69,86,18,21,42,19,54,33,34,25,6,71,51,67,73,23,10,10,20,33,33,19,Long Stride Default,63,86,57,81,48,76,70,6,6,6,6,27,12,87,53,60
m27-1,16412,Namdi,Obiazor,Namdi Obiazor,WILL,New England Patriots,Patriots,24,75,229,TCU,0,48,19,4,2002,67,Run Stopper - OLB,Launch Ratings,1,,,,,,,,89,76,62,47,70,12,35,55,63,73,34,62,80,73,85,35,88,14,15,16,24,53,45,43,62,6,60,49,44,79,11,13,18,23,52,60,45,Long Stride Loose,37,88,34,87,44,71,81,6,6,6,6,15,10,90,43,62
m27-1,16353,Nate,Boerkircher,Nate Boerkircher,TE,Jacksonville Jaguars,Jaguars,24,78,245,Texas AM,0,87,4,9,2001,67,Possession - TE,Launch Ratings,1,,,,,,,,89,83,67,66,47,26,62,72,76,75,78,38,45,64,90,68,78,27,32,42,60,36,59,59,60,26,40,40,22,50,60,48,52,62,64,61,63,Long Stride High and Tight,75,80,63,83,68,78,50,12,15,20,24,31,22,86,66,40
m27-1,4722,Nate,Carter,Nate Carter,HB,Atlanta Falcons,Falcons,24,70,202,Michigan St.,1,38,22,5,2002,67,Elusive Back - HB,Launch Ratings,1,,,,,,,,89,79,68,76,33,22,77,85,67,85,49,26,37,36,89,77,87,14,15,65,32,15,28,25,45,13,29,20,22,38,47,44,52,59,26,31,37,Default,51,91,76,84,71,74,36,12,15,21,15,25,11,88,78,20
m27-1,15062,Nick,Nash,Nick Nash,WR,Washington Commanders,Commanders,27,75,195,San Jose St.,1,19,8,7,1999,67,Slot - WR,Launch Ratings,1,,,,,,,,90,81,71,78,30,41,70,66,81,79,79,23,38,37,89,72,82,25,27,72,28,22,19,27,27,32,32,20,24,36,65,63,71,72,26,22,44,Long Stride Default,78,87,66,84,43,65,32,48,51,53,52,65,50,86,46,30
m27-1,21975,Nick,Leverett,Nick Leverett,C,Dallas Cowboys,Cowboys,29,75,310,Rice,6,51,11,1,1997,67,Power - C,Launch Ratings,1,,,,,,,,59,55,76,18,21,12,13,25,28,44,15,15,35,82,90,19,73,11,16,10,76,10,73,77,75,6,12,15,10,23,20,5,5,10,67,69,68,Default Stride Awkward,15,66,22,84,15,85,34,6,6,6,6,22,10,76,29,10
m27-1,22798,Nikko,Remigio,Nikko Remigio,WR,Kansas City Chiefs,Chiefs,26,69,187,Fresno State,3,81,4,11,1999,67,Slot - WR,Launch Ratings,1,,,,,,,,91,79,61,82,26,19,75,71,82,83,75,10,23,38,87,80,86,20,20,82,21,13,15,20,29,17,16,10,17,33,67,69,72,73,17,21,41,Short Stride Default,76,87,74,84,46,63,31,10,10,15,10,29,19,83,40,18
m27-1,20479,Olisaemeka,Udoh,Olisaemeka Udoh,RT,Arizona Cardinals,Cardinals,29,78,320,Elon University,7,68,14,2,1997,67,Power - OT,Launch Ratings,1,,,,,,,,71,64,74,10,35,12,9,25,21,52,15,22,29,80,91,10,71,11,12,10,81,13,67,70,69,6,34,32,10,36,15,5,5,15,70,74,72,Default Stride Awkward,15,69,10,88,10,87,34,6,6,6,6,18,13,81,10,20
m27-1,16164,Oscar,Delp,Oscar Delp,TE,New Orleans Saints,Saints,23,77,245,Georgia,0,88,4,8,2003,67,Vertical Threat - TE,Launch Ratings,1,,,,,,,,88,81,63,67,45,25,63,71,81,78,72,46,47,63,89,67,90,25,25,52,61,21,58,60,59,23,40,46,25,47,64,53,58,64,60,59,61,Long Stride Default,71,88,61,84,66,75,47,20,25,30,24,35,20,92,65,27
m27-1,22999,Owen,Pappoe,Owen Pappoe,MIKE,Arizona Cardinals,Cardinals,25,72,230,Auburn,3,44,29,9,2000,67,Field General - MLB,Launch Ratings,1,,,,,,,,92,77,65,58,61,22,45,55,62,74,54,60,86,65,87,70,85,12,17,30,24,66,35,35,35,10,61,55,54,87,15,8,10,15,40,40,40,Default Stride Loose,60,89,64,84,50,77,76,12,17,22,15,24,14,82,42,61
m27-1,1834,Parker,Brailsford,Parker Brailsford,C,Cleveland Browns,Browns,22,74,289,Alabama,0,52,20,10,2003,67,Power - C,Launch Ratings,1,,,,,,,,80,72,70,17,42,12,10,28,29,57,17,38,45,78,90,21,79,18,19,10,79,12,72,77,74,6,36,38,10,41,15,5,5,10,71,71,71,Default Stride Awkward,17,72,10,87,23,83,44,6,6,6,6,15,6,88,26,15
m27-1,10166,Quintayvious,Hutchins,Quintayvious Hutchins,REDG,New England Patriots,Patriots,23,75,245,Boston College,0,45,2,4,2003,67,Smaller Speed Rusher - DE,Launch Ratings,1,,,,,,,,80,72,64,55,69,20,39,60,66,66,53,75,77,73,87,55,84,20,27,28,30,26,45,45,45,12,61,66,52,76,41,39,43,48,45,45,45,Long Stride Default,55,81,48,76,33,74,78,10,19,23,24,21,15,85,50,33
m27-1,21928,Quinton,Bohanna,Quinton Bohanna,DT,Jacksonville Jaguars,Jaguars,27,76,360,Kentucky,5,67,16,3,1999,67,Power Rusher - DT,Launch Ratings,1,,,,,,,,67,52,68,15,72,30,10,25,27,45,15,60,75,87,88,13,72,22,19,10,34,13,45,45,45,23,70,64,12,72,15,5,7,12,45,45,45,Long Stride Default,15,55,10,74,23,92,76,21,26,30,30,40,28,85,34,16
m27-1,16175,Rayshaun,Benny,Rayshaun Benny,DT,Baltimore Ravens,Ravens,24,75,298,Michigan,0,99,8,5,2002,67,Power Rusher - DT,Launch Ratings,1,,,,,,,,78,61,60,30,73,12,15,36,35,51,30,68,81,85,80,30,75,28,15,10,27,27,54,51,53,6,58,71,25,76,21,2,13,15,52,51,52,Default Stride Awkward,30,70,30,74,39,86,82,6,6,6,6,14,10,86,37,28
m27-1,15086,Ricky,White III,Ricky White III,WR,Seattle Seahawks,Seahawks,24,73,181,UNLV,1,86,6,2,2002,67,Deep Threat - WR,Launch Ratings,1,,,,,,,,91,79,70,80,34,30,72,72,78,77,80,30,35,47,89,75,86,21,25,77,33,55,13,21,24,23,42,26,28,42,72,69,69,71,18,18,50,Default Stride Loose,81,89,72,87,50,65,46,26,21,14,9,20,21,87,50,53
m27-1,14795,Riley,Leonard,Riley Leonard,QB,Indianapolis Colts,Colts,23,76,216,Notre Dame,1,15,13,9,2002,67,Strong Arm - QB,Launch Ratings,1,,,,,,,,83,84,60,81,34,78,72,69,39,83,18,33,34,32,87,72,77,33,35,28,24,17,27,30,26,83,16,35,32,25,28,21,16,16,28,31,38,Long Stride Default,16,86,67,88,54,70,37,74,77,82,79,89,72,87,58,44
m27-1,13848,Robert,Tonyan,Robert Tonyan,TE,Pittsburgh Steelers,Steelers,32,77,237,Indiana St.,8,83,30,4,1994,67,Vertical Threat - TE,Launch Ratings,1,,,,,,,,87,78,62,66,33,35,58,73,84,71,78,10,22,62,84,68,86,12,17,10,50,15,50,53,56,22,39,10,25,34,71,54,58,64,55,58,58,Long Stride Loose,81,85,59,83,62,74,39,26,33,37,24,46,25,75,68,15
m27-1,20970,Saahdiq,Charles,Saahdiq Charles,LG,Carolina Panthers,Panthers,27,76,322,LSU,5,78,26,7,1999,67,Agile - G,Launch Ratings,1,,,,,,,,61,69,78,12,30,12,11,26,20,52,16,26,30,79,87,15,68,12,15,11,83,12,69,65,67,6,35,22,10,33,12,5,8,10,71,69,70,Long Stride Awkward,14,70,10,83,20,85,35,6,6,6,6,17,14,86,30,12
m27-1,1328,Shemar,Bartholomew,Shemar Bartholomew,CB,Green Bay Packers,Packers,26,72,200,Ga. Southern,2,34,6,6,2000,67,Zone - CB,Launch Ratings,1,,,,,,,,93,79,71,68,52,14,52,61,71,77,59,38,63,49,86,71,85,19,21,55,15,63,30,30,30,8,70,31,60,76,19,12,16,24,35,35,35,Default Stride Loose,61,91,64,82,49,60,54,8,8,8,12,27,11,79,33,68
m27-1,21742,Simi,Fehoko,Simi Fehoko,WR,Arizona Cardinals,Cardinals,28,75,225,Stanford,5,80,5,11,1997,67,Deep Threat - WR,Launch Ratings,1,,,,,,,,88,87,69,76,43,24,70,75,81,79,79,10,39,47,90,72,83,15,22,40,28,27,19,25,37,28,26,10,23,45,69,69,67,68,24,27,45,Long Stride High and Tight,80,90,70,81,48,66,43,10,10,15,10,25,18,83,44,38
m27-1,22891,Spencer,Anderson,Spencer Anderson,RG,Pittsburgh Steelers,Steelers,26,77,305,Maryland,3,74,7,6,2000,67,Power - G,Launch Ratings,1,,,,,,,,70,63,73,22,24,12,21,24,21,50,20,10,37,82,91,14,75,14,15,10,71,12,71,77,74,6,26,27,10,15,12,5,5,12,71,65,68,Long Stride Default,22,67,10,81,22,88,35,6,7,8,8,26,14,83,26,12
m27-1,10837,Teddy,Bridgewater,Teddy Bridgewater,QB,Detroit Lions,Lions,33,74,210,Louisville,12,5,10,11,1992,67,Field General - QB,Launch Ratings,1,,,,,,,,82,83,71,78,25,77,68,67,52,79,38,10,12,30,85,67,79,25,25,10,20,15,15,25,15,81,15,10,10,20,37,12,22,32,20,30,15,Default,34,80,70,81,48,52,29,74,77,82,81,85,79,93,34,20
m27-1,4711,Theo,Benedet,Theo Benedet,LT,Chicago Bears,Bears,24,79,304,UBC,2,79,12,10,2001,67,Power - OT,Launch Ratings,1,,,,,,,,73,61,70,10,25,12,9,25,22,54,17,10,25,79,89,10,73,11,21,10,75,12,69,70,70,6,14,15,10,25,12,5,5,17,74,76,76,Long Stride Awkward,15,68,10,81,10,83,25,6,6,6,6,11,13,82,21,12
m27-1,15220,Tim,Smith,Tim Smith,DT,Indianapolis Colts,Colts,24,76,306,Alabama,1,93,9,8,2002,67,Power Rusher - DT,Launch Ratings,1,,,,,,,,71,60,67,31,74,11,21,37,21,58,18,56,82,83,93,17,60,18,18,22,22,16,45,45,45,12,66,67,11,73,16,12,14,16,45,45,45,Default Stride Awkward,18,68,15,78,37,83,80,7,10,15,16,16,12,90,33,12
m27-1,21679,Tony,Fields II,Tony Fields II,MIKE,Chicago Bears,Bears,27,72,222,West Virginia,5,43,18,6,1999,67,Field General - MLB,Launch Ratings,1,,,,,,,,90,77,74,40,62,12,31,59,66,63,54,60,84,75,89,45,82,19,19,10,22,60,43,44,45,6,74,44,40,84,41,31,32,35,44,44,45,Default Stride Loose,52,85,39,83,44,64,78,6,6,6,6,25,13,86,36,62
m27-1,1872,Toriano,Pride Jr.,Toriano Pride Jr.,CB,Buffalo Bills,Bills,22,70,185,Missouri,0,32,18,12,2003,67,Manto Man - CB,Launch Ratings,1,,,,,,,,92,82,60,69,44,12,54,57,63,84,63,37,59,49,86,69,89,14,15,59,16,67,35,35,35,6,60,36,67,69,32,25,30,29,35,35,35,Default Stride Loose,62,93,67,87,47,55,58,6,6,6,6,25,10,84,43,68
m27-1,15243,Tyrion,Ingram-Dawkins,Tyrion Ingram-Dawkins,LEDG,Minnesota Vikings,Vikings,23,77,290,Georgia,1,90,26,6,2003,67,Power Rusher - DE,Launch Ratings,1,,,,,,,,86,75,65,54,74,11,41,64,47,70,48,67,77,74,86,57,85,22,26,21,23,12,45,45,45,9,65,72,12,72,40,30,35,40,45,45,45,Long Stride Loose,47,77,48,74,53,83,74,10,12,14,10,28,10,85,57,13
m27-1,1395,Winston,Reid,Winston Reid,WILL,Cleveland Browns,Browns,27,72,225,Weber State,2,59,3,8,1999,67,Run Stopper - OLB,Launch Ratings,1,,,,,,,,88,73,63,55,67,13,42,62,62,69,60,50,77,77,90,64,81,15,20,15,15,47,45,45,45,10,65,58,48,81,12,6,12,22,45,45,45,Default Stride Loose,57,85,56,84,45,77,79,6,10,15,6,28,10,87,50,56
m27-1,22436,Alec,Anderson,Alec Anderson,LG,Buffalo Bills,Bills,26,77,305,UCLA,3,70,3,10,1999,66,Power - G,Launch Ratings,1,,,,,,,,55,48,68,28,40,12,23,45,40,46,35,30,40,83,91,10,62,20,22,10,74,12,65,72,68,6,30,35,10,50,35,10,18,28,78,73,76,Long Stride Awkward,25,60,15,82,20,85,45,6,6,6,6,25,13,83,32,15
m27-1,22944,Ali,Gaye,Ali Gaye,REDG,Houston Texans,Texans,27,78,263,LSU,3,95,29,11,1998,66,Smaller Speed Rusher - DE,Launch Ratings,1,,,,,,,,87,78,63,40,67,12,34,44,41,72,34,69,78,74,85,57,79,20,20,10,17,35,45,45,45,6,59,60,38,76,21,17,22,28,45,45,45,Default Stride Loose,35,82,42,79,38,73,75,6,6,6,6,25,12,79,27,46
m27-1,23070,Anthony,Johnson Jr,Anthony Johnson Jr,FS,Chicago Bears,Bears,27,74,205,Iowa State,3,26,12,6,1999,66,Hybrid - S,Launch Ratings,1,,,,,,,,92,81,66,63,54,11,60,54,63,81,53,42,78,60,92,69,89,17,18,54,15,66,30,30,30,6,65,37,68,74,35,27,30,35,33,33,33,Default Stride Loose,57,88,63,89,51,58,59,6,6,6,6,27,10,84,41,68
m27-1,1851,Ar'maj,Reed-Adams,Ar'maj Reed-Adams,RG,Buffalo Bills,Bills,24,78,314,Texas AM,0,60,4,11,2001,66,Power - G,Launch Ratings,1,,,,,,,,65,55,63,13,28,14,10,25,29,46,18,37,25,81,88,10,73,26,29,10,77,15,74,73,71,6,24,39,10,33,11,5,5,16,74,72,73,Long Stride Awkward,26,63,10,87,16,85,36,6,6,6,6,12,12,86,25,15
m27-1,4742,Austin,Ajiake,Austin Ajiake,WILL,Indianapolis Colts,Colts,26,73,223,UNLV,1,58,30,6,2000,66,Run Stopper - OLB,Launch Ratings,1,,,,,,,,90,79,61,45,65,22,39,57,53,80,44,54,79,71,86,48,84,18,21,10,22,57,45,45,45,6,59,52,45,83,23,19,22,25,45,45,45,Default,45,86,47,86,43,65,80,6,6,6,6,23,11,86,43,64
m27-1,1889,Beau,Gardner,Beau Gardner,LS,Chicago Bears,Bears,24,77,249,Georgia,0,45,26,12,2001,66,Accurate - LS,Launch Ratings,1,,,,,,,,72,75,56,55,41,10,22,55,57,73,46,36,57,74,87,55,74,13,12,10,57,54,42,49,46,10,48,34,36,56,24,30,33,36,40,45,45,Long Stride Awkward,43,70,43,77,43,68,48,10,10,10,10,23,10,87,46,56
m27-1,16239,Bobby,Jamison-Travis,Bobby Jamison-Travis,DT,NY Giants,Giants,25,75,328,Auburn,0,97,28,4,2001,66,Power Rusher - DT,Launch Ratings,1,,,,,,,,70,57,66,48,74,12,14,41,30,59,27,65,77,80,87,27,64,26,13,10,22,28,49,48,47,6,64,70,17,75,29,3,15,17,48,49,48,Default Stride Awkward,27,64,27,77,44,83,83,6,6,6,6,13,10,88,46,21
m27-1,22640,Brenden,Schooler,Brenden Schooler,SS,New England Patriots,Patriots,29,73,205,Texas,4,41,30,5,1997,66,Zone - S,Launch Ratings,1,,,,,,,,91,90,62,74,60,21,56,62,71,86,64,42,69,51,88,72,89,24,25,52,32,60,33,33,33,9,55,36,59,79,47,44,48,50,35,35,35,Default Stride Loose,67,92,65,83,45,64,61,13,16,20,22,27,11,87,47,65
m27-1,22978,Brenton,Cox,Brenton Cox,LEDG,Green Bay Packers,Packers,26,76,250,Florida,3,57,30,1,2000,66,Power Rusher - DE,Launch Ratings,1,,,,,,,,88,65,64,45,75,11,29,42,48,66,40,65,84,72,87,45,80,14,20,10,33,41,40,40,40,6,60,71,51,76,20,5,7,15,45,45,45,Long Stride High and Tight,43,78,45,73,54,81,73,6,6,6,6,25,16,79,47,46
m27-1,16146,Bryce,Cabeldue,Bryce Cabeldue,LG,Seattle Seahawks,Seahawks,24,77,308,Kansas,1,77,4,9,2001,66,Power - G,Launch Ratings,1,,,,,,,,77,61,67,18,34,12,5,41,30,61,13,29,44,80,86,10,71,13,13,10,78,11,66,69,68,6,20,31,10,27,13,5,5,12,69,71,70,Long Stride Awkward,16,74,10,87,22,90,41,6,6,6,6,19,11,87,18,11
m27-1,10196,C.J.,Williams,C.J. Williams,WR,Jacksonville Jaguars,Jaguars,22,73,203,Stanford,0,18,23,10,2003,66,Deep Threat - WR,Launch Ratings,1,,,,,,,,91,83,75,77,23,26,73,71,76,81,80,22,25,45,87,75,86,38,41,44,29,24,24,27,29,24,25,24,24,26,68,66,67,66,33,35,51,Long Stride Default,80,88,68,88,59,65,24,13,19,26,23,27,21,86,53,28
m27-1,21898,Cameron,Goode,Cameron Goode,REDG,Miami Dolphins,Dolphins,28,75,245,California,4,53,15,4,1998,66,Smaller Speed Rusher - DE,Launch Ratings,1,,,,,,,,92,84,63,35,65,15,32,45,50,77,33,65,83,72,91,44,92,15,16,10,18,35,45,45,45,6,65,56,40,73,16,5,5,15,45,45,45,Default Stride Loose,40,84,39,78,33,67,73,6,6,6,6,25,11,65,34,43
m27-1,15166,Cameron,Williams,Cameron Williams,RT,Philadelphia Eagles,Eagles,22,78,317,Texas,1,73,16,10,2003,66,Power - OT,Launch Ratings,1,,,,,,,,72,55,65,34,25,17,33,29,19,51,20,11,30,85,85,19,64,19,16,14,76,12,70,73,70,6,27,32,10,13,16,5,5,18,69,72,71,Long Stride Awkward,18,66,18,86,34,88,32,6,6,6,6,22,6,88,31,15
m27-1,22204,Channing,Tindall,Channing Tindall,MIKE,Atlanta Falcons,Falcons,26,74,232,Georgia,4,55,28,3,2000,66,Field General - MLB,Launch Ratings,1,,,,,,,,93,75,64,50,65,15,32,55,49,81,42,54,86,77,89,61,95,17,19,30,21,57,45,45,45,15,60,59,46,84,19,15,20,25,45,45,45,Default Stride Loose,45,90,55,80,55,69,81,9,10,15,15,29,10,83,49,53
m27-1,22215,Chase,Lucas,Chase Lucas,CB,Tampa Bay Buccaneers,Buccaneers,29,72,184,Arizona St.,4,26,4,3,1997,66,Zone - CB,Launch Ratings,1,,,,,,,,93,90,61,74,42,19,66,66,62,88,55,30,49,39,89,77,92,12,12,45,15,67,34,34,34,6,59,24,67,61,25,24,30,37,34,34,34,Short Stride Default,60,89,68,87,44,54,46,11,13,16,14,25,9,77,35,71
m27-1,28437,Chris,Collier,Chris Collier,HB,Las Vegas Raiders,Raiders,26,71,203,Wagner College,2,33,24,3,2000,66,Elusive Back - HB,Launch Ratings,1,,,,,,,,94,85,60,78,35,33,73,85,60,85,51,12,49,37,84,76,86,12,14,40,33,30,30,35,48,10,18,11,32,46,40,37,44,51,45,45,45,Default,52,89,69,79,66,70,39,14,20,24,10,27,17,82,75,37
m27-1,22223,Christian,Braswell,Christian Braswell,CB,Jacksonville Jaguars,Jaguars,26,70,181,Rutgers,3,21,27,9,1999,66,Zone - CB,Launch Ratings,1,,,,,,,,90,89,61,69,51,31,61,62,69,87,62,33,55,39,88,72,93,12,13,60,14,63,35,35,35,23,59,29,59,64,38,44,45,49,35,35,35,Default Stride Loose,67,90,65,87,30,42,60,12,14,19,21,32,13,77,31,72
m27-1,23277,Colton,Dowell,Colton Dowell,WR,San Francisco 49ers,49ers,27,75,212,Tenn-Martin,3,84,19,4,1999,66,Deep Threat - WR,Launch Ratings,0,,,,,,,,91,81,47,79,29,21,74,75,79,84,84,10,27,35,86,70,93,17,20,34,16,12,20,26,23,6,15,10,21,30,70,65,67,68,28,19,39,Long Stride Default,81,91,64,83,57,69,30,10,15,20,10,26,17,88,52,17
m27-1,22249,Connor,Heyward,Connor Heyward,TE,Las Vegas Raiders,Raiders,27,72,230,Michigan St.,4,34,22,1,1999,66,Possession - TE,Launch Ratings,1,,,,,,,,85,72,68,79,46,42,68,81,78,67,79,21,60,64,91,63,79,37,42,64,68,15,57,58,58,26,31,25,10,50,60,49,56,65,54,55,58,Short Stride Default,77,85,60,80,71,68,40,24,20,32,35,37,26,91,73,15
m27-1,1137,Daijahn,Anthony,Daijahn Anthony,FS,Cincinnati Bengals,Bengals,25,72,200,Ole Miss,2,33,9,9,2000,66,Zone - S,Launch Ratings,1,,,,,,,,92,87,59,64,53,21,62,58,69,88,60,44,85,60,93,71,88,15,17,60,28,64,35,35,35,16,57,37,63,76,26,15,20,30,35,35,35,Default Stride Loose,62,88,64,84,54,56,70,15,20,21,15,31,15,88,54,70
m27-1,22280,Dallis,Flowers,Dallis Flowers,CB,Chicago Bears,Bears,29,73,196,Pittsburg St.,4,37,4,6,1997,66,Zone - CB,Launch Ratings,1,,,,,,,,95,83,61,81,38,12,73,55,70,79,58,39,56,34,89,72,93,15,11,86,17,67,21,21,22,6,56,28,64,67,33,27,31,35,35,35,34,Default Stride Loose,64,91,66,88,52,51,43,6,6,6,6,27,15,68,36,73
m27-1,16148,Dan,Jackson,Dan Jackson,SS,Detroit Lions,Lions,25,72,194,Georgia,1,17,30,11,2000,66,Zone - S,Launch Ratings,1,,,,,,,,93,80,62,66,52,14,53,64,64,83,54,33,77,55,87,65,82,15,19,42,25,64,35,35,35,6,58,34,65,78,26,18,22,29,35,35,35,Default Stride Loose,58,91,58,85,45,62,63,6,6,6,6,24,12,86,46,68
m27-1,21353,Daniel,Thomas,Daniel Thomas,SS,Cleveland Browns,Browns,28,70,215,Auburn,6,24,1,7,1998,66,Run Support - S,Launch Ratings,1,,,,,,,,88,80,67,60,60,17,47,58,63,81,48,30,82,62,92,67,88,22,17,50,14,61,35,35,12,6,65,26,63,79,20,11,15,25,35,35,16,Default Stride Loose,63,87,62,87,54,65,67,6,6,6,6,18,10,90,48,64
m27-1,21337,Danny,Pinter,Danny Pinter,C,Baltimore Ravens,Ravens,30,76,306,Ball State,6,63,19,6,1996,66,Agile - C,Launch Ratings,1,,,,,,,,74,59,74,33,35,12,31,38,48,55,40,21,33,80,87,25,73,21,22,10,86,13,66,62,64,6,30,33,10,29,40,25,31,34,77,72,74,Long Stride High and Tight,37,73,18,82,30,82,37,6,6,6,6,30,11,85,35,15
m27-1,22377,Dareke,Young,Dareke Young,WR,Las Vegas Raiders,Raiders,27,74,224,Lenoir-Rhyne University,4,81,4,6,1999,66,Deep Threat - WR,Launch Ratings,1,,,,,,,,92,86,66,82,28,19,75,78,78,81,79,10,36,45,85,74,88,17,21,85,27,12,28,29,30,6,15,10,12,42,62,66,67,69,26,31,40,Long Stride Loose,75,90,66,80,68,71,30,8,10,15,16,23,11,75,69,10
m27-1,21487,Darren,Hall,Darren Hall,FS,Atlanta Falcons,Falcons,26,72,195,San Diego St.,5,41,2,5,2000,66,Zone - S,Launch Ratings,1,,,,,,,,90,78,68,48,45,10,40,53,65,83,59,48,63,43,86,66,91,15,21,50,21,62,35,35,35,6,69,41,70,66,39,10,11,21,35,35,35,Short Stride Loose,63,89,58,89,39,60,59,6,6,6,6,27,16,84,42,69
m27-1,16326,David,Blay Jr.,David Blay Jr.,DT,New England Patriots,Patriots,23,74,292,Miami,0,96,28,1,2003,66,Power Rusher - DT,Launch Ratings,1,,,,,,,,76,61,62,25,73,15,26,36,32,54,26,58,77,82,88,28,68,18,12,15,26,20,45,45,45,6,60,66,12,75,17,4,7,15,45,45,45,Default Stride Awkward,26,70,25,74,26,85,80,6,6,6,6,14,10,83,37,22
m27-1,21556,Davis,Mills,Davis Mills,QB,Houston Texans,Texans,27,76,225,Stanford,5,10,21,10,1998,66,Field General - QB,Launch Ratings,1,,,,,,,,77,76,67,55,19,52,38,61,22,74,15,10,15,18,88,51,77,41,54,10,10,10,15,13,14,81,15,10,10,21,14,10,11,12,10,14,16,Long Stride Default,12,81,34,77,30,56,19,75,81,83,73,87,76,88,33,14
m27-1,16392,Dean,Connors,Dean Connors,HB,Los Angeles Rams,Rams,23,71,206,Houston,0,33,29,8,2003,66,Elusive Back - HB,Launch Ratings,1,,,,,,,,91,85,53,81,33,31,76,83,70,82,64,18,29,39,92,81,90,30,38,71,35,22,27,30,47,26,32,15,28,26,55,54,61,68,32,25,34,Default,64,91,76,88,61,71,32,20,25,32,31,45,30,91,62,26
m27-1,1355,Demontrey,Jacobs,Demontrey Jacobs,RT,Arizona Cardinals,Cardinals,27,78,315,USF,3,67,22,11,1998,66,Power - OT,Launch Ratings,1,,,,,,,,70,67,72,10,31,12,5,30,28,56,22,15,38,79,92,10,66,11,21,10,81,12,69,66,72,6,21,20,10,33,22,10,15,22,75,73,72,Long Stride Awkward,25,67,10,81,10,83,34,6,6,6,6,16,13,85,21,12
m27-1,20328,Drew,Lock,Drew Lock,QB,Seattle Seahawks,Seahawks,29,76,228,Missouri,7,2,10,11,1996,66,Field General - QB,Launch Ratings,1,,,,,,,,84,79,68,71,20,68,52,56,42,79,28,10,19,23,87,40,76,12,18,20,14,14,13,14,13,75,15,10,10,26,12,17,23,29,14,18,24,Default,37,82,31,77,33,68,22,73,78,84,75,89,74,91,46,16
m27-1,15169,Drew,Kendall,Drew Kendall,LG,Philadelphia Eagles,Eagles,24,76,308,Boston College,1,66,27,11,2001,66,Power - G,Launch Ratings,1,,,,,,,,72,66,76,10,15,11,6,23,22,64,20,11,24,79,92,10,75,12,13,10,77,11,69,71,71,6,24,25,10,31,12,5,10,18,71,69,71,Long Stride Awkward,22,71,10,84,10,81,23,6,6,6,6,15,12,90,21,10
m27-1,14983,Dwight,McGlothern,Dwight McGlothern,CB,Minnesota Vikings,Vikings,24,74,185,Arkansas,2,6,6,2,2002,66,Zone - CB,Launch Ratings,1,,,,,,,,92,75,63,72,36,24,66,55,62,83,61,41,48,47,89,75,78,21,25,65,23,62,20,20,20,12,86,35,60,60,24,16,18,20,20,22,22,Default Stride Loose,64,90,67,88,43,59,54,18,25,30,31,33,23,84,44,66
m27-1,4774,Dylan,Drummond,Dylan Drummond,WR,Atlanta Falcons,Falcons,26,72,190,Eastern Michigan,1,80,17,1,2000,66,Deep Threat - WR,Launch Ratings,1,,,,,,,,89,88,62,75,29,23,71,71,80,83,76,10,25,42,87,74,80,20,20,65,24,18,17,20,27,17,14,10,15,31,69,70,71,72,26,19,41,Short Stride Default,78,88,70,88,42,57,28,13,18,20,19,28,17,87,43,23
m27-1,14911,Edefuan,Ulofoshio,Edefuan Ulofoshio,MIKE,Cleveland Browns,Browns,26,73,236,Washington,2,54,23,1,2000,66,Field General - MLB,Launch Ratings,1,,,,,,,,91,84,60,51,65,11,37,52,58,76,55,65,75,67,82,59,92,35,36,35,28,66,42,41,44,12,57,68,57,83,15,7,13,23,41,40,45,Default Stride High and Tight,56,87,55,84,38,71,80,13,14,18,11,22,10,89,50,62
m27-1,4654,Eli,Pancol,Eli Pancol,WR,Indianapolis Colts,Colts,26,73,205,Duke,1,83,7,7,2000,66,Deep Threat - WR,Launch Ratings,1,,,,,,,,89,85,64,75,27,22,70,75,80,83,77,10,22,46,85,73,86,15,19,75,21,18,19,21,25,6,18,10,18,32,69,70,69,68,27,30,50,Default,77,92,67,79,46,69,27,6,10,15,10,22,19,83,52,23
m27-1,14882,Eric,Watts,Eric Watts,DT,NY Jets,Jets,25,78,274,Connecticut,2,95,1,10,2000,66,Power Rusher - DT,Launch Ratings,1,,,,,,,,88,65,63,48,74,20,41,41,35,58,32,68,78,71,90,45,87,26,26,39,35,28,36,30,32,13,64,69,35,72,19,14,16,18,33,36,37,Long Stride Loose,35,83,38,86,32,79,76,14,19,25,15,32,21,90,37,21
m27-1,23269,Erick,Hallett II,Erick Hallett II,SS,Tennessee Titans,Titans,26,71,200,Pittsburgh,3,41,24,4,2000,66,Zone - S,Launch Ratings,1,,,,,,,,91,89,63,62,47,10,60,59,70,91,58,40,71,45,93,75,89,14,21,65,18,60,30,30,30,6,68,35,60,64,28,33,35,41,35,35,35,Default Stride Loose,63,89,67,88,40,55,69,6,6,6,6,22,16,76,34,68
m27-1,23128,Evan,Hull,Evan Hull,HB,Houston Texans,Texans,25,70,214,Northwestern,3,42,26,10,2000,66,Elusive Back - HB,Launch Ratings,1,,,,,,,,91,87,58,77,27,22,74,88,70,84,52,12,29,42,90,78,87,15,19,74,39,13,33,27,50,14,16,11,15,36,52,49,56,62,28,32,42,Default,51,90,70,85,71,71,32,10,15,20,22,25,15,87,72,18
m27-1,15263,Francisco,Mauigoa,Francisco Mauigoa,MIKE,NY Jets,Jets,23,74,233,Miami,1,51,17,3,2003,66,Field General - MLB,Launch Ratings,1,,,,,,,,90,75,68,49,63,33,38,63,56,71,45,61,78,72,88,49,84,18,22,10,24,59,45,45,45,17,67,55,46,81,24,20,23,26,45,45,45,Default Stride Loose,46,84,46,87,43,73,78,20,23,26,31,30,20,88,40,66
m27-1,4698,Gage,Larvadain,Gage Larvadain,WR,Cleveland Browns,Browns,23,68,171,South Carolina,1,84,3,1,2003,66,Deep Threat - WR,Launch Ratings,0,,,,,,,,92,79,63,79,26,29,73,71,78,84,75,10,26,37,86,78,90,18,21,72,21,13,19,23,31,17,22,19,13,32,64,68,67,69,29,22,39,Default,77,90,76,85,44,62,25,15,17,18,24,29,28,82,36,17
m27-1,20843,Gunner,Olszewski,Gunner Olszewski,WR,NY Giants,Giants,29,72,190,Bemidji State,7,80,26,11,1996,66,Slot - WR,Launch Ratings,1,,,,,,,,88,86,75,78,53,22,67,72,80,80,74,33,58,48,88,77,86,22,20,85,29,58,27,25,33,20,53,28,54,62,62,64,69,70,27,29,47,Default Stride Loose,77,87,71,83,48,56,50,20,37,43,42,51,34,94,35,60
m27-1,20499,Hakeem,Butler,Hakeem Butler,WR,Denver Broncos,Broncos,30,77,227,Iowa State,5,30,16,5,1996,66,Slot - WR,Launch Ratings,1,,,,,,,,86,80,65,79,33,29,75,75,79,76,80,10,27,48,92,77,87,12,14,45,37,15,42,48,48,6,16,10,15,36,71,61,63,66,47,53,53,Long Stride Default,84,87,74,80,76,73,26,6,10,15,10,26,18,86,66,22
m27-1,15025,Hunter,Nourzad,Hunter Nourzad,C,Kansas City Chiefs,Chiefs,26,75,315,Penn State,2,64,26,11,1999,66,Agile - C,Launch Ratings,1,,,,,,,,73,66,75,10,34,12,5,41,22,55,10,35,35,80,93,10,65,20,22,10,81,9,69,69,72,6,35,38,10,41,12,5,5,10,73,72,71,Default Stride Awkward,12,67,10,83,10,83,35,6,6,8,6,22,14,90,15,9
m27-1,22421,Ja'Tyre,Carter,Ja'Tyre Carter,RG,Carolina Panthers,Panthers,27,75,311,Southern,4,65,15,1,1999,66,Power - G,Launch Ratings,1,,,,,,,,77,55,74,43,39,12,42,45,43,48,37,32,36,81,92,40,83,12,14,10,76,10,69,73,71,6,37,40,10,39,29,23,29,32,63,67,65,Default Stride Awkward,40,71,32,83,39,85,35,6,6,6,6,12,8,76,40,10
m27-1,16260,Jack,Endries,Jack Endries,TE,Cincinnati Bengals,Bengals,22,77,245,Texas,0,84,26,3,2004,66,Vertical Threat - TE,Launch Ratings,1,,,,,,,,88,75,61,68,50,26,66,75,84,69,79,34,46,59,93,69,86,32,37,55,53,39,55,55,56,38,43,35,30,53,65,54,58,64,57,56,57,Long Stride Default,79,84,62,86,62,72,49,17,23,31,23,30,27,90,62,41
m27-1,4741,Jacob,Saylors,Jacob Saylors,HB,Detroit Lions,Lions,26,71,195,E. Tenn. St.,1,25,8,3,2000,66,Elusive Back - HB,Launch Ratings,1,,,,,,,,90,77,73,77,33,29,78,87,67,77,48,20,25,34,88,79,80,10,15,80,33,22,26,30,49,19,20,10,20,36,47,44,53,61,27,28,39,Default Stride High and Tight,50,88,72,86,71,73,34,10,15,18,27,36,19,87,75,25
m27-1,14800,Jalen,Milroe,Jalen Milroe,QB,Seattle Seahawks,Seahawks,23,74,216,Alabama,1,6,13,12,2002,66,Strong Arm - QB,Launch Ratings,1,,,,,,,,93,89,49,87,37,74,75,56,40,87,21,38,40,26,88,78,87,21,28,33,31,20,32,32,23,79,26,38,19,28,28,23,19,19,33,33,30,Default Stride Loose,18,93,73,81,68,69,42,76,75,76,77,92,74,89,52,18
m27-1,13286,Jalen,Davis,Jalen Davis,CB,Cincinnati Bengals,Bengals,30,70,186,Utah State,8,35,2,2,1996,66,Manto Man - CB,Launch Ratings,1,,,,,,,,87,80,69,72,55,10,52,63,69,77,51,42,54,50,86,78,86,25,25,73,15,69,35,35,35,6,70,25,70,72,15,12,17,27,35,35,35,Short Stride Loose,62,88,71,87,31,53,57,6,6,6,6,30,12,78,25,67
m27-1,1104,Jamal,Hill,Jamal Hill,WILL,Houston Texans,Texans,25,72,226,Oregon,2,56,4,4,2001,66,Pass Coverage - OLB,Launch Ratings,1,,,,,,,,89,78,63,57,63,12,52,55,64,75,56,59,77,65,90,65,80,11,18,35,35,60,35,35,35,11,61,51,55,79,20,5,10,15,40,40,45,Default Stride Loose,60,91,60,81,45,65,78,21,23,24,14,28,13,83,48,69
m27-1,1134,Javontae,Jean-Baptiste,Javontae Jean-Baptiste,LEDG,Washington Commanders,Commanders,26,77,260,Notre Dame,2,41,16,5,2000,66,Power Rusher - DE,Launch Ratings,1,,,,,,,,85,67,67,42,72,15,33,30,52,58,45,63,74,80,89,41,83,29,34,10,20,31,48,49,48,6,69,64,22,78,42,34,38,43,40,40,40,Long Stride Loose,29,84,35,74,46,77,75,5,6,9,6,18,5,80,49,30
m27-1,14883,Jaylen,Harrell,Jaylen Harrell,LEDG,Tennessee Titans,Titans,24,76,247,Michigan,2,92,1,5,2002,66,Smaller Speed Rusher - DE,Launch Ratings,1,,,,,,,,88,67,65,26,66,12,15,32,44,67,20,70,70,77,91,33,88,24,25,10,11,39,45,45,45,6,64,66,31,79,25,5,5,15,45,45,45,Long Stride Bread Loaf,20,83,28,79,28,75,74,6,6,6,6,27,13,80,27,43
m27-1,14965,Jaylin,Simpson,Jaylin Simpson,FS,Green Bay Packers,Packers,26,72,179,Auburn,2,38,17,3,2000,66,Hybrid - S,Launch Ratings,1,,,,,,,,92,83,60,71,49,25,67,62,74,80,63,43,63,51,88,69,93,21,22,60,17,70,25,26,30,15,59,37,74,73,33,15,23,33,31,31,35,Default Stride Loose,67,90,65,84,45,53,60,21,23,34,25,35,15,75,41,72
m27-1,23034,JL,Skinner,JL Skinner,SS,Denver Broncos,Broncos,25,76,220,Boise State,3,34,16,4,2001,66,Run Support - S,Launch Ratings,1,,,,,,,,91,87,61,71,57,13,69,62,75,77,73,44,84,62,91,69,86,23,25,35,24,59,35,35,35,11,66,28,76,72,65,45,55,53,40,39,41,Long Stride Loose,77,89,63,87,72,59,67,12,13,19,11,27,11,88,57,69
m27-1,16180,Joe,Royer,Joe Royer,TE,Cleveland Browns,Browns,24,77,247,Cincinnati,0,18,25,2,2002,66,Vertical Threat - TE,Launch Ratings,1,,,,,,,,87,82,54,68,24,23,67,70,83,77,77,18,25,62,86,68,85,24,25,56,55,20,56,57,57,22,24,22,22,21,66,55,59,65,58,59,59,Long Stride Default,77,84,61,82,64,75,24,10,15,20,24,27,25,84,64,25
m27-1,22175,John,Ridgeway III,John Ridgeway III,DT,New Orleans Saints,Saints,27,77,321,Arkansas,4,95,7,5,1999,66,Power Rusher - DT,Launch Ratings,1,,,,,,,,69,54,63,20,76,9,14,23,21,52,14,55,80,88,91,13,70,10,12,10,31,12,45,45,45,6,60,67,10,74,12,4,6,14,45,45,45,Long Stride Awkward,20,62,12,71,29,86,81,6,6,6,6,19,6,84,32,14
m27-1,21767,John,Bates,John Bates,TE,Washington Commanders,Commanders,28,78,259,Boise State,5,87,6,11,1997,66,Possession - TE,Launch Ratings,1,,,,,,,,78,83,66,67,45,13,52,75,77,72,75,10,44,70,92,66,78,19,23,15,57,21,63,60,63,6,31,10,24,50,62,52,59,64,60,63,64,Long Stride High and Tight,75,77,65,87,67,75,47,6,10,15,10,25,10,83,63,26
m27-1,20989,Jonathan,Garvin,Jonathan Garvin,LEDG,Chicago Bears,Bears,27,76,257,Miami,6,52,28,7,1999,66,Power Rusher - DE,Launch Ratings,1,,,,,,,,83,76,69,36,68,12,19,37,43,69,21,62,76,77,90,31,76,11,16,10,16,42,45,45,45,6,66,69,32,76,14,5,5,15,45,45,45,Long Stride Default,21,78,27,76,37,76,78,6,6,6,6,23,10,89,34,48
m27-1,22884,Jordan,McFadden,Jordan McFadden,LG,Chicago Bears,Bears,26,74,303,Clemson,3,74,16,11,1999,66,Agile - G,Launch Ratings,1,,,,,,,,76,61,73,13,15,12,8,38,26,54,15,13,22,75,92,11,71,13,12,10,81,10,76,71,73,5,19,12,10,22,12,5,7,13,67,62,65,Default Stride Awkward,14,73,10,85,15,82,35,5,5,5,5,11,14,85,20,11
m27-1,22400,Juanyeh,Thomas,Juanyeh Thomas,SS,Indianapolis Colts,Colts,26,75,217,Georgia Tech,4,33,24,6,2000,66,Zone - S,Launch Ratings,1,,,,,,,,92,76,64,71,61,15,54,65,62,84,53,47,67,64,92,67,82,16,14,67,23,63,34,34,34,6,62,38,66,77,34,25,29,31,35,35,35,Default,57,87,60,88,42,65,69,6,6,6,6,24,11,81,47,68
m27-1,23099,Kaevon,Merriweather,Kaevon Merriweather,SS,Houston Texans,Texans,26,72,207,Iowa,3,21,20,12,1999,66,Run Support - S,Launch Ratings,1,,,,,,,,93,79,67,51,51,12,42,52,63,83,50,40,88,63,90,64,85,13,14,35,33,63,35,35,35,10,64,45,65,74,33,18,22,31,35,35,35,Short Stride Loose,54,85,60,82,48,63,68,10,11,13,19,24,10,88,45,63
m27-1,15258,Kain,Medrano,Kain Medrano,WILL,Washington Commanders,Commanders,25,75,230,UCLA,1,56,16,2,2001,66,Run Stopper - OLB,Launch Ratings,1,,,,,,,,92,85,66,47,62,31,39,61,50,80,43,52,77,70,89,47,89,18,21,10,22,55,40,40,40,15,64,49,45,79,22,18,21,24,40,40,40,Default Stride Loose,49,90,44,87,42,71,77,18,21,24,29,22,18,88,42,61
m27-1,16303,Karson,Sharar,Karson Sharar,WILL,Arizona Cardinals,Cardinals,23,74,231,Iowa,0,43,7,3,2003,66,Run Stopper - OLB,Launch Ratings,1,,,,,,,,90,84,65,53,66,16,58,63,64,77,38,56,78,73,88,53,89,16,16,18,27,58,42,43,65,6,64,53,46,81,13,23,28,33,52,65,47,Default Stride Loose,33,87,53,87,58,67,78,6,6,6,6,24,10,89,59,62
m27-1,4754,Ke'Shawn,Williams,Ke'Shawn Williams,WR,Cincinnati Bengals,Bengals,24,69,188,Indiana,1,12,27,12,2001,66,Deep Threat - WR,Launch Ratings,1,,,,,,,,90,84,61,76,26,19,72,71,80,86,75,10,28,38,87,73,87,20,20,79,21,13,22,20,29,17,36,10,17,33,73,68,72,74,22,21,41,Short Stride Default,76,89,70,85,40,53,31,10,10,15,10,29,19,85,40,18
m27-1,10224,Kevin,Jobity Jr.,Kevin Jobity Jr.,DT,Pittsburgh Steelers,Steelers,22,76,300,Syracuse,0,92,6,10,2003,66,Power Rusher - DT,Launch Ratings,1,,,,,,,,81,65,63,22,73,12,18,35,34,59,27,61,76,84,87,25,78,14,16,10,27,15,45,45,45,6,62,69,15,73,13,3,6,15,45,45,45,Default Stride Awkward,26,71,25,74,36,82,79,6,6,6,6,21,10,80,45,17
m27-1,16356,Keyshaun,Elliott,Keyshaun Elliott,MIKE,Chicago Bears,Bears,22,74,233,Arizona St.,0,49,12,12,2003,66,Field General - MLB,Launch Ratings,1,,,,,,,,86,83,67,39,64,14,37,68,60,74,66,56,79,76,85,52,86,14,18,15,27,55,45,46,55,6,66,50,48,81,34,33,38,43,54,68,41,Long Stride Loose,64,86,50,87,47,73,79,6,6,6,6,14,10,87,45,64
m27-1,15343,Kitan,Crawford,Kitan Crawford,SS,Arizona Cardinals,Cardinals,24,71,202,Nevada,1,36,31,12,2001,66,Hybrid - S,Launch Ratings,1,,,,,,,,90,83,62,66,50,14,51,62,62,86,53,34,76,53,88,65,95,15,19,83,25,64,35,35,35,6,59,35,65,76,25,17,21,28,35,35,35,Default Stride Loose,58,92,57,86,44,64,65,6,6,6,6,24,13,87,44,67
m27-1,16147,Kyonte,Hamilton,Kyonte Hamilton,DT,Houston Texans,Texans,23,75,305,Rutgers,1,58,7,11,2002,66,Power Rusher - DT,Launch Ratings,1,,,,,,,,79,68,57,44,73,44,38,41,26,62,17,65,78,81,87,35,67,33,18,28,23,12,45,45,45,38,57,71,20,75,15,11,14,16,45,45,45,Default Stride High and Tight,19,72,27,85,29,85,80,34,37,41,40,49,40,93,36,17
m27-1,16345,Landon,Robinson,Landon Robinson,DT,Cincinnati Bengals,Bengals,23,71,293,Navy,0,96,3,1,2003,66,Power Rusher - DT,Launch Ratings,1,,,,,,,,85,71,61,28,70,12,15,46,38,65,30,58,76,86,87,27,79,25,16,10,25,21,45,45,45,6,60,66,33,75,25,3,13,15,45,45,45,Default Stride Awkward,30,77,29,73,34,86,77,6,6,6,6,21,10,87,45,23
m27-1,16187,Lorenzo,Styles Jr.,Lorenzo Styles Jr.,SS,New Orleans Saints,Saints,23,72,194,Ohio State,0,36,9,9,2002,66,Hybrid - S,Launch Ratings,1,,,,,,,,95,90,58,68,44,17,55,59,65,89,64,36,59,44,87,72,90,13,15,60,19,67,35,35,35,6,59,34,68,69,37,36,41,43,35,35,35,Default Stride Loose,67,97,64,87,35,54,55,6,6,6,6,25,10,83,36,65
m27-1,20836,Luke,Gifford,Luke Gifford,WILL,San Francisco 49ers,49ers,31,75,243,Nebraska,7,51,28,8,1995,66,Run Stopper - OLB,Launch Ratings,1,,,,,,,,84,81,63,54,67,22,48,63,65,73,33,64,80,78,84,67,84,18,17,14,24,55,45,45,45,25,63,57,43,78,19,7,12,19,45,45,45,Long Stride Loose,35,85,57,85,45,75,79,26,33,39,31,44,26,83,34,60
m27-1,16145,Luke,Newman,Luke Newman,RG,Chicago Bears,Bears,24,75,308,Michigan St.,1,65,3,3,2002,66,Agile - G,Launch Ratings,1,,,,,,,,74,61,69,15,35,11,14,23,23,61,10,26,36,79,88,11,57,14,16,10,77,13,71,68,69,6,25,39,10,32,11,5,5,10,71,70,71,Long Stride Awkward,11,70,13,86,12,87,30,6,6,6,6,13,10,87,29,15
m27-1,22856,Luke,Wypler,Luke Wypler,C,Cleveland Browns,Browns,25,75,303,Ohio State,3,56,3,5,2001,66,Agile - C,Launch Ratings,1,,,,,,,,77,63,72,24,25,10,25,34,29,59,23,18,32,71,92,23,75,15,19,10,84,10,75,67,72,6,15,20,12,35,25,15,20,25,73,63,68,Default Stride Awkward,31,68,22,85,25,85,26,6,6,6,6,20,10,83,29,10
m27-1,14986,Marcellas,Dial Jr,Marcellas Dial Jr,CB,New England Patriots,Patriots,25,72,190,South Carolina,2,27,6,12,2000,66,Manto Man - CB,Launch Ratings,1,,,,,,,,90,78,66,63,59,13,63,57,67,80,55,33,74,62,94,69,94,21,22,58,24,66,11,14,15,8,62,26,67,66,27,11,16,26,15,16,25,Default Stride Loose,65,91,65,85,32,62,70,8,9,17,8,27,14,83,42,64
m27-1,13088,Mason,Rudolph,Mason Rudolph,QB,Pittsburgh Steelers,Steelers,31,77,235,Oklahoma St.,8,2,17,7,1995,66,Field General - QB,Launch Ratings,1,,,,,,,,75,66,69,64,22,64,46,66,40,65,24,10,17,24,91,49,71,16,20,14,20,10,10,13,14,77,20,10,10,32,18,15,19,24,10,13,17,Long Stride High and Tight,20,73,40,67,44,66,31,75,80,85,71,86,78,87,47,16
m27-1,22106,Max,Mitchell,Max Mitchell,LT,NY Jets,Jets,26,78,307,UL Lafayette,4,61,12,10,1999,66,Power - OT,Launch Ratings,1,,,,,,,,71,55,75,16,25,14,12,29,24,57,13,13,26,79,91,14,64,19,22,10,85,10,70,65,68,6,20,15,10,32,12,5,5,15,74,72,73,Long Stride Awkward,15,61,11,84,29,85,29,5,6,8,6,24,10,86,25,10
m27-1,2431,Michael,Burton,Michael Burton,FB,Cleveland Browns,Browns,34,72,247,Rutgers,11,34,1,2,1992,66,Blocking - FB,Launch Ratings,1,,,,,,,,77,74,66,72,28,12,29,74,62,70,48,30,63,70,89,60,80,14,14,35,80,10,43,48,65,5,15,25,15,43,54,27,35,45,55,59,68,Default,49,80,63,80,70,82,45,5,10,15,5,30,17,75,76,15
m27-1,20371,Michael,Deiter,Michael Deiter,C,Denver Broncos,Broncos,29,78,315,Wisconsin,7,67,3,9,1996,66,Power - C,Launch Ratings,1,,,,,,,,65,55,78,10,35,12,5,40,30,51,21,16,33,81,87,10,70,12,17,10,76,15,70,72,71,6,38,24,10,36,14,10,12,16,67,69,68,Default Stride Awkward,25,68,10,85,15,86,38,6,6,6,6,22,14,83,25,20
m27-1,1150,MJ,Devonshire,MJ Devonshire,CB,Green Bay Packers,Packers,25,71,186,Pittsburgh,2,28,12,9,2000,66,Zone - CB,Launch Ratings,1,,,,,,,,93,83,64,81,38,24,72,55,73,84,59,35,56,39,92,84,91,18,22,80,15,62,14,15,20,6,65,21,69,64,29,25,33,35,21,21,25,Default Stride Loose,61,91,76,86,31,51,42,8,12,16,21,24,10,75,30,67
m27-1,10551,Morgan,Cox,Morgan Cox,LS,Tennessee Titans,Titans,40,76,233,Tennessee,17,46,26,4,1986,66,Power - LS,Launch Ratings,1,,,,,,,,61,61,73,22,63,12,26,67,58,57,44,55,59,57,92,14,68,18,29,10,41,15,40,50,56,10,29,56,15,63,25,35,40,47,35,40,50,Default,42,70,10,71,25,73,63,10,10,10,10,22,13,82,33,20
m27-1,14891,Myles,Cole,Myles Cole,DT,New Orleans Saints,Saints,26,78,280,Texas Tech,2,57,29,4,2000,66,Power Rusher - DT,Launch Ratings,1,,,,,,,,85,63,65,26,75,13,30,40,32,57,35,65,75,81,90,41,84,16,18,10,22,32,45,45,45,8,63,64,20,79,32,23,24,29,45,45,45,Long Stride Loose,35,83,35,75,35,78,75,7,10,13,7,22,9,84,40,34
m27-1,4657,Myles,Price,Myles Price,WR,Minnesota Vikings,Vikings,24,69,178,Indiana,1,4,16,12,2001,66,Deep Threat - WR,Launch Ratings,1,,,,,,,,92,81,67,77,20,28,72,70,80,82,74,10,20,34,84,74,84,14,18,82,22,12,22,20,29,22,14,10,15,34,64,69,68,69,31,23,37,Short Stride Default,76,92,72,80,38,53,26,18,20,25,35,36,29,84,39,19
m27-1,1856,Nadame,Tucker,Nadame Tucker,LEDG,Los Angeles Chargers,Chargers,26,75,250,W. Michigan,0,56,21,6,2000,66,Smaller Speed Rusher - DE,Launch Ratings,1,,,,,,,,87,69,58,36,74,18,34,45,49,62,34,71,78,84,89,37,81,43,17,10,37,32,45,45,45,6,57,72,39,80,13,10,10,10,45,45,45,Long Stride Loose,46,81,35,83,35,74,77,6,6,6,6,21,15,87,35,45
m27-1,14734,Nathan,Thomas,Nathan Thomas,LT,Dallas Cowboys,Cowboys,25,77,332,UL Lafayette,2,71,22,8,2001,66,Power - OT,Launch Ratings,1,,,,,,,,74,52,62,49,32,15,44,57,53,55,47,10,31,85,90,41,64,15,25,10,77,12,65,72,69,15,10,10,10,34,50,35,40,43,77,72,76,Long Stride Awkward,59,66,39,79,49,85,28,10,15,20,10,25,12,87,47,12
m27-1,15219,Nazir,Stackhouse,Nazir Stackhouse,DT,Green Bay Packers,Packers,24,76,327,Georgia,1,93,18,4,2002,66,Power Rusher - DT,Launch Ratings,1,,,,,,,,70,63,66,21,72,12,17,36,38,52,18,58,78,84,93,18,63,12,16,10,26,18,45,45,45,6,65,66,18,74,15,5,7,16,45,45,45,Default Stride Awkward,18,67,18,82,33,85,80,6,6,6,6,20,10,90,32,21
m27-1,21904,Nick,Niemann,Nick Niemann,MIKE,Green Bay Packers,Packers,28,75,234,Iowa,5,31,2,12,1997,66,Field General - MLB,Launch Ratings,1,,,,,,,,90,86,66,45,60,12,33,52,57,72,49,41,74,69,90,37,81,20,20,10,29,55,45,45,45,6,68,39,38,78,41,21,28,31,45,45,45,Default Stride Loose,52,88,33,84,42,71,82,6,6,6,6,21,12,83,37,63
m27-1,4753,Nick,Whiteside,Nick Whiteside,CB,Detroit Lions,Lions,26,73,200,Saginaw Valley,1,38,1,5,2000,66,Zone - CB,Launch Ratings,1,,,,,,,,90,81,63,64,42,14,51,58,67,83,57,31,57,50,88,71,75,15,15,49,15,67,30,35,33,6,61,25,69,69,23,13,19,25,35,35,35,Short Stride Loose,66,89,62,87,33,54,52,6,6,6,6,25,10,83,28,74
m27-1,1172,Nick,Gargiulo,Nick Gargiulo,LG,Denver Broncos,Broncos,26,77,310,South Carolina,2,66,19,7,2000,66,Power - G,Launch Ratings,1,,,,,,,,72,71,70,21,31,7,19,41,43,58,31,24,31,80,89,30,79,20,22,10,78,11,68,70,71,7,35,30,10,32,22,14,17,21,70,69,69,Long Stride Awkward,33,64,16,79,28,87,33,5,5,6,6,30,10,77,32,12
m27-1,22886,Olusegun,Oluwatimi,Olusegun Oluwatimi,C,Seattle Seahawks,Seahawks,27,75,308,Michigan,3,55,5,8,1999,66,Power - C,Launch Ratings,1,,,,,,,,71,60,65,10,21,14,5,25,27,53,22,21,39,84,92,10,72,20,21,10,78,12,66,74,71,6,26,31,10,26,12,5,8,10,69,75,72,Default Stride Awkward,26,60,10,87,10,84,28,6,6,6,6,27,10,90,15,10
m27-1,10215,Omari,Evans,Omari Evans,WR,Kansas City Chiefs,Chiefs,22,72,195,Washington,0,7,31,12,2003,66,Deep Threat - WR,Launch Ratings,1,,,,,,,,93,85,39,79,23,18,73,68,75,86,76,10,24,43,87,79,90,16,17,61,29,20,17,10,26,6,26,10,23,27,70,73,70,67,21,16,49,Long Stride Default,77,95,73,81,55,62,29,6,10,15,10,23,14,84,45,26
m27-1,23089,Otis,Reese IV,Otis Reese IV,WILL,New England Patriots,Patriots,28,75,214,Ole Miss,3,54,2,7,1998,66,Run Stopper - OLB,Launch Ratings,1,,,,,,,,86,75,66,53,59,15,26,64,66,76,48,61,87,68,90,58,81,11,11,32,32,55,35,35,35,15,64,48,66,84,15,10,10,20,35,35,35,Default Stride Loose,54,86,55,83,53,68,80,10,10,15,15,30,10,87,52,65
m27-1,10204,Parker,Hughes,Parker Hughes,WILL,Jacksonville Jaguars,Jaguars,23,73,228,Mid Tenn St.,0,53,2,1,2003,66,Run Stopper - OLB,Launch Ratings,1,,,,,,,,91,75,60,31,63,11,31,53,66,73,50,53,77,67,85,29,85,12,15,18,21,60,48,42,62,6,59,49,46,82,33,30,32,34,51,60,43,Default Stride Loose,50,88,34,88,41,71,79,6,6,6,6,33,10,83,45,63
m27-1,15352,Rayuan,Lane III,Rayuan Lane III,FS,Jacksonville Jaguars,Jaguars,23,71,201,Navy,1,25,21,7,2003,66,Zone - S,Launch Ratings,1,,,,,,,,85,79,72,67,46,14,52,63,64,79,52,36,77,52,91,64,88,15,19,80,25,60,35,35,35,6,72,30,71,75,25,17,21,28,35,35,35,Default Stride Loose,57,87,56,91,44,59,65,6,6,6,6,24,12,92,45,65
m27-1,4768,Reese,Taylor,Reese Taylor,CB,Denver Broncos,Broncos,27,69,188,Purdue,1,35,27,8,1999,66,Zone - CB,Launch Ratings,1,,,,,,,,90,87,58,64,44,11,51,64,65,87,53,34,57,43,87,72,91,15,14,50,15,67,35,35,35,19,56,29,70,71,14,11,15,21,35,35,35,Short Stride Loose,65,90,62,85,31,54,54,19,22,25,18,32,17,83,29,74
m27-1,22336,Ronnie,Rivers,Ronnie Rivers,HB,Los Angeles Rams,Rams,27,69,195,Fresno State,4,20,31,1,1999,66,Elusive Back - HB,Launch Ratings,1,,,,,,,,91,86,63,76,25,25,76,81,69,81,66,16,25,30,87,84,87,18,20,76,32,15,24,23,46,10,21,20,14,27,46,52,60,65,29,30,39,Short Stride Loose,57,87,76,82,50,63,29,20,22,25,22,30,11,87,48,20
m27-1,20983,Ross,Blacklock,Ross Blacklock,DT,Atlanta Falcons,Falcons,28,77,290,TCU,6,95,9,7,1998,66,Power Rusher - DT,Launch Ratings,1,,,,,,,,78,67,64,21,69,12,14,38,31,60,16,62,80,85,89,21,72,13,18,10,19,17,45,45,45,6,64,71,16,75,14,4,7,13,45,45,45,Long Stride Loose,18,75,18,77,28,87,75,6,6,6,6,20,10,85,31,27
m27-1,1170,Sanoussi,Kane,Sanoussi Kane,SS,Tennessee Titans,Titans,24,71,207,Purdue,2,42,6,10,2001,66,Run Support - S,Launch Ratings,1,,,,,,,,91,81,61,65,66,31,63,56,57,81,49,42,81,64,90,67,87,47,53,55,32,64,31,33,33,24,60,47,66,81,12,10,11,15,35,35,35,Default Stride Loose,52,88,63,83,45,58,71,22,23,35,32,31,23,89,55,62
m27-1,14710,Sedrick,Van Pran-Granger,Sedrick Van Pran-Granger,C,Buffalo Bills,Bills,24,76,310,Georgia,2,62,23,10,2001,66,Agile - C,Launch Ratings,1,,,,,,,,73,69,78,15,25,11,9,25,24,53,10,17,26,81,95,10,68,9,10,10,77,10,69,70,72,8,20,19,10,27,10,5,5,12,72,70,72,Default Stride Awkward,15,66,9,85,24,82,31,6,8,9,7,17,14,87,23,10
m27-1,23330,Segun,Olubi,Segun Olubi,WILL,Las Vegas Raiders,Raiders,26,72,225,San Diego St.,4,50,1,11,1999,66,Run Stopper - OLB,Launch Ratings,1,,,,,,,,91,82,61,51,64,22,44,53,63,78,49,62,84,64,87,66,83,29,31,35,27,57,45,45,45,10,63,51,44,82,15,5,5,15,45,45,45,Short Stride Loose,48,89,63,80,42,66,75,12,14,15,15,21,14,80,48,66
m27-1,22633,Shane,Zylstra,Shane Zylstra,TE,Buffalo Bills,Bills,29,77,244,Minnesota State,5,48,16,11,1996,66,Vertical Threat - TE,Launch Ratings,1,,,,,,,,83,78,62,80,31,22,71,76,79,77,80,20,35,52,87,70,83,21,24,10,36,15,48,46,49,6,24,22,18,44,68,59,62,64,56,51,58,Long Stride High and Tight,80,81,65,82,61,65,34,6,6,6,6,25,10,81,62,15
m27-1,21699,Shemar,Jean-Charles,Shemar Jean-Charles,CB,Seattle Seahawks,Seahawks,28,70,184,Appalach. St.,5,34,20,6,1998,66,Manto Man - CB,Launch Ratings,1,,,,,,,,86,83,69,60,39,12,37,54,56,84,54,32,42,39,90,73,84,11,13,55,18,70,35,35,35,6,71,31,67,69,28,21,24,29,35,35,35,Default Stride Loose,62,87,65,86,29,61,53,6,6,6,6,23,15,69,31,65
m27-1,10212,Sincere,Brown,Sincere Brown,WR,Los Angeles Chargers,Chargers,24,77,190,Colorado,0,38,8,12,2001,66,Deep Threat - WR,Launch Ratings,1,,,,,,,,90,79,56,80,26,24,76,74,77,78,77,12,27,44,88,77,81,19,23,43,31,21,11,10,30,17,27,10,26,28,71,72,71,69,28,23,50,Long Stride Loose,78,93,70,84,66,65,28,19,22,26,29,27,19,85,55,25
m27-1,13323,Siran,Neal,Siran Neal,SS,San Francisco 49ers,49ers,32,72,206,Jacksonville State,8,33,4,8,1994,66,Hybrid - S,Launch Ratings,1,,,,,,,,85,80,64,67,60,15,35,63,67,79,56,48,80,63,94,65,92,15,18,25,15,64,35,35,35,6,65,41,76,72,30,28,35,40,35,35,35,Default,64,90,60,86,38,60,68,6,6,6,6,21,14,92,49,70
m27-1,22712,Tanner,McKee,Tanner McKee,QB,Philadelphia Eagles,Eagles,26,78,231,Stanford,3,16,27,4,2000,66,Field General - QB,Launch Ratings,1,,,,,,,,84,76,67,67,18,45,39,58,20,74,12,5,15,16,89,37,78,11,15,5,10,5,19,14,15,76,15,5,5,16,16,10,11,12,11,11,15,Default,10,77,27,75,28,61,20,75,79,83,80,87,76,87,39,11
m27-1,22964,Thomas,Incoom,Thomas Incoom,LEDG,Carolina Panthers,Panthers,27,74,265,Central Michigan,3,48,19,2,1999,66,Power Rusher - DE,Launch Ratings,1,,,,,,,,91,78,63,53,66,12,44,55,54,72,55,59,76,85,91,47,75,36,38,15,28,25,45,45,45,6,61,66,27,75,44,35,41,45,45,45,45,Default Stride Loose,51,84,40,73,41,77,78,6,7,11,7,24,11,77,50,31
m27-1,22173,Thomas,Booker IV,Thomas Booker IV,DT,Las Vegas Raiders,Raiders,26,75,301,Stanford,4,99,11,11,1999,66,Power Rusher - DT,Launch Ratings,1,,,,,,,,81,72,62,42,70,12,35,40,39,65,35,53,79,84,91,32,72,11,15,10,34,15,45,45,45,6,64,66,16,74,25,22,25,29,45,45,45,Default Stride Awkward,36,74,28,76,40,85,78,6,6,6,6,18,10,83,33,14
m27-1,14744,Trevor,Keegan,Trevor Keegan,LG,Dallas Cowboys,Cowboys,26,78,305,Michigan,2,77,30,8,2000,66,Power - G,Launch Ratings,1,,,,,,,,72,60,70,18,21,8,13,25,31,54,15,15,35,80,91,19,75,24,26,10,79,10,67,72,73,6,21,15,10,23,20,5,5,10,70,70,70,Long Stride Awkward,15,64,22,83,15,85,34,11,11,15,7,22,10,89,29,10
m27-1,14910,Ty'Ron,Hopper,Ty'Ron Hopper,WILL,Green Bay Packers,Packers,25,74,228,Missouri,2,59,6,4,2001,66,Run Stopper - OLB,Launch Ratings,1,,,,,,,,87,77,73,42,65,22,21,55,58,71,52,66,79,67,91,56,86,14,15,45,29,52,40,40,40,16,75,72,52,86,13,5,7,15,45,45,45,Default Stride High and Tight,54,83,55,82,40,66,70,25,26,31,14,35,13,83,44,64
m27-1,12498,Tyler,Ott,Tyler Ott,LS,Washington Commanders,Commanders,34,75,253,Harvard,11,69,28,2,1992,66,Accurate - LS,Launch Ratings,1,,,,,,,,76,64,55,48,43,18,20,68,69,60,54,24,53,56,92,48,75,24,25,10,41,15,40,50,54,10,25,19,25,57,44,38,43,48,35,40,49,Default,59,74,41,76,42,72,52,10,10,10,10,39,10,83,34,25
m27-1,22962,Tyler,Lacy,Tyler Lacy,LEDG,Detroit Lions,Lions,26,76,285,Oklahoma St.,3,93,10,11,1999,66,Power Rusher - DE,Launch Ratings,1,,,,,,,,81,65,64,23,73,11,23,41,37,58,33,61,81,85,88,40,71,9,10,10,35,24,40,40,40,6,63,67,32,74,15,10,15,25,45,45,45,Long Stride Awkward,34,69,36,72,45,86,81,6,6,6,6,21,16,87,39,30
m27-1,22427,Vederian,Lowe,Vederian Lowe,LT,San Francisco 49ers,49ers,27,78,320,Illinois,4,76,17,4,1999,66,Power - OT,Launch Ratings,1,,,,,,,,74,56,78,27,33,10,13,24,50,53,20,21,37,84,93,20,65,11,12,10,73,8,68,70,75,6,25,24,10,31,13,5,15,32,75,71,71,Default Stride Awkward,16,64,22,81,31,82,29,6,6,6,6,19,6,82,28,9
m27-1,15212,Warren,Brinson,Warren Brinson,DT,Green Bay Packers,Packers,24,77,315,Georgia,1,91,4,2,2002,66,Power Rusher - DT,Launch Ratings,1,,,,,,,,75,65,66,33,77,11,21,39,19,59,18,72,77,82,87,18,74,25,14,32,24,10,45,45,45,6,63,77,11,73,13,12,15,17,45,45,45,Default Stride Awkward,18,70,18,73,34,83,76,6,6,6,6,24,10,86,32,14
m27-1,183,Xavier,Weaver,Xavier Weaver,WR,Arizona Cardinals,Cardinals,25,73,185,Colorado,2,89,12,10,2000,66,Deep Threat - WR,Launch Ratings,1,,,,,,,,94,83,58,82,26,29,76,76,78,85,75,10,30,34,87,79,87,18,21,72,20,13,14,10,23,27,16,10,13,32,66,65,66,67,24,17,38,Default,77,91,68,83,60,56,27,27,32,38,34,47,28,84,50,17
m27-1,21559,Zach,Wilson,Zach Wilson,QB,New Orleans Saints,Saints,27,74,214,BYU,5,4,3,8,1999,66,Field General - QB,Launch Ratings,1,,,,,,,,87,83,52,78,22,71,63,66,60,79,29,10,14,21,83,67,74,45,57,10,17,12,15,15,15,82,17,10,10,31,16,16,22,34,12,14,18,Default,31,83,65,81,51,61,23,77,77,81,77,93,75,87,40,15
m27-1,22168,Zach,Carter,Zach Carter,DT,Arizona Cardinals,Cardinals,27,76,290,Florida,4,90,7,4,1999,66,Power Rusher - DT,Launch Ratings,1,,,,,,,,81,72,70,24,70,18,19,33,25,61,10,61,75,79,92,24,69,14,20,10,28,19,45,45,45,6,69,70,23,77,16,4,6,10,45,45,45,Default Stride Awkward,15,72,28,79,28,76,81,4,6,8,5,22,10,87,31,27
m27-1,23265,Zaire,Barnes,Zaire Barnes,MIKE,NY Giants,Giants,26,73,232,W. Michigan,3,46,3,9,1999,66,Pass Coverage - MLB,Launch Ratings,1,,,,,,,,91,83,59,60,62,24,50,56,60,78,55,58,77,68,88,68,82,11,18,45,23,65,45,45,45,13,55,48,48,83,34,24,31,37,45,45,45,Default Stride Loose,62,88,62,83,33,67,78,18,22,24,12,28,14,75,48,64
m27-1,22017,Zayne,Anderson,Zayne Anderson,SS,Miami Dolphins,Dolphins,29,74,206,BYU,5,23,3,1,1997,66,Zone - S,Launch Ratings,1,,,,,,,,88,89,60,53,45,18,35,60,65,83,50,52,63,47,80,60,82,24,23,45,20,64,35,35,35,10,61,43,58,76,25,15,20,28,35,35,35,Default,53,90,58,86,38,59,67,10,10,16,10,31,12,74,40,70
m27-1,10217,Aaron,Graves,Aaron Graves,DT,Baltimore Ravens,Ravens,26,77,292,Iowa,0,59,30,6,2000,65,Power Rusher - DT,Launch Ratings,1,,,,,,,,71,67,64,28,75,12,19,35,36,58,25,63,77,84,88,24,78,16,15,10,19,17,45,45,45,6,62,71,18,73,14,3,7,15,45,45,45,Long Stride Loose,20,62,17,77,23,82,80,6,6,6,6,19,10,82,41,19
m27-1,16272,Adam,Randall,Adam Randall,HB,Baltimore Ravens,Ravens,22,75,232,Clemson,0,23,14,7,2004,65,Elusive Back - HB,Launch Ratings,1,,,,,,,,89,83,69,74,26,22,74,84,64,79,63,18,24,34,87,79,88,22,24,78,29,18,23,26,48,20,23,15,25,27,59,58,63,68,26,23,30,Long Stride High and Tight,62,90,73,86,70,70,26,12,18,23,25,26,24,95,71,26
m27-1,4669,Adin,Huntington,Adin Huntington,DT,Cleveland Browns,Browns,24,73,281,Tulane,1,98,18,3,2002,65,Speed Rusher - DT,Launch Ratings,1,,,,,,,,87,67,60,22,69,12,17,38,34,67,20,74,75,80,87,21,86,15,17,10,27,25,45,45,45,6,56,68,17,76,15,5,7,15,45,45,45,Default Stride Loose,21,82,16,87,28,81,74,6,6,6,6,20,10,87,34,32
m27-1,15149,Ajani,Cornelius,Ajani Cornelius,RT,Dallas Cowboys,Cowboys,24,77,312,Oregon,1,65,21,5,2002,65,Power - OT,Launch Ratings,1,,,,,,,,70,51,69,12,29,11,13,30,20,46,21,27,33,83,88,14,73,12,14,10,79,10,70,72,70,6,31,28,10,29,13,5,5,18,71,71,70,Long Stride Awkward,21,64,11,87,15,86,29,6,6,6,6,13,6,88,28,12
m27-1,4735,Ale,Kaho,Ale Kaho,MIKE,Washington Commanders,Commanders,26,74,230,UCLA,1,51,7,4,2000,65,Pass Coverage - MLB,Launch Ratings,1,,,,,,,,89,82,62,42,63,18,41,56,52,74,44,50,78,70,88,49,80,16,18,10,25,57,45,45,45,6,60,49,46,80,24,21,22,23,45,44,45,Default Stride Loose,45,86,44,86,43,66,81,6,6,6,6,22,15,87,45,66
m27-1,15355,Alijah,Clark,Alijah Clark,FS,Dallas Cowboys,Cowboys,23,73,187,Syracuse,1,38,11,7,2003,65,Hybrid - S,Launch Ratings,1,,,,,,,,93,83,60,62,48,13,50,57,65,82,58,34,76,52,86,63,85,15,19,52,15,66,35,35,35,6,57,33,66,74,30,24,27,30,35,35,35,Default Stride Loose,57,89,59,88,45,64,65,6,6,6,6,24,12,87,43,65
m27-1,22972,Andre,Carter II,Andre Carter II,LEDG,Washington Commanders,Commanders,26,78,270,Army,3,55,28,3,2000,65,Smaller Speed Rusher - DE,Launch Ratings,1,,,,,,,,85,84,57,59,64,21,49,57,58,74,59,70,84,68,87,57,74,16,14,34,36,31,40,40,40,6,55,62,40,79,49,35,46,52,45,45,45,Long Stride Loose,61,75,51,74,57,67,78,6,6,6,15,22,6,88,55,43
m27-1,4712,Austen,Pleasants,Austen Pleasants,LT,San Francisco 49ers,49ers,29,79,330,Ohio,4,62,22,8,1997,65,Power - OT,Launch Ratings,1,,,,,,,,65,49,68,15,24,13,15,23,24,50,19,10,25,81,86,10,66,12,11,10,77,11,70,73,71,6,14,12,10,21,12,5,5,15,69,71,71,Long Stride Awkward,17,62,10,81,15,84,23,6,6,6,6,11,10,81,21,10
m27-1,23308,Austin,Trammell,Austin Trammell,WR,Jacksonville Jaguars,Jaguars,28,70,185,Rice,5,81,4,7,1998,65,Slot - WR,Launch Ratings,1,,,,,,,,90,88,61,76,20,22,71,74,82,86,81,10,22,44,86,72,88,34,42,71,24,10,17,19,27,6,15,10,13,20,67,64,66,68,28,21,49,Short Stride High and Tight,78,85,66,82,53,66,36,6,10,15,10,27,16,83,49,10
m27-1,4685,Austin,Brinkman,Austin Brinkman,LS,Houston Texans,Texans,24,75,242,West Virginia,1,40,20,6,2002,65,Accurate - LS,Launch Ratings,1,,,,,,,,76,66,50,31,46,11,25,58,47,60,42,10,48,67,89,32,68,20,17,10,49,18,43,49,53,6,26,10,16,49,24,22,28,34,42,46,49,Default Stride Loose,45,70,22,75,44,65,54,6,6,6,6,29,10,80,25,25
m27-1,10878,Ben,Mann,Ben Mann,LS,NY Giants,Giants,24,77,232,Boston College,0,58,6,7,2002,65,Accurate - LS,Launch Ratings,1,,,,,,,,82,70,53,22,63,10,26,62,55,74,42,55,59,54,92,14,76,13,14,10,38,15,38,48,52,10,27,56,15,63,22,25,30,37,33,38,48,Default,41,72,10,71,25,65,53,7,8,9,10,20,10,82,33,20
m27-1,22126,Ben,Brown,Ben Brown,C,New England Patriots,Patriots,28,77,312,Ole Miss,5,77,19,5,1998,65,Agile - C,Launch Ratings,1,,,,,,,,62,58,75,10,14,12,14,34,25,45,15,10,20,83,88,10,64,15,20,10,73,10,71,68,68,6,15,10,10,24,15,5,5,15,74,70,71,Long Stride Awkward,15,60,10,79,10,85,15,6,6,6,6,22,9,82,16,10
m27-1,22851,Blake,Freeland,Blake Freeland,LT,Indianapolis Colts,Colts,25,80,302,BYU,3,73,3,5,2001,65,Power - OT,Launch Ratings,1,,,,,,,,81,72,66,52,47,52,49,57,53,55,53,44,58,75,88,44,87,23,21,15,69,14,70,64,67,42,10,55,10,51,57,45,48,51,75,65,70,Long Stride Awkward,54,73,40,84,55,83,47,39,46,48,43,54,35,85,51,15
m27-1,10195,Brady,Boyd,Brady Boyd,WR,Jacksonville Jaguars,Jaguars,23,73,195,Utah State,0,49,1,11,2002,65,Deep Threat - WR,Launch Ratings,1,,,,,,,,92,84,50,79,21,24,73,69,75,81,76,14,27,41,86,79,92,17,23,52,27,18,12,10,25,20,32,15,21,24,68,69,68,66,23,13,48,Long Stride Default,75,92,73,81,56,59,24,15,18,21,22,31,24,86,46,23
m27-1,16346,Brandon,Cleveland,Brandon Cleveland,DT,Las Vegas Raiders,Raiders,22,75,315,N.C. State,0,90,27,8,2004,65,Power Rusher - DT,Launch Ratings,1,,,,,,,,72,65,60,26,75,12,16,40,35,50,25,58,79,85,86,28,67,21,17,10,26,21,52,51,53,6,58,69,25,72,25,3,15,17,52,51,54,Long Stride Awkward,25,68,26,77,41,87,77,6,6,6,6,25,10,88,38,24
m27-1,196,Brandon,Codrington,Brandon Codrington,CB,Houston Texans,Texans,25,69,185,NC Central,2,17,17,11,2000,65,Zone - CB,Launch Ratings,1,,,,,,,,92,82,63,69,52,10,55,62,57,84,54,26,68,54,86,76,84,12,15,80,23,63,35,35,35,6,64,36,67,74,15,19,22,25,35,35,35,Default Stride Loose,56,89,64,84,35,61,64,6,6,6,6,26,14,82,32,66
m27-1,15140,Branson,Taylor,Branson Taylor,LG,Los Angeles Chargers,Chargers,24,78,330,Pittsburgh,1,71,13,2,2002,65,Agile - G,Launch Ratings,1,,,,,,,,68,60,67,17,42,11,11,24,18,55,18,38,36,81,86,10,53,16,18,10,79,12,71,70,71,6,23,42,10,28,13,5,5,16,71,69,70,Long Stride Awkward,18,63,10,85,19,85,30,6,6,6,6,14,13,86,30,15
m27-1,14691,Brevyn,Spann-Ford,Brevyn Spann-Ford,TE,Dallas Cowboys,Cowboys,26,79,270,Minnesota,2,89,27,12,1999,65,Possession - TE,Launch Ratings,1,,,,,,,,83,71,65,72,51,24,62,70,77,66,74,40,58,64,89,63,77,22,29,27,53,29,56,62,61,5,31,46,31,59,63,51,59,63,63,65,64,Long Stride Default,76,80,55,83,67,72,55,5,10,15,10,25,15,88,67,38
m27-1,22507,Britain,Covey,Britain Covey,WR,Philadelphia Eagles,Eagles,29,68,173,Utah,4,18,18,3,1997,65,Slot - WR,Launch Ratings,1,,,,,,,,92,91,62,84,16,56,74,73,77,90,73,10,15,30,83,74,78,15,16,88,16,14,16,18,22,45,16,10,10,32,53,59,64,66,21,20,31,Short Stride Loose,71,88,65,82,33,41,22,44,49,50,57,48,28,85,27,15
m27-1,21959,Brock,Wright,Brock Wright,TE,Detroit Lions,Lions,27,76,255,Notre Dame,5,89,27,11,1998,65,Possession - TE,Launch Ratings,1,,,,,,,,88,72,74,59,35,13,45,73,79,72,75,10,26,68,84,58,78,21,22,10,56,11,56,58,58,6,16,10,13,34,60,53,58,64,56,60,59,Long Stride Default,76,85,48,84,51,79,43,6,10,15,10,26,10,83,55,14
m27-1,16402,Bryan,Thomas Jr.,Bryan Thomas Jr.,LEDG,Jacksonville Jaguars,Jaguars,22,74,240,South Carolina,0,57,28,6,2004,65,Smaller Speed Rusher - DE,Launch Ratings,1,,,,,,,,87,79,59,29,69,16,30,42,43,69,34,68,79,83,91,36,79,36,16,10,35,37,45,45,45,6,57,69,45,77,15,10,10,10,45,45,45,Default Stride High and Tight,49,79,34,82,36,72,78,6,6,6,6,24,16,84,35,44
m27-1,1538,Bryce,Oliver,Bryce Oliver,WR,Tennessee Titans,Titans,26,73,214,Youngstown St.,2,80,19,5,2000,65,Slot - WR,Launch Ratings,1,,,,,,,,86,80,68,78,27,25,75,70,79,81,77,10,26,44,91,77,78,15,17,43,22,10,24,28,31,28,14,10,10,28,64,68,69,70,27,31,48,Default Stride Loose,78,87,73,85,53,60,29,6,10,15,25,30,19,88,57,10
m27-1,1343,Charles,Woods,Charles Woods,CB,New England Patriots,Patriots,26,71,185,SMU,2,22,17,6,2000,65,Manto Man - CB,Launch Ratings,1,,,,,,,,85,87,68,69,45,26,63,65,70,85,66,29,52,64,84,68,79,15,14,54,28,68,23,21,27,12,65,34,72,70,32,23,28,30,31,31,35,Default Stride Loose,65,86,63,81,48,55,53,13,14,20,22,21,13,79,54,69
m27-1,21327,Charlie,Woerner,Charlie Woerner,TE,Atlanta Falcons,Falcons,28,77,250,Georgia,6,89,16,10,1997,65,Possession - TE,Launch Ratings,1,,,,,,,,82,76,72,63,56,21,54,71,73,67,74,42,63,73,91,55,83,13,17,57,64,50,59,59,61,13,58,36,50,58,62,51,56,64,60,57,62,Long Stride Default,74,82,51,86,59,77,58,11,16,22,18,34,17,90,66,57
m27-1,15142,Chase,Lundt,Chase Lundt,LT,Buffalo Bills,Bills,26,79,304,Connecticut,1,77,16,6,2000,65,Power - OT,Launch Ratings,1,,,,,,,,74,62,72,25,25,11,13,44,37,56,27,18,26,85,85,26,67,12,11,10,77,11,71,69,70,6,18,20,10,29,20,17,21,24,72,69,71,Long Stride Awkward,27,69,25,86,27,82,25,6,6,6,6,20,13,87,24,13
m27-1,4622,Chaz,Chambliss,Chaz Chambliss,REDG,Minnesota Vikings,Vikings,23,73,242,Georgia,1,32,25,10,2002,65,Smaller Speed Rusher - DE,Launch Ratings,1,,,,,,,,84,82,61,40,61,22,38,58,51,74,47,66,78,76,86,41,78,16,20,10,24,54,45,45,45,6,58,63,43,76,25,21,24,27,45,45,45,Default Stride Awkward,45,81,43,87,41,79,77,6,6,6,6,25,12,86,42,60
m27-1,1429,Chigozie,Anusiem,Chigozie Anusiem,CB,Las Vegas Raiders,Raiders,25,73,200,Colorado St.,2,29,5,11,2000,65,Zone - CB,Launch Ratings,1,,,,,,,,90,82,63,68,53,24,55,57,64,77,54,45,68,56,90,70,89,14,15,45,25,61,35,35,35,6,62,35,75,73,24,15,24,31,35,35,35,Default,57,91,65,85,62,60,62,6,6,6,6,26,10,87,51,66
m27-1,15310,Cobee,Bryant,Cobee Bryant,CB,Atlanta Falcons,Falcons,24,72,180,Kansas,1,37,17,9,2001,65,Manto Man - CB,Launch Ratings,1,,,,,,,,92,79,60,62,47,13,50,60,69,83,59,31,55,40,86,69,85,15,13,51,15,69,30,30,30,6,58,26,70,70,24,21,27,33,35,35,35,Default Stride Loose,68,88,60,87,32,62,48,6,6,6,6,26,10,86,27,71
m27-1,10211,Cole,Brevard,Cole Brevard,DT,Kansas City Chiefs,Chiefs,24,75,346,Texas,0,96,6,11,2001,65,Speed Rusher - DT,Launch Ratings,1,,,,,,,,80,50,63,24,73,12,22,34,29,43,20,61,76,80,87,24,65,10,15,10,29,18,45,45,45,6,61,69,14,75,20,4,8,15,45,45,45,Default Stride Awkward,16,68,22,74,22,85,78,6,6,6,6,25,10,82,27,20
m27-1,10184,Cole,Wisniewski,Cole Wisniewski,FS,Philadelphia Eagles,Eagles,24,75,219,Texas Tech,0,21,9,3,2002,65,Hybrid - S,Launch Ratings,1,,,,,,,,91,86,61,64,54,44,52,61,61,83,63,43,72,55,83,67,87,22,20,51,27,65,35,35,35,36,59,38,63,73,38,35,42,45,35,35,35,Default Stride Loose,62,88,55,90,48,68,64,39,43,45,37,41,42,88,55,69
m27-1,4677,Corey,Thornton,Corey Thornton,CB,Carolina Panthers,Panthers,25,73,193,Louisville,1,31,30,1,2001,65,Zone - CB,Launch Ratings,1,,,,,,,,91,77,65,66,42,13,52,56,67,85,60,34,57,41,86,72,79,15,14,49,15,69,30,30,30,6,63,29,65,70,24,11,17,22,35,35,35,Default Stride Loose,67,85,63,90,32,55,56,6,6,6,6,27,10,85,29,72
m27-1,10210,Cortez,Braham Jr.,Cortez Braham Jr.,WR,Baltimore Ravens,Ravens,26,74,203,Memphis,0,82,6,3,2000,65,Deep Threat - WR,Launch Ratings,1,,,,,,,,92,76,67,78,22,21,74,72,78,75,77,16,24,46,89,76,78,19,21,59,33,17,16,24,24,23,25,14,21,30,69,71,69,67,27,21,51,Default,78,87,69,85,64,63,27,10,16,24,14,29,24,87,54,19
m27-1,4725,Dalevon,Campbell,Dalevon Campbell,WR,Los Angeles Chargers,Chargers,24,76,220,South Carolina,1,81,5,12,2001,65,Deep Threat - WR,Launch Ratings,1,,,,,,,,94,76,58,77,26,21,72,70,79,72,76,10,27,41,87,73,84,15,22,35,27,14,15,25,23,18,16,15,20,30,70,72,71,70,24,20,44,Long Stride Default,79,92,66,81,50,67,25,13,16,19,19,28,19,84,55,20
m27-1,1338,Dalton,Tucker,Dalton Tucker,LG,Indianapolis Colts,Colts,26,78,307,Marshall,2,68,18,3,2000,65,Power - G,Launch Ratings,1,,,,,,,,62,63,63,10,20,12,5,20,35,57,10,10,12,77,88,10,79,12,16,10,79,12,65,71,68,6,10,10,10,23,12,5,5,10,70,75,73,Default Stride Awkward,12,66,10,83,10,82,29,6,6,6,6,21,10,87,15,12
m27-1,22289,Damarion,Williams,Damarion Williams,CB,Tampa Bay Buccaneers,Buccaneers,28,70,180,Houston,4,28,15,7,1998,65,Zone - CB,Launch Ratings,1,,,,,,,,93,82,62,71,42,19,57,58,64,89,55,35,56,43,90,78,83,17,14,60,14,65,30,30,30,6,66,27,66,76,29,31,36,42,32,32,32,Short Stride Loose,59,87,68,91,30,57,57,10,12,15,14,32,11,85,31,67
m27-1,4673,Danny,Striggow,Danny Striggow,REDG,Jacksonville Jaguars,Jaguars,24,76,253,Minnesota,1,92,24,7,2002,65,Power Rusher - DE,Launch Ratings,1,,,,,,,,80,81,63,33,68,12,24,34,35,74,19,68,77,65,87,31,80,13,15,10,20,34,45,45,45,6,62,71,33,78,15,5,7,15,45,45,45,Long Stride Loose,23,78,29,76,33,75,75,6,6,6,6,22,10,84,30,47
m27-1,21408,Del'Shawn,Phillips,Del'Shawn Phillips,SAM,Los Angeles Chargers,Chargers,29,74,230,Illinois,7,53,9,10,1996,65,Run Stopper - OLB,Launch Ratings,1,,,,,,,,82,75,68,44,66,15,43,58,65,70,42,52,84,75,88,62,86,14,15,10,20,54,45,45,45,6,69,46,46,77,19,6,10,15,45,45,45,Default Stride Loose,60,87,54,82,41,72,76,6,6,6,6,25,13,83,46,63
m27-1,14978,Demani,Richardson,Demani Richardson,SS,Carolina Panthers,Panthers,25,73,214,Texas AM,2,36,7,10,2000,65,Zone - S,Launch Ratings,1,,,,,,,,92,78,65,74,52,21,56,62,67,77,62,48,76,59,90,72,79,24,25,38,32,62,33,33,33,9,63,36,65,78,34,24,38,40,35,35,35,Default Stride Loose,65,86,65,86,45,64,69,13,16,20,22,27,11,88,47,66
m27-1,22590,Dennis,Houston,Dennis Houston,WR,Tampa Bay Buccaneers,Buccaneers,27,73,190,W. Illinois,4,89,24,4,1999,65,Deep Threat - WR,Launch Ratings,1,,,,,,,,92,79,64,80,31,26,70,75,80,79,79,10,29,46,90,73,91,14,15,69,28,17,12,12,42,9,26,10,15,37,64,66,70,68,22,26,48,Default,77,89,77,84,65,65,31,15,20,25,23,35,12,86,56,21
m27-1,23284,Desjuan,Johnson,Desjuan Johnson,REDG,Los Angeles Rams,Rams,26,74,278,Toledo,3,94,3,9,1999,65,Power Rusher - DE,Launch Ratings,1,,,,,,,,80,62,68,32,70,8,13,46,46,64,45,69,80,84,92,43,72,8,11,10,24,22,40,40,40,7,67,73,25,78,15,6,8,18,45,45,45,Default Stride Awkward,41,72,35,74,34,79,74,6,7,6,6,10,9,88,34,29
m27-1,22623,Devon,Key,Devon Key,FS,Denver Broncos,Broncos,28,72,208,W. Kentucky,5,26,28,10,1997,65,Run Support - S,Launch Ratings,1,,,,,,,,88,78,64,58,59,24,44,60,58,82,49,39,86,63,92,68,90,12,14,30,25,62,35,35,35,15,60,45,71,77,20,15,20,30,35,35,35,Default Stride Loose,54,86,64,84,44,66,69,10,10,15,20,30,16,86,45,64
m27-1,22482,Drew,Ogletree,Drew Ogletree,TE,Indianapolis Colts,Colts,28,77,260,Youngstown St.,4,85,28,7,1998,65,Vertical Threat - TE,Launch Ratings,1,,,,,,,,85,77,68,62,24,21,61,74,79,67,73,10,34,64,86,64,84,14,19,10,54,10,62,59,62,6,21,10,10,31,61,55,60,65,58,57,58,Long Stride Default,76,81,58,80,68,74,26,6,10,15,12,25,11,78,69,10
m27-1,22497,Eric,Johnson II,Eric Johnson II,DT,Minnesota Vikings,Vikings,28,76,320,Missouri State,4,93,16,7,1998,65,Power Rusher - DT,Launch Ratings,1,,,,,,,,79,64,69,18,70,12,15,30,32,58,14,57,76,82,92,25,69,14,17,10,28,15,45,45,45,6,66,67,10,79,15,3,5,13,45,45,45,Default Stride Awkward,16,76,24,73,32,79,77,6,6,6,6,23,12,82,30,16
m27-1,22182,Esezi,Otomewo,Esezi Otomewo,DT,Pittsburgh Steelers,Steelers,27,77,282,Minnesota,4,93,9,3,1999,65,Power Rusher - DT,Launch Ratings,1,,,,,,,,80,62,67,22,76,15,24,29,25,48,20,57,76,85,91,26,69,24,25,10,45,18,45,45,45,6,65,69,15,70,12,8,10,12,45,45,45,Long Stride Awkward,18,76,20,72,35,81,74,6,6,6,6,17,6,81,28,24
m27-1,20664,Fred,Johnson,Fred Johnson,LT,Philadelphia Eagles,Eagles,29,79,326,Florida,7,74,5,6,1997,65,Power - OT,Launch Ratings,1,,,,,,,,59,53,78,16,25,12,5,20,24,42,17,10,40,79,89,14,63,13,14,10,79,9,68,71,70,6,15,10,10,23,15,5,8,18,74,70,72,Long Stride Awkward,15,62,10,81,22,85,31,6,6,6,6,12,10,83,25,14
m27-1,1876,Haynes,King,Haynes King,QB,Carolina Panthers,Panthers,25,74,212,Georgia Tech,0,16,9,1,2001,65,Strong Arm - QB,Launch Ratings,1,,,,,,,,92,87,38,85,46,67,76,59,47,86,32,46,32,44,86,73,81,16,20,33,44,36,36,41,52,84,27,40,16,24,36,30,27,34,38,35,49,Default,31,90,67,94,55,70,32,74,82,81,82,87,78,97,71,39
m27-1,21563,Hunter,Long,Hunter Long,TE,Jacksonville Jaguars,Jaguars,28,77,243,Boston College,5,84,19,8,1998,65,Possession - TE,Launch Ratings,1,,,,,,,,85,70,63,70,50,14,61,74,79,68,79,38,56,64,88,63,79,19,23,24,50,14,58,54,59,6,38,47,17,52,61,55,60,66,57,53,59,Long Stride High and Tight,80,81,50,83,68,72,53,6,10,15,10,30,10,87,69,21
m27-1,15351,Hunter,Wohler,Hunter Wohler,SS,Indianapolis Colts,Colts,23,74,213,Wisconsin,1,30,12,1,2003,65,Zone - S,Launch Ratings,1,,,,,,,,90,92,62,64,51,14,49,60,64,83,52,34,74,51,84,63,88,15,19,70,25,61,35,35,35,6,60,37,66,74,25,16,20,27,35,35,35,Default Stride Loose,57,87,55,88,42,63,67,6,6,6,6,24,12,84,44,66
m27-1,21926,Isaiahh,Loudermilk,Isaiahh Loudermilk,DT,Minnesota Vikings,Vikings,28,79,293,Wisconsin,5,69,10,10,1997,65,Speed Rusher - DT,Launch Ratings,1,,,,,,,,77,66,61,44,72,12,29,49,51,62,40,67,81,80,87,39,71,15,15,10,29,14,45,45,45,6,64,64,15,76,28,18,23,28,45,45,45,Long Stride Loose,42,69,34,74,43,79,79,6,6,6,6,28,13,84,43,24
m27-1,16257,Jack,Kelly,Jack Kelly,MIKE,NY Giants,Giants,23,74,240,BYU,0,51,2,1,2003,65,Field General - MLB,Launch Ratings,1,,,,,,,,90,80,65,52,72,11,29,53,64,77,55,62,76,75,88,58,88,15,14,17,28,56,35,44,35,6,64,56,45,80,36,36,39,42,46,46,45,Default Stride High and Tight,54,87,37,87,44,69,77,6,6,6,6,27,10,89,43,60
m27-1,21177,Jack,Driscoll,Jack Driscoll,RT,Pittsburgh Steelers,Steelers,29,77,312,Auburn,6,68,1,4,1997,65,Power - OT,Launch Ratings,1,,,,,,,,73,61,76,28,29,12,17,29,36,48,29,27,42,79,84,19,73,20,22,10,84,12,70,66,68,6,26,33,10,30,22,8,16,26,72,68,70,Long Stride Awkward,25,70,15,85,26,83,36,6,6,6,6,25,14,92,37,15
m27-1,10169,Jackson,Kuwatch,Jackson Kuwatch,MIKE,Carolina Panthers,Panthers,23,76,232,Miami Univ.,0,46,19,5,2003,65,Field General - MLB,Launch Ratings,1,,,,,,,,90,85,63,45,68,16,34,53,55,73,47,54,78,77,87,41,87,18,17,18,22,62,43,40,62,6,61,53,46,81,14,24,29,34,50,62,42,Long Stride Loose,32,84,43,87,45,69,79,6,6,6,6,20,10,86,43,63
m27-1,1092,Jacob,Monk,Jacob Monk,C,Green Bay Packers,Packers,25,75,308,Duke,2,62,4,6,2001,65,Agile - C,Launch Ratings,1,,,,,,,,76,67,72,10,21,9,5,25,27,57,22,21,39,80,94,10,73,19,25,10,80,11,69,68,70,9,26,23,9,36,12,5,8,15,73,65,69,Default Stride Awkward,26,69,10,84,10,83,28,10,11,15,8,25,9,85,15,10
m27-1,14681,Jaheim,Bell,Jaheim Bell,TE,Pittsburgh Steelers,Steelers,25,74,241,Florida State,2,82,14,6,2001,65,Vertical Threat - TE,Launch Ratings,1,,,,,,,,91,81,54,78,33,28,71,73,78,73,75,10,26,59,89,73,85,13,17,20,58,10,52,50,51,13,15,10,15,39,66,60,62,66,54,50,53,Default,74,85,66,84,69,70,33,11,10,15,18,20,14,86,70,15
m27-1,1365,Jake,Kubas,Jake Kubas,RG,NY Giants,Giants,26,76,308,North Dakota St.,2,63,13,8,2000,65,Agile - G,Launch Ratings,1,,,,,,,,72,61,65,14,31,12,6,40,28,59,10,17,37,78,91,12,76,17,22,14,79,12,73,69,72,6,27,22,10,33,12,5,5,19,70,67,69,Default Stride Awkward,12,65,11,83,38,86,34,6,6,6,6,23,12,88,25,12
m27-1,23057,Jalen,Graham,Jalen Graham,SAM,San Francisco 49ers,49ers,25,75,220,Purdue,3,41,11,1,2001,65,Run Stopper - OLB,Launch Ratings,1,,,,,,,,90,75,67,60,61,52,45,50,66,73,58,46,79,66,89,63,77,15,20,39,25,49,25,25,25,30,68,39,55,82,32,19,24,30,25,25,25,Default Stride Bread Loaf,63,84,55,84,54,65,77,41,45,48,46,54,34,86,45,65
m27-1,22098,James,Mitchell,James Mitchell,TE,Carolina Panthers,Panthers,27,75,249,Virginia Tech,4,85,11,8,1999,65,Vertical Threat - TE,Launch Ratings,1,,,,,,,,86,76,65,70,32,48,57,76,76,69,75,22,39,60,83,67,78,19,25,10,58,18,60,58,59,31,14,23,10,35,63,61,63,63,59,52,57,Long Stride High and Tight,73,84,59,79,67,70,35,30,33,37,44,42,30,83,63,20
m27-1,15228,Jay,Toia,Jay Toia,DT,Dallas Cowboys,Cowboys,23,75,341,UCLA,1,93,16,7,2003,65,Power Rusher - DT,Launch Ratings,1,,,,,,,,72,53,72,31,73,12,28,41,20,51,18,60,74,83,94,17,63,21,21,26,46,11,45,45,45,11,71,68,13,71,13,12,15,17,45,45,45,Default Stride Awkward,18,65,18,81,33,86,73,7,10,14,9,19,13,91,30,16
m27-1,16379,Jayden,Williams,Jayden Williams,RT,Arizona Cardinals,Cardinals,23,76,307,Ole Miss,0,66,10,4,2003,65,Power - OT,Launch Ratings,1,,,,,,,,70,63,67,16,32,12,17,23,32,54,24,30,42,80,86,10,73,12,10,10,76,15,71,70,72,6,17,28,10,35,22,18,22,25,73,69,72,Long Stride Awkward,25,72,10,85,12,84,29,6,6,6,6,15,12,87,27,15
m27-1,23267,Jerrick,Reed II,Jerrick Reed II,FS,Tennessee Titans,Titans,26,70,196,New Mexico,3,28,7,8,2000,65,Hybrid - S,Launch Ratings,1,,,,,,,,93,78,62,72,50,17,61,63,71,81,63,33,83,55,90,70,90,17,16,52,25,67,30,30,30,11,64,26,61,64,39,41,39,44,35,35,35,Short Stride Loose,67,91,63,85,30,59,66,8,10,15,19,21,12,79,26,62
m27-1,4734,John,Bullock,John Bullock,WILL,Tampa Bay Buccaneers,Buccaneers,25,72,230,Nebraska,1,30,22,4,2001,65,Run Stopper - OLB,Launch Ratings,1,,,,,,,,85,79,64,45,62,24,39,56,58,70,40,53,80,69,88,50,78,15,15,10,21,60,45,45,45,6,61,51,48,80,25,21,23,25,45,45,45,Default Stride Loose,49,85,43,87,43,69,81,6,6,6,6,21,12,86,45,66
m27-1,22455,Jordan,Jackson,Jordan Jackson,DT,Denver Broncos,Broncos,28,76,294,Air Force,4,94,30,1,1998,65,Power Rusher - DT,Launch Ratings,1,,,,,,,,73,75,67,26,70,16,19,30,24,66,17,59,76,79,88,22,75,21,22,10,25,23,45,45,45,6,69,68,20,78,17,5,5,14,45,45,45,Long Stride Awkward,17,73,21,74,27,78,78,6,6,6,6,22,14,86,34,29
m27-1,22644,Josh,Blackwell,Josh Blackwell,CB,Chicago Bears,Bears,27,71,179,Duke,4,39,5,4,1999,65,Manto Man - CB,Launch Ratings,1,,,,,,,,92,91,56,64,38,21,55,55,59,83,48,32,54,37,87,72,88,12,13,62,15,65,35,35,35,15,52,26,71,69,35,24,30,34,35,35,35,Default Stride Loose,52,94,66,84,29,53,47,16,20,22,23,24,13,85,30,62
m27-1,16153,Julian,Ashby,Julian Ashby,LS,New England Patriots,Patriots,24,73,231,Vanderbilt,1,47,8,7,2002,65,Accurate - LS,Launch Ratings,1,,,,,,,,83,72,60,52,37,14,51,62,45,69,49,32,22,56,88,45,74,24,24,10,31,17,40,41,45,17,34,32,15,52,34,35,40,47,49,51,51,Default Stride Awkward,47,74,44,76,47,68,50,10,11,10,14,29,16,86,45,20
m27-1,1536,Kendall,Milton,Kendall Milton,HB,Cincinnati Bengals,Bengals,24,73,230,Georgia,2,36,10,2,2002,65,Elusive Back - HB,Launch Ratings,1,,,,,,,,93,82,66,77,27,19,76,86,66,76,50,10,24,33,85,78,85,12,17,83,29,13,26,23,47,14,13,10,13,35,53,48,53,61,22,18,26,Default,51,86,71,81,66,72,31,10,15,20,17,27,12,82,73,17
m27-1,4715,Keyon,Martin,Keyon Martin,CB,Baltimore Ravens,Ravens,25,69,170,UL Lafayette,1,38,16,5,2001,65,Manto Man - CB,Launch Ratings,1,,,,,,,,93,85,54,60,44,10,52,55,62,86,59,35,55,40,84,70,92,13,14,55,17,67,30,30,30,6,51,27,67,69,26,12,17,29,35,35,35,Short Stride Loose,61,92,64,87,33,54,51,6,6,6,6,25,10,83,29,66
m27-1,22645,Kingsley,Jonathan,Kingsley Jonathan,LEDG,NY Jets,Jets,28,76,260,Syracuse,4,57,28,4,1998,65,Power Rusher - DE,Launch Ratings,1,,,,,,,,87,83,56,29,68,12,25,39,35,67,25,61,77,77,89,27,83,27,31,10,21,17,45,45,45,6,57,69,17,80,13,5,7,10,45,45,45,Long Stride Loose,34,80,23,70,31,80,73,6,6,6,6,20,14,84,35,21
m27-1,22930,KJ,Henry,KJ Henry,LEDG,Pittsburgh Steelers,Steelers,27,76,255,Clemson,3,57,27,1,1999,65,Smaller Speed Rusher - DE,Launch Ratings,1,,,,,,,,89,68,64,32,63,17,21,45,39,69,25,66,82,67,88,48,77,12,14,10,26,32,35,35,35,8,58,70,33,81,7,5,7,14,40,40,40,Long Stride Loose,32,85,42,75,35,68,76,6,7,9,6,22,10,89,43,40
m27-1,22483,Ko,Kieft,Ko Kieft,TE,Tampa Bay Buccaneers,Buccaneers,28,77,265,Minnesota,4,41,20,1,1998,65,Blocking - TE,Launch Ratings,1,,,,,,,,69,79,66,58,35,12,52,72,74,64,72,10,35,73,89,59,76,12,15,10,63,10,63,59,63,15,25,10,10,37,66,51,58,64,64,63,65,Default Stride High and Tight,71,72,52,82,66,75,34,11,15,22,19,24,11,92,66,10
m27-1,16154,Kobee,Minor,Kobee Minor,CB,New England Patriots,Patriots,24,71,188,Memphis,1,19,8,7,2002,65,Zone - CB,Launch Ratings,1,,,,,,,,90,78,68,64,43,24,44,50,64,78,47,24,48,40,87,68,86,23,24,48,26,64,35,25,35,33,69,30,67,68,26,24,24,23,35,25,35,Default Stride Loose,58,87,60,84,32,55,50,27,29,12,17,20,30,79,25,69
m27-1,14789,Kyle,McCord,Kyle McCord,QB,Green Bay Packers,Packers,23,75,220,Syracuse,1,18,19,9,2002,65,Field General - QB,Launch Ratings,1,,,,,,,,76,76,68,62,35,54,51,58,29,73,27,36,31,23,90,43,66,29,21,18,32,16,31,27,20,81,40,36,17,51,26,18,18,24,27,27,24,Default,31,75,34,85,26,62,36,77,76,83,72,87,74,91,30,15
m27-1,14869,Leonard,Taylor III,Leonard Taylor III,DT,New England Patriots,Patriots,24,76,303,Miami,2,93,29,5,2002,65,Power Rusher - DT,Launch Ratings,1,,,,,,,,75,58,65,46,73,26,44,33,28,57,21,76,73,77,90,27,74,20,26,36,30,25,46,28,33,17,67,72,30,71,16,5,10,15,38,28,30,Long Stride Awkward,24,68,32,71,33,84,75,5,10,15,12,10,17,79,25,32
m27-1,16295,Luke,Altmyer,Luke Altmyer,QB,Detroit Lions,Lions,23,73,210,Illinois,0,2,22,10,2002,65,Strong Arm - QB,Launch Ratings,1,,,,,,,,86,82,37,84,22,81,69,53,56,77,29,26,23,34,93,63,78,17,19,22,36,23,29,28,41,79,66,25,21,35,16,26,24,44,31,30,34,Default,32,82,49,93,42,61,23,76,77,82,80,88,83,94,61,24
m27-1,22885,Malaesala,Aumavae-Laulu,Malaesala Aumavae-Laulu,RT,Washington Commanders,Commanders,27,77,344,Oregon,3,64,25,5,1999,65,Power - OT,Launch Ratings,1,,,,,,,,77,63,62,22,30,7,21,32,29,56,19,19,26,77,93,15,71,22,29,10,80,8,71,73,72,5,32,22,8,25,15,11,13,15,73,73,73,Long Stride Awkward,25,69,17,87,27,80,30,5,5,5,5,11,7,84,33,9
m27-1,13390,Matt,Dickerson,Matt Dickerson,DT,Jacksonville Jaguars,Jaguars,30,77,300,UCLA,8,93,9,11,1995,65,Speed Rusher - DT,Launch Ratings,1,,,,,,,,66,63,63,13,75,12,10,26,30,55,10,57,76,83,84,17,76,12,14,10,22,22,45,45,45,6,65,66,10,73,12,2,3,10,45,45,45,Default Stride Awkward,12,71,11,72,29,81,79,6,6,6,6,13,17,86,26,33
m27-1,15339,Maxen,Hook,Maxen Hook,FS,Seattle Seahawks,Seahawks,25,73,201,Toledo,1,43,19,8,2001,65,Hybrid - S,Launch Ratings,1,,,,,,,,91,86,61,64,48,14,52,60,66,80,56,34,75,52,87,68,85,15,19,79,25,66,35,35,35,6,58,34,66,74,31,24,29,34,35,35,35,Default Stride Loose,58,88,59,90,43,64,64,6,6,6,6,24,12,87,46,68
m27-1,1120,Michael,Jerrell,Michael Jerrell,RT,Atlanta Falcons,Falcons,27,77,309,Findlay,2,72,18,8,1999,65,Power - OT,Launch Ratings,1,,,,,,,,81,53,53,13,31,12,13,24,23,54,20,18,33,78,93,10,79,17,18,10,84,9,75,66,70,5,15,12,10,34,15,7,11,12,74,70,72,Long Stride Awkward,19,74,10,76,10,82,36,5,5,5,7,16,10,88,25,12
m27-1,22609,Mike,Caliendo,Mike Caliendo,RG,Kansas City Chiefs,Chiefs,28,76,301,W. Michigan,4,66,21,10,1997,65,Power - G,Launch Ratings,1,,,,,,,,70,58,66,15,26,12,19,32,42,54,15,10,27,79,92,12,71,11,10,10,72,12,73,72,70,6,10,10,10,27,20,13,17,25,70,75,72,Default Stride Awkward,14,60,10,77,20,82,25,6,6,6,6,17,14,79,30,12
m27-1,12552,Mitchell,Trubisky,Mitchell Trubisky,QB,Tennessee Titans,Titans,32,75,222,North Carolina,9,10,20,8,1994,65,Field General - QB,Launch Ratings,1,,,,,,,,84,86,52,83,24,74,69,63,44,81,33,10,32,31,90,68,69,23,31,10,21,15,21,21,18,79,18,10,13,43,31,18,28,38,19,19,21,Default,29,83,70,80,57,71,35,74,76,81,78,89,75,86,53,17
m27-1,15146,Myles,Hinton,Myles Hinton,LT,Philadelphia Eagles,Eagles,24,79,325,Michigan,1,78,9,1,2002,65,Power - OT,Launch Ratings,1,,,,,,,,69,56,67,22,31,12,20,43,22,52,17,36,38,80,86,14,77,10,14,10,81,13,73,71,72,6,29,44,10,21,14,5,5,12,72,70,71,Long Stride Awkward,15,66,21,86,12,82,30,6,6,6,6,29,7,86,21,15
m27-1,21880,Naquan,Jones,Naquan Jones,DT,Houston Texans,Texans,28,75,313,Michigan St.,5,91,5,2,1998,65,Power Rusher - DT,Launch Ratings,1,,,,,,,,55,56,73,25,73,12,19,42,33,53,23,55,75,84,87,15,64,15,15,25,41,12,45,45,45,6,75,72,14,74,12,10,12,18,45,45,45,Long Stride Loose,22,61,14,75,35,82,78,6,6,6,6,19,10,78,45,13
m27-1,22410,Nephi,Sewell,Nephi Sewell,WILL,Chicago Bears,Bears,27,72,228,Utah,4,45,19,12,1998,65,Pass Coverage - OLB,Launch Ratings,1,,,,,,,,88,83,65,62,58,15,53,60,50,78,47,57,83,64,82,64,78,25,28,10,32,55,31,30,35,6,66,64,39,83,35,33,35,39,29,24,36,Short Stride Loose,49,83,60,84,52,68,80,5,6,9,6,25,7,86,55,64
m27-1,10186,Nick,DeGennaro,Nick DeGennaro,WR,New England Patriots,Patriots,25,73,196,J. Madison,0,23,29,12,2000,65,Deep Threat - WR,Launch Ratings,1,,,,,,,,90,84,50,77,39,36,72,70,85,87,77,29,45,38,86,76,87,25,29,67,27,31,29,33,32,35,31,28,30,40,67,68,67,65,21,19,47,Default,76,92,70,88,59,61,46,51,53,54,47,66,44,84,48,35
m27-1,16366,Pat,Coogan,Pat Coogan,C,Tennessee Titans,Titans,23,77,310,Indiana,0,79,18,11,2002,65,Power - C,Launch Ratings,1,,,,,,,,63,57,67,16,43,12,10,33,36,50,17,22,37,79,84,17,72,18,18,10,78,16,69,73,74,6,37,23,10,32,12,5,5,10,74,73,74,Long Stride Awkward,14,66,10,87,27,82,36,6,6,6,6,17,6,89,36,13
m27-1,10251,Payton,Zdroik,Payton Zdroik,DT,Los Angeles Rams,Rams,24,72,275,Air Force,0,62,9,1,2002,65,Power Rusher - DT,Launch Ratings,1,,,,,,,,74,71,59,24,74,12,14,32,30,61,24,64,76,81,85,26,76,14,13,10,25,12,45,45,45,6,56,71,13,74,12,4,7,13,45,45,45,Default Stride Awkward,28,72,26,75,34,85,77,6,6,6,6,13,10,84,44,14
m27-1,22174,PJ,Mustipher,PJ Mustipher,DT,Arizona Cardinals,Cardinals,26,76,320,Penn State,3,79,10,11,1999,65,Power Rusher - DT,Launch Ratings,1,,,,,,,,67,52,68,25,76,12,14,22,25,46,13,51,81,80,91,21,69,11,12,10,44,10,40,40,40,7,63,65,11,74,9,5,6,10,45,44,45,Default Stride Awkward,14,59,20,72,19,79,83,6,7,9,6,20,7,85,45,10
m27-1,16255,Red,Murdock,Red Murdock,MIKE,Denver Broncos,Broncos,22,74,233,Buffalo,0,50,24,9,2003,65,Field General - MLB,Launch Ratings,1,,,,,,,,87,82,59,52,67,13,34,54,65,74,47,60,82,75,87,54,77,11,14,16,23,58,49,45,50,6,58,54,44,82,12,22,27,32,51,53,44,Default Stride Loose,48,86,35,89,42,72,81,6,6,6,6,23,10,90,46,65
m27-1,4716,Reddy,Steward,Reddy Steward,CB,Dallas Cowboys,Cowboys,25,71,178,Troy,2,27,4,5,2001,65,Zone - CB,Launch Ratings,1,,,,,,,,94,76,59,61,43,11,52,55,63,84,59,32,56,43,87,69,83,18,12,50,15,68,30,30,30,6,55,27,66,70,24,15,18,30,35,35,35,Default Stride Loose,61,88,61,86,31,55,54,6,6,6,6,24,10,80,30,72
m27-1,23087,Rejzohn,Wright,Rejzohn Wright,CB,New Orleans Saints,Saints,25,74,193,Oregon State,3,25,4,9,2000,65,Zone - CB,Launch Ratings,1,,,,,,,,92,84,63,65,49,44,45,49,70,81,65,43,67,47,88,69,89,17,20,47,15,59,22,22,22,40,64,28,76,74,35,15,26,31,34,34,34,Long Stride Loose,72,89,64,88,35,53,50,40,42,44,43,47,33,83,35,67
m27-1,16375,Robert,Spears-Jennings,Robert Spears-Jennings,FS,Pittsburgh Steelers,Steelers,22,74,205,Oklahoma,0,28,25,1,2004,65,Hybrid - S,Launch Ratings,1,,,,,,,,92,79,63,61,57,17,59,62,65,80,61,46,71,55,88,65,84,25,21,48,26,63,35,35,35,6,61,37,66,74,44,38,45,48,35,35,35,Default,60,93,59,91,54,62,62,6,6,6,6,22,12,97,54,67
m27-1,10207,Rocco,Underwood,Rocco Underwood,LS,Philadelphia Eagles,Eagles,24,75,231,Florida,0,37,14,8,2002,65,Accurate - LS,Launch Ratings,1,,,,,,,,78,74,54,54,42,10,22,53,55,72,48,37,55,73,88,56,73,13,13,10,56,55,41,48,45,10,46,35,37,57,26,32,34,35,39,44,44,Default Stride Awkward,41,74,44,78,43,66,50,10,10,10,10,26,10,87,47,57
m27-1,16405,Sam,Roush,Sam Roush,TE,Chicago Bears,Bears,22,77,267,Stanford,0,87,6,9,2003,65,Possession - TE,Launch Ratings,1,,,,,,,,89,81,65,65,51,25,60,71,75,71,76,47,50,67,91,65,90,33,36,53,62,23,60,61,60,20,42,51,23,51,61,49,53,60,60,62,62,Long Stride High and Tight,72,82,58,89,65,80,51,15,18,22,23,26,24,88,64,30
m27-1,22380,Sam,Howell,Sam Howell,QB,Dallas Cowboys,Cowboys,25,73,220,North Carolina,4,16,16,9,2000,65,Field General - QB,Launch Ratings,1,,,,,,,,87,78,51,80,24,72,71,66,61,78,37,10,23,27,93,72,71,37,36,14,16,12,14,18,15,79,13,10,10,33,15,12,14,15,16,22,23,Default,51,82,65,89,51,64,29,76,78,81,78,91,74,92,53,14
m27-1,10173,Seth,McGowan,Seth McGowan,HB,Indianapolis Colts,Colts,24,72,223,Kentucky,0,20,23,10,2001,65,Elusive Back - HB,Launch Ratings,1,,,,,,,,90,83,70,80,24,23,78,77,63,79,60,20,21,42,88,78,93,31,33,46,38,20,33,36,51,22,23,20,21,28,52,48,54,62,36,32,40,Default,52,89,72,82,69,75,24,15,20,25,20,28,23,87,75,23
m27-1,16361,Skyler,Gill-Howard,Skyler Gill-Howard,DT,Detroit Lions,Lions,23,73,280,Texas Tech,0,50,13,10,2002,65,Power Rusher - DT,Launch Ratings,1,,,,,,,,70,67,65,24,74,12,14,52,50,56,24,68,77,86,85,26,75,14,13,10,25,27,45,45,45,6,62,71,28,76,27,2,15,17,45,45,45,Default Stride Awkward,28,70,26,75,34,81,79,6,6,6,6,13,10,89,44,22
m27-1,1350,Taki,Taimani,Taki Taimani,DT,Minnesota Vikings,Vikings,26,74,325,Oregon,2,94,6,10,1999,65,Speed Rusher - DT,Launch Ratings,1,,,,,,,,66,52,69,14,76,12,25,32,24,46,14,52,79,87,93,10,64,12,13,10,39,10,45,45,45,6,69,65,12,75,10,4,7,12,45,45,45,Default Stride Awkward,15,62,10,73,15,80,76,6,6,6,6,17,15,85,36,11
m27-1,16244,Tanner,Koziol,Tanner Koziol,TE,Jacksonville Jaguars,Jaguars,23,78,247,Houston,0,89,28,1,2003,65,Possession - TE,Launch Ratings,1,,,,,,,,87,81,55,69,24,24,69,74,83,70,80,20,28,65,94,70,87,25,24,63,59,21,57,57,58,22,28,22,20,27,64,47,53,59,60,59,60,Long Stride Default,74,82,64,89,65,73,24,10,15,20,22,34,23,89,63,25
m27-1,16248,Taylen,Green,Taylen Green,QB,Cleveland Browns,Browns,24,78,227,Arkansas,0,15,18,8,2002,65,Strong Arm - QB,Launch Ratings,1,,,,,,,,91,86,26,87,36,83,77,62,65,81,57,45,35,23,96,73,95,31,32,40,40,24,46,45,47,77,66,38,17,33,49,55,57,60,40,36,40,Long Stride Default,64,92,68,92,56,66,21,74,80,78,76,91,73,99,66,25
m27-1,4758,Terrell,Jennings,Terrell Jennings,HB,New England Patriots,Patriots,25,73,217,Florida AM,1,26,1,3,2001,65,Power Back - HB,Launch Ratings,0,,,,,,,,91,75,69,78,35,33,77,88,65,78,51,27,27,46,88,77,86,16,20,56,36,24,35,38,50,31,30,20,23,38,49,48,53,58,33,26,39,Default,52,88,70,84,76,74,31,28,37,39,37,32,29,85,79,24
m27-1,10248,Terry,Webb,Terry Webb,DT,Los Angeles Chargers,Chargers,23,75,313,SMU,0,64,8,1,2003,65,Power Rusher - DT,Launch Ratings,1,,,,,,,,66,58,63,16,73,12,14,24,22,61,23,56,79,82,90,16,68,15,15,30,23,13,45,45,45,6,62,66,14,76,12,3,5,14,45,45,45,Default Stride Awkward,23,69,13,71,26,83,81,6,6,6,6,15,10,82,35,15
m27-1,15121,Thomas,Fidone II,Thomas Fidone II,TE,NY Giants,Giants,23,77,255,Nebraska,1,86,20,9,2002,65,Vertical Threat - TE,Launch Ratings,1,,,,,,,,89,83,63,65,45,19,61,69,77,78,74,42,35,64,80,66,85,27,26,22,50,28,60,63,62,23,32,38,18,45,63,57,61,66,54,56,56,Long Stride Default,73,81,60,82,63,71,42,22,17,24,21,29,33,81,66,30
m27-1,22540,Timmy,Horne,Timmy Horne,DT,Tennessee Titans,Titans,28,76,323,Kansas State,4,94,25,10,1997,65,Speed Rusher - DT,Launch Ratings,1,,,,,,,,62,65,62,10,75,12,20,29,24,53,15,54,73,85,87,14,84,16,15,10,35,11,45,45,45,6,65,66,10,72,15,3,7,15,45,45,45,Default Stride Awkward,15,64,12,72,25,85,79,6,6,6,6,20,15,87,27,12
m27-1,1072,Tip,Reiman,Tip Reiman,TE,Arizona Cardinals,Cardinals,24,76,271,Illinois,2,87,17,9,2001,65,Possession - TE,Launch Ratings,1,,,,,,,,88,82,50,69,37,12,67,75,79,75,78,17,41,64,85,62,84,19,21,18,62,14,58,62,62,6,17,17,17,34,61,48,53,60,63,67,66,Long Stride Default,73,84,58,81,62,77,34,6,10,15,10,28,15,87,66,21
m27-1,15233,Tommy,Akingbesote,Tommy Akingbesote,DT,Buffalo Bills,Bills,23,76,316,Maryland,1,71,25,2,2003,65,Power Rusher - DT,Launch Ratings,1,,,,,,,,74,62,70,28,73,11,20,37,21,55,18,63,75,82,90,18,73,21,23,27,26,13,45,45,45,13,69,74,17,72,15,12,15,17,45,45,45,Long Stride Awkward,18,69,21,77,35,82,73,8,10,12,10,27,12,85,32,17
m27-1,22955,Truman,Jones,Truman Jones,REDG,Tennessee Titans,Titans,26,75,250,Harvard,3,56,13,5,2000,65,Power Rusher - DE,Launch Ratings,1,,,,,,,,89,82,65,27,72,17,17,32,32,72,26,63,84,74,90,35,88,23,27,10,25,32,35,35,35,6,62,69,37,78,13,5,7,10,40,40,40,Default Stride High and Tight,27,83,29,74,26,71,73,6,6,6,6,20,11,80,27,38
m27-1,22240,Tycen,Anderson,Tycen Anderson,SS,Denver Broncos,Broncos,27,74,205,Toledo,4,6,13,6,1999,65,Hybrid - S,Launch Ratings,1,,,,,,,,94,92,60,64,55,17,49,57,58,82,56,37,62,50,87,72,88,14,13,45,20,65,33,33,33,7,56,32,73,66,41,29,31,36,34,34,34,Long Stride Default,55,91,63,86,45,59,60,6,8,10,15,24,9,74,39,63
m27-1,1379,Tyler,Owens,Tyler Owens,SS,Washington Commanders,Commanders,25,74,213,Texas Tech,2,18,12,5,2001,65,Zone - S,Launch Ratings,1,,,,,,,,94,79,62,68,54,16,54,64,65,76,59,36,59,50,89,71,93,17,19,39,14,63,35,35,35,6,58,27,64,72,15,12,16,20,35,35,35,Default Stride High and Tight,62,93,61,83,38,63,62,6,6,6,6,22,10,84,35,68
m27-1,1290,Tyrek,Funderburk,Tyrek Funderburk,CB,Carolina Panthers,Panthers,25,71,186,Appalach. St.,2,20,28,11,2000,65,Manto Man - CB,Launch Ratings,1,,,,,,,,93,83,62,70,43,12,60,61,60,85,61,29,50,51,90,72,83,15,21,35,17,65,35,35,35,6,64,22,64,63,13,15,20,22,35,35,35,Default Stride Loose,60,92,66,87,39,58,51,6,6,6,6,27,17,81,32,63
m27-1,22158,Tyreke,Smith,Tyreke Smith,LEDG,Kansas City Chiefs,Chiefs,26,75,255,Ohio State,4,57,14,2,2000,65,Power Rusher - DE,Launch Ratings,1,,,,,,,,77,81,62,35,76,11,26,41,36,70,37,63,84,80,87,35,82,15,18,10,21,32,45,45,45,6,59,68,30,81,27,28,31,34,45,45,45,Default Stride Loose,35,76,32,75,36,72,79,6,6,6,6,24,10,79,32,46
m27-1,10684,Tyrell,Shavers,Tyrell Shavers,WR,Buffalo Bills,Bills,27,76,211,San Diego St.,3,14,18,8,1999,65,Deep Threat - WR,Launch Ratings,1,,,,,,,,88,79,59,79,26,29,75,69,78,83,77,12,27,41,86,81,82,19,23,53,21,21,11,10,30,17,27,10,26,38,59,64,68,73,28,33,48,Long Stride Default,77,91,74,83,41,55,28,19,22,26,29,30,19,85,39,25
m27-1,23151,Tyrus,Wheat,Tyrus Wheat,REDG,Dallas Cowboys,Cowboys,26,74,260,Mississippi St.,3,90,8,12,1999,65,Power Rusher - DE,Launch Ratings,1,,,,,,,,90,74,59,40,67,12,23,48,57,65,41,58,81,81,92,45,71,9,11,15,33,41,35,35,35,7,56,71,46,76,15,11,13,15,45,45,45,Default Stride High and Tight,41,84,41,74,44,74,75,6,7,9,6,15,16,86,39,53
m27-1,16314,VJ,Payne,VJ Payne,SS,NY Jets,Jets,22,75,206,Kansas State,0,34,17,3,2004,65,Hybrid - S,Launch Ratings,1,,,,,,,,93,85,59,65,50,11,53,64,63,80,62,43,72,59,85,67,84,21,25,41,25,66,35,35,35,6,59,37,66,72,43,34,41,44,35,35,35,Default Stride Loose,61,91,59,87,46,61,64,6,6,6,6,26,12,90,52,70
m27-1,10133,Wesley,Bailey,Wesley Bailey,WILL,Los Angeles Rams,Rams,25,77,265,Louisville,0,47,26,4,2001,65,Run Stopper - OLB,Launch Ratings,1,,,,,,,,87,83,55,20,67,12,17,52,60,66,30,55,80,72,74,29,84,14,19,10,20,61,45,45,45,6,51,64,48,79,18,5,5,15,45,45,45,Default,27,83,27,85,24,77,81,6,6,6,6,25,10,84,25,65
m27-1,22831,Will,Mallory,Will Mallory,TE,Indianapolis Colts,Colts,27,76,239,Miami,3,86,2,6,1999,65,Vertical Threat - TE,Launch Ratings,1,,,,,,,,89,77,66,79,33,15,64,70,78,73,76,10,26,59,92,72,87,13,17,20,48,10,51,46,52,13,15,10,15,39,60,56,58,63,52,47,52,Long Stride Default,78,87,59,88,66,72,33,11,16,22,18,27,14,91,64,15
m27-1,16371,Will,Kacmarek,Will Kacmarek,TE,Miami Dolphins,Dolphins,23,78,261,Ohio State,0,82,12,2,2003,65,Possession - TE,Launch Ratings,1,,,,,,,,81,72,57,65,48,24,61,72,80,67,79,40,49,66,91,65,86,35,39,42,58,20,57,59,59,18,46,45,18,49,62,52,57,63,60,62,62,Long Stride High and Tight,76,81,59,88,67,77,51,10,15,20,22,28,21,91,66,24
m27-1,15234,Zeek,Biggers,Zeek Biggers,DT,Miami Dolphins,Dolphins,22,78,321,Georgia Tech,1,93,4,10,2003,65,Speed Rusher - DT,Launch Ratings,1,,,,,,,,76,56,67,21,73,11,20,36,18,56,18,66,83,81,87,18,81,18,23,25,27,19,45,45,45,6,64,70,14,71,16,12,14,16,45,45,45,Long Stride Awkward,19,69,17,80,35,84,76,6,6,6,6,32,10,84,32,15
m27-1,4683,Zemaiah,Vaughn,Zemaiah Vaughn,CB,Minnesota Vikings,Vikings,24,75,180,Utah,1,34,2,4,2002,65,Manto Man - CB,Launch Ratings,1,,,,,,,,92,73,57,66,43,14,51,57,68,82,62,33,56,54,93,70,93,15,15,48,15,67,30,30,30,6,56,30,75,69,23,12,16,24,35,35,35,Default Stride Loose,66,91,61,86,35,66,53,6,6,6,6,25,10,85,29,67
m27-1,14889,Zion,Logue,Zion Logue,DT,Buffalo Bills,Bills,25,78,325,Georgia,2,93,13,7,2001,65,Speed Rusher - DT,Launch Ratings,1,,,,,,,,68,56,60,10,74,12,10,45,34,50,15,64,77,84,89,10,72,15,19,10,18,15,45,45,45,6,63,69,22,75,17,4,8,15,45,45,45,Long Stride Awkward,15,68,10,81,10,83,80,6,6,6,6,25,15,85,25,25
m27-1,9988,Al'Zillion,Hamilton,Al'Zillion Hamilton,CB,Los Angeles Rams,Rams,24,71,186,Fresno State,0,6,22,3,2002,64,Zone - CB,Launch Ratings,1,,,,,,,,90,84,60,51,47,11,58,64,68,86,67,34,56,46,87,78,80,17,15,45,14,66,35,35,35,6,60,30,66,70,39,15,18,21,35,35,35,Default Stride Loose,70,90,63,87,34,48,51,6,6,6,6,25,13,85,35,68
m27-1,15321,Alijah,Huzzie,Alijah Huzzie,CB,Houston Texans,Texans,25,70,195,North Carolina,1,28,16,1,2001,64,Zone - CB,Launch Ratings,1,,,,,,,,94,67,65,39,43,32,32,52,46,60,27,23,46,44,89,48,81,33,35,50,44,68,45,41,51,33,60,31,60,61,30,23,23,22,41,51,46,Default Stride Loose,25,93,46,87,44,64,43,8,22,12,24,15,29,92,32,73
m27-1,22109,Andrew,Stueber,Andrew Stueber,RG,Atlanta Falcons,Falcons,27,78,320,Michigan,4,74,1,7,1999,64,Power - G,Launch Ratings,1,,,,,,,,62,50,71,17,40,10,19,20,21,48,12,35,37,81,86,14,63,14,15,10,72,10,61,68,64,6,34,42,10,38,12,5,5,10,68,73,71,Long Stride Awkward,15,59,15,83,25,82,39,6,6,6,6,19,6,88,24,11
m27-1,22466,Andrew,Rupcich,Andrew Rupcich,LG,New England Patriots,Patriots,27,78,325,Culver-Stockton,4,67,1,4,1999,64,Power - G,Launch Ratings,1,,,,,,,,68,53,70,12,21,7,9,22,25,50,11,21,32,80,91,10,76,10,12,10,78,10,71,69,70,6,21,31,9,22,12,5,7,10,64,70,67,Long Stride Awkward,15,61,10,79,15,85,25,5,6,8,5,21,5,89,19,10
m27-1,13858,Anthony,Firkser,Anthony Firkser,TE,Washington Commanders,Commanders,31,74,241,Harvard,8,46,19,2,1995,64,Possession - TE,Launch Ratings,1,,,,,,,,77,78,56,60,35,10,62,73,81,71,79,10,23,64,90,63,77,13,13,10,47,25,53,57,57,6,22,10,15,35,68,59,61,67,56,58,59,Long Stride Loose,79,79,54,85,63,73,38,6,6,6,6,22,10,78,64,24
m27-1,23141,Asim,Richards,Asim Richards,RT,New Orleans Saints,Saints,25,76,307,North Carolina,3,72,2,10,2000,64,Pass Protector - OT,Launch Ratings,1,,,,,,,,73,59,73,47,45,12,40,57,52,51,50,35,51,83,93,39,72,12,12,10,71,11,73,72,72,6,46,46,10,49,44,35,40,42,64,64,64,Long Stride Awkward,54,67,35,88,46,87,45,6,6,6,6,21,13,78,43,12
m27-1,22438,Austin,Deculus,Austin Deculus,LT,Tennessee Titans,Titans,27,77,321,LSU,4,76,12,3,1999,64,Power - OT,Launch Ratings,1,,,,,,,,76,50,73,16,29,12,7,24,19,47,15,10,35,81,93,16,71,16,19,10,73,8,62,66,64,6,20,10,10,21,13,8,16,20,67,73,70,Default Stride Awkward,17,69,14,81,28,84,27,6,6,6,6,18,8,90,26,9
m27-1,22049,Bailey,Zappe,Bailey Zappe,QB,NY Jets,Jets,27,73,220,W. Kentucky,4,11,26,4,1999,64,Field General - QB,Launch Ratings,1,,,,,,,,84,76,65,66,19,56,42,67,22,74,13,10,15,26,91,55,74,32,38,10,17,10,13,17,17,77,16,10,10,24,16,10,12,14,11,14,19,Default,14,76,47,88,32,56,24,75,78,84,77,85,76,89,27,13
m27-1,4737,BJ,Green II,BJ Green II,LEDG,Jacksonville Jaguars,Jaguars,23,73,270,Colorado,1,95,3,7,2003,64,Smaller Speed Rusher - DE,Launch Ratings,1,,,,,,,,89,73,52,15,68,12,24,27,35,61,20,67,77,79,87,19,74,31,36,10,23,44,30,30,35,6,52,64,20,79,12,3,5,10,35,35,40,Short Stride Awkward,32,82,15,81,21,80,77,5,6,7,7,21,8,84,35,50
m27-1,2658,Bobby,Hart,Bobby Hart,LT,Seattle Seahawks,Seahawks,32,77,310,Florida State,11,68,21,8,1994,64,Power - OT,Launch Ratings,1,,,,,,,,50,50,77,10,40,12,5,45,39,40,15,10,20,75,91,10,68,21,25,15,72,12,70,72,71,6,10,10,10,39,15,5,5,15,73,70,71,Default Stride Awkward,15,49,10,78,10,84,40,6,6,6,6,35,11,80,25,12
m27-1,4744,Brant,Banks,Brant Banks,LT,Green Bay Packers,Packers,26,79,306,Rice,1,72,1,5,2000,64,Power - OT,Launch Ratings,1,,,,,,,,72,59,63,10,24,12,9,25,25,49,15,10,25,80,87,10,69,13,15,10,78,11,71,72,72,6,13,16,10,22,12,5,5,15,69,70,70,Default Stride Awkward,15,65,10,81,15,83,26,6,6,6,6,15,12,81,21,12
m27-1,1366,Brenden,Bates,Brenden Bates,TE,Cleveland Browns,Browns,26,76,255,Kentucky,2,82,17,10,1999,64,Possession - TE,Launch Ratings,1,,,,,,,,80,80,66,63,35,12,54,72,74,69,73,10,35,71,91,59,81,12,15,10,60,10,62,59,63,15,25,10,10,37,65,50,54,61,65,62,64,Long Stride Default,72,82,52,83,65,75,34,11,15,22,19,24,11,88,63,10
m27-1,1169,C.J.,Hanson,C.J. Hanson,LG,Kansas City Chiefs,Chiefs,25,77,300,Holy Cross,2,61,3,3,2001,64,Agile - G,Launch Ratings,1,,,,,,,,74,55,69,50,20,17,32,33,35,57,32,10,38,78,90,48,81,20,21,10,80,12,70,69,72,11,15,10,10,29,19,16,21,22,70,65,69,Long Stride Default,35,72,23,79,44,82,33,12,13,21,15,25,6,80,35,13
m27-1,1396,Cam,Lampkin,Cam Lampkin,CB,Los Angeles Rams,Rams,25,70,176,Wash. St.,2,21,31,7,2001,64,Zone - CB,Launch Ratings,1,,,,,,,,90,81,67,61,46,14,50,56,60,83,53,38,51,49,87,68,83,12,15,35,19,63,23,23,23,12,65,32,62,66,13,10,10,22,27,27,27,Short Stride Loose,57,87,62,85,34,53,52,7,11,16,19,21,12,82,33,68
m27-1,21499,Cameron,McGrone,Cameron McGrone,WILL,Las Vegas Raiders,Raiders,26,73,236,Michigan,5,57,22,6,2000,64,Run Stopper - OLB,Launch Ratings,1,,,,,,,,90,80,57,35,64,12,24,60,56,66,51,56,74,68,79,35,82,12,14,10,28,53,45,45,45,6,67,45,47,80,25,5,5,15,45,45,45,Default Stride Awkward,47,86,33,81,31,69,78,6,6,6,6,15,14,75,32,58
m27-1,15257,Carson,Bruener,Carson Bruener,MIKE,Pittsburgh Steelers,Steelers,25,73,227,Washington,1,44,5,6,2001,64,Pass Coverage - MLB,Launch Ratings,1,,,,,,,,90,81,63,49,58,28,40,61,48,73,42,46,74,68,88,49,81,18,21,10,22,59,45,45,45,12,62,44,47,80,22,18,21,24,45,45,45,Default,47,86,46,87,44,67,76,15,18,21,26,25,15,88,43,65
m27-1,22401,Chance,Campbell,Chance Campbell,MIKE,Philadelphia Eagles,Eagles,26,74,232,Ole Miss,4,59,8,10,1999,64,Field General - MLB,Launch Ratings,1,,,,,,,,90,76,65,34,62,13,39,51,47,68,40,60,74,78,87,38,93,16,21,10,28,50,45,45,45,6,69,53,43,83,10,5,5,15,45,45,45,Default Stride Loose,41,86,33,86,42,75,75,6,6,6,6,20,7,78,35,55
m27-1,23263,Chandler,Zavala,Chandler Zavala,RG,Carolina Panthers,Panthers,27,75,322,N.C. State,3,62,2,4,1999,64,Agile - G,Launch Ratings,1,,,,,,,,72,65,64,22,19,12,21,34,30,57,21,15,31,74,80,12,78,13,21,10,78,9,65,69,70,9,21,14,10,25,18,7,11,12,73,67,70,Default Stride Awkward,23,66,12,82,14,88,31,7,9,9,9,21,10,83,33,10
m27-1,21111,Charlie,Heck,Charlie Heck,LT,Miami Dolphins,Dolphins,29,80,311,North Carolina,6,67,20,11,1996,64,Power - OT,Launch Ratings,1,,,,,,,,68,53,77,25,35,12,26,30,35,51,20,22,40,78,87,34,70,12,10,10,82,12,69,65,67,6,13,33,10,38,19,21,22,25,72,66,69,Long Stride Awkward,25,66,24,86,22,84,36,6,6,6,6,12,14,93,30,16
m27-1,21478,Chazz,Surratt,Chazz Surratt,SAM,Seattle Seahawks,Seahawks,29,74,233,North Carolina,5,44,16,2,1997,64,Run Stopper - OLB,Launch Ratings,1,,,,,,,,86,81,64,61,61,60,41,66,58,72,33,57,84,67,88,62,77,20,21,10,13,54,45,45,45,51,60,52,40,83,20,5,5,15,45,45,45,Default Stride Loose,35,85,55,79,52,75,74,52,59,63,59,67,48,84,44,63
m27-1,21993,Chris,Williams,Chris Williams,DT,Atlanta Falcons,Falcons,28,74,302,Wagner College,5,93,16,6,1998,64,Speed Rusher - DT,Launch Ratings,1,,,,,,,,72,57,60,19,70,12,19,36,28,46,15,54,81,81,88,10,68,17,21,10,37,13,45,45,45,6,62,72,10,75,15,3,7,15,45,45,45,Default Stride Awkward,15,66,10,71,17,84,78,6,6,6,6,14,12,78,38,15
m27-1,20933,Cody,White,Cody White,WR,Seattle Seahawks,Seahawks,27,75,227,Michigan St.,6,82,28,11,1998,64,Slot - WR,Launch Ratings,1,,,,,,,,84,75,72,74,31,23,67,69,80,69,80,21,36,48,88,73,85,16,22,65,33,22,25,27,40,15,24,22,34,35,68,70,73,71,28,31,49,Default,77,83,69,82,56,69,37,10,10,15,15,30,19,79,48,24
m27-1,23264,Colby,Sorsdal,Colby Sorsdal,LG,Detroit Lions,Lions,26,78,315,William  Mary,3,75,1,3,2000,64,Agile - G,Launch Ratings,1,,,,,,,,66,59,71,10,25,12,5,41,34,57,15,10,35,68,89,10,69,11,11,10,83,11,67,63,65,6,15,10,9,33,15,5,10,15,75,67,71,Long Stride Awkward,15,67,10,83,10,80,31,6,6,6,6,10,10,81,15,12
m27-1,22095,Cole,Turner,Cole Turner,TE,Miami Dolphins,Dolphins,26,78,240,Nevada,4,87,16,3,2000,64,Vertical Threat - TE,Launch Ratings,1,,,,,,,,87,81,60,71,29,18,60,73,79,74,76,15,30,59,88,69,77,19,21,18,51,14,57,53,56,6,22,15,15,33,65,53,58,63,58,54,59,Long Stride Default,81,81,63,80,56,68,29,6,10,15,10,30,10,68,65,16
m27-1,16404,Collin,Wright,Collin Wright,CB,Houston Texans,Texans,22,72,195,Stanford,0,37,13,12,2003,64,Manto Man - CB,Launch Ratings,1,,,,,,,,91,85,60,56,53,13,52,61,67,82,54,40,59,47,86,76,92,16,12,42,15,67,35,35,35,6,54,37,65,70,39,15,19,22,35,35,35,Default Stride Loose,63,89,62,88,34,54,60,6,6,6,6,25,10,88,43,66
m27-1,4738,Connor,O'Toole,Connor O'Toole,REDG,Seattle Seahawks,Seahawks,24,75,248,Utah,1,57,27,8,2002,64,Smaller Speed Rusher - DE,Launch Ratings,1,,,,,,,,87,82,48,42,66,11,35,69,34,71,39,66,77,73,86,40,85,13,16,10,20,43,45,45,45,6,51,65,35,77,14,5,7,18,45,45,45,Default Stride Loose,42,84,35,79,34,81,78,6,6,6,6,22,13,85,36,49
m27-1,4731,Cooper,McDonald,Cooper McDonald,MIKE,Kansas City Chiefs,Chiefs,25,75,240,TCU,1,44,7,8,2001,64,Field General - MLB,Launch Ratings,1,,,,,,,,92,77,61,42,65,18,33,59,57,67,48,52,78,71,87,48,80,20,16,10,22,55,45,45,45,6,59,51,44,79,13,19,21,23,45,45,45,Default Stride Loose,45,84,48,86,41,73,80,6,6,6,6,22,12,86,43,63
m27-1,12763,Corey,Levin,Corey Levin,C,Atlanta Falcons,Falcons,32,76,307,Tenn-Chat,8,62,12,8,1994,64,Power - C,Launch Ratings,1,,,,,,,,65,62,73,25,28,12,12,22,25,52,23,10,36,81,89,23,67,23,21,11,78,15,70,73,72,6,25,10,10,35,14,5,8,18,65,69,67,Default Stride Awkward,18,63,15,82,31,84,32,6,6,6,6,16,10,83,38,20
m27-1,23366,D'Angelo,Ross,D'Angelo Ross,CB,Cleveland Browns,Browns,29,69,190,New Mexico,5,20,29,10,1996,64,Zone - CB,Launch Ratings,1,,,,,,,,93,78,61,63,45,14,55,51,70,78,58,42,63,40,90,74,92,15,20,64,15,62,25,25,25,5,61,35,55,68,32,20,28,34,25,25,25,Short Stride Loose,60,92,70,84,32,59,55,6,7,11,6,17,9,75,35,66
m27-1,4714,Darryl,Peterson III,Darryl Peterson III,REDG,Los Angeles Rams,Rams,22,73,260,Wisconsin,0,59,13,9,2003,64,Smaller Speed Rusher - DE,Launch Ratings,1,,,,,,,,85,72,60,24,71,14,13,44,45,71,21,68,78,82,83,31,84,21,17,10,20,42,45,45,45,6,58,69,42,79,12,10,10,10,45,45,45,Long Stride Bread Loaf,42,77,36,78,34,72,77,6,6,6,6,19,10,83,26,49
m27-1,4761,Dean,Clark,Dean Clark,FS,NY Jets,Jets,25,73,206,Fresno State,1,35,1,6,2001,64,Zone - S,Launch Ratings,1,,,,,,,,90,81,58,58,46,20,51,61,69,88,63,36,74,57,86,67,94,17,19,35,15,64,35,35,35,6,56,32,61,73,37,33,34,35,35,35,35,Default Stride Loose,62,89,60,87,44,65,63,6,6,6,6,24,10,88,45,68
m27-1,22677,Deven,Thompkins,Deven Thompkins,WR,Buffalo Bills,Bills,26,68,160,Utah State,4,38,23,12,1999,64,Deep Threat - WR,Launch Ratings,1,,,,,,,,93,85,62,82,15,24,60,61,77,89,71,10,14,30,83,76,91,12,15,76,19,27,14,13,31,17,22,10,15,28,53,65,62,63,11,13,30,Short Stride Loose,74,93,69,80,32,48,20,10,15,20,24,24,11,77,25,25
m27-1,1854,Deven,Eastern,Deven Eastern,DT,Seattle Seahawks,Seahawks,23,77,315,Minnesota,0,97,5,4,2003,64,Power Rusher - DT,Launch Ratings,1,,,,,,,,75,56,60,29,75,12,15,42,34,54,29,66,77,88,85,29,69,27,17,10,28,23,45,45,45,6,58,73,21,76,25,2,17,19,45,45,45,Long Stride Awkward,29,67,29,75,43,85,75,6,6,6,6,17,10,87,43,24
m27-1,16348,Devon,Marshall,Devon Marshall,CB,Jacksonville Jaguars,Jaguars,22,71,200,N.C. State,0,40,27,8,2004,64,Zone - CB,Launch Ratings,1,,,,,,,,90,83,59,50,46,11,56,49,67,77,62,25,58,54,87,72,79,31,15,44,16,69,35,35,35,6,56,35,68,73,35,15,18,21,35,35,35,Default Stride Loose,72,89,67,88,32,56,61,6,6,6,6,24,12,87,34,71
m27-1,10174,Diego,Pavia,Diego Pavia,QB,Baltimore Ravens,Ravens,23,70,203,Vanderbilt,0,17,18,9,2002,64,Strong Arm - QB,Launch Ratings,1,,,,,,,,85,87,29,84,35,85,74,63,51,84,22,30,22,33,95,76,74,15,18,28,36,22,32,28,41,74,28,21,14,41,25,26,24,22,29,28,30,Default,22,79,71,94,69,69,25,73,77,83,81,86,80,95,74,31
m27-1,14749,Donovan,Jennings,Donovan Jennings,RG,Green Bay Packers,Packers,26,76,323,USF,2,67,24,11,1999,64,Power - G,Launch Ratings,1,,,,,,,,73,65,65,40,34,33,36,28,21,57,23,27,26,77,76,36,70,26,25,10,72,22,72,68,68,15,20,23,16,35,16,6,5,10,68,72,67,Long Stride Awkward,26,72,46,72,39,86,34,5,5,10,18,20,18,85,40,27
m27-1,14747,Dylan,McMahon,Dylan McMahon,C,Los Angeles Rams,Rams,25,76,290,N.C. State,2,63,22,1,2001,64,Agile - C,Launch Ratings,1,,,,,,,,75,75,72,10,29,12,5,35,25,66,15,10,33,79,92,10,80,22,19,10,80,9,68,69,71,6,34,10,10,46,12,5,9,15,72,69,72,Default Stride Awkward,15,69,10,85,10,80,36,13,19,21,12,25,11,78,25,9
m27-1,4736,Easton,Mascarenas-Arnold,Easton Mascarenas-Arnold,WILL,Cleveland Browns,Browns,23,71,227,USC,1,42,13,9,2002,64,Run Stopper - OLB,Launch Ratings,1,,,,,,,,90,88,59,32,62,12,21,54,37,76,34,54,77,76,87,37,78,11,15,10,17,55,45,45,45,6,57,61,48,79,15,5,7,20,45,45,45,Default Stride Awkward,37,86,38,85,31,73,79,6,6,6,6,13,11,86,39,61
m27-1,16369,Eli,Raridon,Eli Raridon,TE,New England Patriots,Patriots,22,78,245,Notre Dame,0,82,12,2,2004,64,Possession - TE,Launch Ratings,1,,,,,,,,90,78,56,67,23,25,65,73,77,72,79,18,29,63,83,67,86,28,31,34,59,16,58,60,59,18,25,20,19,25,63,51,56,61,59,60,60,Long Stride Default,80,85,62,83,65,74,27,10,15,20,20,28,20,85,65,17
m27-1,15227,Eric,Gregory,Eric Gregory,DT,New England Patriots,Patriots,25,75,319,Arkansas,1,95,13,9,2000,64,Power Rusher - DT,Launch Ratings,1,,,,,,,,74,62,56,23,75,12,16,37,35,59,21,61,77,83,89,20,69,14,16,10,27,16,45,45,45,6,54,69,17,72,15,5,7,15,45,45,45,Long Stride Awkward,20,68,17,85,29,86,76,6,6,6,6,20,10,86,32,21
m27-1,1333,Frank,Crum,Frank Crum,LT,Denver Broncos,Broncos,26,79,315,Wyoming,2,73,14,5,2000,64,Power - OT,Launch Ratings,1,,,,,,,,79,71,54,32,20,12,36,41,40,56,10,10,37,81,92,22,77,14,14,15,78,10,67,69,70,6,22,20,10,27,15,5,18,29,70,73,72,Long Stride Awkward,12,74,20,86,27,85,33,6,6,6,6,22,15,89,37,17
m27-1,14885,Gabe,Hall,Gabe Hall,DT,Philadelphia Eagles,Eagles,25,78,295,Baylor,2,96,12,1,2001,64,Speed Rusher - DT,Launch Ratings,1,,,,,,,,72,63,67,25,71,12,29,41,33,58,25,61,77,87,87,16,75,14,18,10,27,18,45,45,45,6,65,67,15,70,15,5,7,14,45,45,45,Long Stride Awkward,24,66,17,83,29,84,78,6,6,6,6,20,10,85,30,32
m27-1,15150,Garrett,Dellinger,Garrett Dellinger,RG,Tennessee Titans,Titans,24,77,320,LSU,1,71,18,2,2002,64,Agile - G,Launch Ratings,1,,,,,,,,77,63,65,12,25,12,13,24,26,59,11,10,24,78,82,10,78,15,18,10,76,10,69,67,67,6,22,10,10,25,12,5,5,12,71,68,68,Long Stride Awkward,32,67,11,85,19,88,18,6,6,6,6,22,11,82,24,11
m27-1,15113,Gavin,Bartholomew,Gavin Bartholomew,TE,Minnesota Vikings,Vikings,23,77,246,Pittsburgh,1,86,30,4,2003,64,Vertical Threat - TE,Launch Ratings,1,,,,,,,,87,82,66,70,43,28,64,71,76,76,75,35,32,65,90,64,87,26,27,28,53,27,56,59,58,26,26,39,14,46,62,52,55,63,53,53,59,Long Stride Default,76,82,62,88,68,70,36,19,24,26,29,39,26,89,64,33
m27-1,23067,Gervarrius,Owens,Gervarrius Owens,SS,Chicago Bears,Bears,26,72,200,Houston,3,30,14,10,1999,64,Zone - S,Launch Ratings,1,,,,,,,,93,91,59,70,57,17,64,60,59,91,51,38,76,58,90,73,89,14,18,55,37,60,30,30,30,6,61,33,70,66,45,40,42,43,35,35,35,Long Stride Loose,57,87,64,87,56,61,62,6,6,6,6,28,17,80,50,69
m27-1,21682,Grant,Stuard,Grant Stuard,WILL,Los Angeles Rams,Rams,27,71,230,Houston,5,44,15,10,1998,64,Run Stopper - OLB,Launch Ratings,1,,,,,,,,87,68,67,26,60,12,10,46,47,66,29,46,85,68,91,21,74,26,26,70,20,58,45,45,45,6,59,42,32,83,20,5,5,15,45,45,45,Short Stride Awkward,25,84,21,85,25,76,78,6,6,6,6,26,17,90,35,55
m27-1,16203,Harold,Perkins Jr.,Harold Perkins Jr.,MIKE,Atlanta Falcons,Falcons,21,73,220,LSU,0,56,10,9,2004,64,Field General - MLB,Launch Ratings,1,,,,,,,,91,82,63,65,66,15,56,68,60,75,45,61,76,68,83,65,84,16,15,17,25,53,44,41,64,6,61,57,46,83,16,15,20,25,55,60,46,Default Stride Loose,62,88,57,86,58,68,77,6,6,6,6,24,10,84,51,61
m27-1,22711,Hendon,Hooker,Hendon Hooker,QB,Tennessee Titans,Titans,28,75,221,Tennessee,3,16,13,1,1998,64,Strong Arm - QB,Launch Ratings,1,,,,,,,,90,86,35,88,21,83,72,53,44,83,16,10,19,28,81,75,80,14,18,10,20,9,12,17,15,80,16,10,10,25,21,16,20,28,14,18,23,Long Stride Loose,18,86,76,82,60,67,21,73,77,80,74,89,75,84,52,14
m27-1,22986,Isaiah,Land,Isaiah Land,LEDG,Dallas Cowboys,Cowboys,26,76,225,Florida AM,3,58,5,2,2000,64,Smaller Speed Rusher - DE,Launch Ratings,1,,,,,,,,90,77,59,48,60,23,34,47,52,70,44,64,84,65,88,51,83,14,17,35,34,40,45,45,45,12,57,68,43,78,33,24,29,35,45,45,45,Long Stride Loose,48,85,44,76,43,69,71,11,13,17,11,30,12,75,42,49
m27-1,21875,Jack,Heflin,Jack Heflin,DT,NY Jets,Jets,28,75,304,Iowa,5,96,8,3,1998,64,Power Rusher - DT,Launch Ratings,1,,,,,,,,68,64,67,24,77,12,13,34,25,59,14,52,76,82,89,17,72,14,17,9,29,18,46,46,46,6,65,64,13,67,15,3,6,13,48,48,48,Default Stride Awkward,21,60,17,70,25,83,74,6,6,6,6,15,12,81,29,24
m27-1,21776,Jack,Stoll,Jack Stoll,TE,Cleveland Browns,Browns,28,76,247,Nebraska,5,89,28,1,1998,64,Possession - TE,Launch Ratings,1,,,,,,,,84,81,65,68,35,17,45,74,80,74,75,10,26,65,90,65,77,18,24,46,56,15,55,58,59,6,20,10,10,39,61,49,58,63,62,58,62,Default,78,83,62,84,58,68,34,6,10,17,10,33,10,85,64,19
m27-1,21498,Jake,Hansen,Jake Hansen,WILL,Houston Texans,Texans,28,73,235,Illinois,4,35,19,6,1998,64,Run Stopper - OLB,Launch Ratings,1,,,,,,,,84,76,65,48,63,12,43,64,61,72,60,47,79,70,78,43,74,10,14,10,27,40,45,45,45,6,69,55,49,76,18,6,14,24,45,45,45,Default,57,81,35,82,50,71,83,6,6,6,6,24,10,94,42,55
m27-1,15255,Jalen,McLeod,Jalen McLeod,MIKE,Jacksonville Jaguars,Jaguars,24,74,241,Auburn,1,35,5,6,2002,64,Field General - MLB,Launch Ratings,1,,,,,,,,86,72,66,30,68,21,25,44,34,68,23,70,79,76,92,34,78,25,27,33,25,54,45,45,45,13,65,66,43,79,13,5,10,15,45,45,45,Long Stride Loose,25,81,34,79,30,77,77,10,10,18,16,21,17,93,25,60
m27-1,16193,James,Brockermeyer,James Brockermeyer,C,Atlanta Falcons,Falcons,24,75,298,Miami,0,66,24,6,2002,64,Power - C,Launch Ratings,1,,,,,,,,70,53,74,16,24,12,9,24,22,57,10,10,24,76,86,10,71,15,18,10,80,11,66,70,68,6,35,15,10,26,15,5,5,10,73,69,72,Default Stride Awkward,15,62,10,86,15,83,25,6,6,6,6,22,14,87,22,13
m27-1,15216,Jared,Harrison-Hunte,Jared Harrison-Hunte,DT,Carolina Panthers,Panthers,26,75,290,SMU,1,94,22,7,2000,64,Speed Rusher - DT,Launch Ratings,1,,,,,,,,81,59,61,20,71,12,16,41,32,59,20,63,77,86,88,22,63,16,17,10,27,18,45,45,45,6,59,66,16,69,15,2,4,15,45,45,45,Long Stride Awkward,23,77,18,86,21,84,77,6,6,6,6,20,10,88,33,25
m27-1,20381,Jarrett,Stidham,Jarrett Stidham,QB,Denver Broncos,Broncos,30,75,215,Auburn,7,8,8,8,1996,64,Field General - QB,Launch Ratings,1,,,,,,,,81,72,71,65,20,63,36,60,53,74,48,10,20,24,85,50,76,26,32,10,14,11,19,14,19,73,16,10,10,26,34,31,32,37,15,15,19,Long Stride Default,49,82,38,76,35,62,20,72,77,81,81,86,73,89,37,19
m27-1,10249,Javin,Wright,Javin Wright,MIKE,Tampa Bay Buccaneers,Buccaneers,26,76,232,Nebraska,0,48,19,3,2000,64,Pass Coverage - MLB,Launch Ratings,1,,,,,,,,88,85,52,52,64,23,38,62,61,71,56,52,82,74,88,56,85,20,22,10,26,63,45,45,45,6,49,56,44,80,12,5,5,15,45,45,45,Default Stride Loose,50,85,50,87,46,70,81,6,6,6,6,25,12,84,42,68
m27-1,4750,Jimmy,Ciarlo,Jimmy Ciarlo,MIKE,Buffalo Bills,Bills,25,74,225,Army,1,35,28,2,2001,64,Pass Coverage - MLB,Launch Ratings,1,,,,,,,,90,84,61,45,63,22,42,57,52,78,45,52,78,72,86,44,86,17,21,10,21,56,45,45,45,6,59,49,47,80,15,18,20,22,45,45,45,Default Stride High and Tight,46,86,46,86,45,67,79,6,6,6,6,21,12,87,44,63
m27-1,4614,JJ,Roberts,JJ Roberts,SS,Tampa Bay Buccaneers,Buccaneers,24,71,192,Marshall,1,36,22,9,2001,64,Hybrid - S,Launch Ratings,1,,,,,,,,93,85,57,64,49,14,54,62,62,85,57,32,75,59,87,64,94,14,18,78,25,63,35,35,35,6,55,33,58,71,22,15,20,25,35,35,35,Default Stride Loose,58,91,61,88,46,62,66,6,6,6,6,24,12,88,51,67
m27-1,20584,Joe,Giles-Harris,Joe Giles-Harris,SAM,Cincinnati Bengals,Bengals,29,74,234,Duke,7,43,1,4,1997,64,Run Stopper - OLB,Launch Ratings,1,,,,,,,,80,78,60,41,70,12,37,45,53,66,45,62,82,81,86,45,73,13,18,10,17,48,45,45,45,6,58,61,31,80,33,20,24,27,45,45,45,Default Stride Loose,47,82,37,80,33,69,81,6,6,6,6,25,10,87,43,57
m27-1,4757,John,Saunders Jr,John Saunders Jr,FS,New England Patriots,Patriots,24,74,210,Ole Miss,1,23,24,10,2001,64,Hybrid - S,Launch Ratings,1,,,,,,,,89,90,58,62,46,14,47,59,64,81,61,34,74,60,87,64,88,15,18,54,25,65,35,35,35,6,56,32,61,72,21,19,22,25,35,35,35,Default Stride Loose,60,88,57,87,46,64,64,6,6,6,6,23,12,88,42,68
m27-1,4784,Jordan,Turner,Jordan Turner,WILL,Denver Broncos,Broncos,24,73,231,Michigan St.,1,55,13,12,2001,64,Run Stopper - OLB,Launch Ratings,1,,,,,,,,90,83,61,48,63,19,39,53,55,75,42,58,80,74,87,65,80,10,12,10,22,55,45,45,45,6,59,53,46,79,25,23,18,23,45,45,45,Default Stride Loose,45,81,43,87,45,75,78,6,6,6,6,22,11,86,40,62
m27-1,1888,Josh,Cuevas,Josh Cuevas,TE,Baltimore Ravens,Ravens,22,75,245,Alabama,0,85,15,9,2003,64,Vertical Threat - TE,Launch Ratings,1,,,,,,,,86,74,69,66,49,30,64,73,78,72,75,38,53,61,89,66,82,29,26,48,55,41,56,57,57,26,47,40,32,48,62,50,55,61,57,58,58,Long Stride Default,78,83,60,91,66,74,54,18,22,30,21,30,25,91,59,45
m27-1,22440,Joshua,Ezeudu,Joshua Ezeudu,LT,NY Giants,Giants,26,76,308,North Carolina,4,75,19,9,1999,64,Power - OT,Launch Ratings,1,,,,,,,,71,56,70,17,20,11,12,35,23,57,12,10,31,78,88,10,71,23,24,10,86,9,72,70,71,6,24,10,10,19,10,5,5,10,71,67,69,Default Stride Awkward,15,65,10,84,19,81,21,6,6,6,6,16,7,77,20,10
m27-1,23125,Jovaughn,Gwyn,Jovaughn Gwyn,C,Baltimore Ravens,Ravens,27,74,301,South Carolina,3,54,18,3,1999,64,Agile - C,Launch Ratings,1,,,,,,,,77,57,71,10,30,11,7,30,26,54,12,33,40,74,92,12,69,20,22,10,79,12,74,68,71,6,38,32,10,26,11,5,8,12,67,62,64,Default Stride Awkward,14,68,11,84,22,89,40,5,6,7,5,19,10,80,17,11
m27-1,1247,Julius,Wood,Julius Wood,SS,Dallas Cowboys,Cowboys,25,73,193,East Carolina,2,32,2,5,2001,64,Run Support - S,Launch Ratings,1,,,,,,,,87,90,55,71,59,15,57,68,70,79,62,29,79,61,89,72,81,19,17,30,24,66,35,35,35,6,57,35,67,80,25,18,25,35,35,35,35,Long Stride Default,68,88,62,85,53,63,72,6,6,6,6,21,12,86,48,63
m27-1,15195,Kaimon,Rucker,Kaimon Rucker,REDG,Baltimore Ravens,Ravens,24,73,265,North Carolina,1,56,28,2,2002,64,Power Rusher - DE,Launch Ratings,1,,,,,,,,84,72,53,34,69,12,23,35,33,68,25,67,77,66,87,28,84,13,15,10,20,36,45,45,45,6,52,69,30,80,15,5,7,13,45,45,45,Long Stride Loose,24,81,27,79,36,81,77,6,6,6,6,19,10,85,34,45
m27-1,1278,Kameron,Johnson,Kameron Johnson,WR,Tampa Bay Buccaneers,Buccaneers,24,70,170,Barton,2,19,17,3,2002,64,Deep Threat - WR,Launch Ratings,1,,,,,,,,92,82,66,74,24,23,67,69,77,83,70,10,19,33,90,79,87,13,19,84,19,20,22,17,24,22,25,10,21,32,62,64,66,67,27,21,41,Short Stride Default,73,90,73,76,48,63,26,20,26,33,27,40,38,79,38,27
m27-1,23299,Keidron,Smith,Keidron Smith,SS,NY Jets,Jets,26,74,210,Kentucky,3,22,1,11,1999,64,Zone - S,Launch Ratings,1,,,,,,,,86,77,65,59,62,18,42,59,72,81,63,41,74,62,92,64,86,15,17,44,17,59,35,35,35,10,63,35,76,71,18,11,16,20,35,35,35,Default Stride Loose,63,86,57,87,46,62,69,10,10,15,11,23,10,83,40,68
m27-1,23283,Kendall,Williamson,Kendall Williamson,FS,Los Angeles Chargers,Chargers,26,72,203,Stanford,3,40,24,8,2000,64,Hybrid - S,Launch Ratings,1,,,,,,,,90,84,67,63,53,20,59,57,62,81,56,42,70,58,92,69,91,15,21,44,20,69,34,34,34,15,64,35,64,75,20,10,15,20,35,35,35,Default Stride Loose,64,91,62,86,50,63,47,10,10,15,15,30,12,83,51,62
m27-1,22738,Kenny,McIntosh,Kenny McIntosh,HB,Seattle Seahawks,Seahawks,26,72,204,Georgia,3,25,3,3,2000,64,Elusive Back - HB,Launch Ratings,1,,,,,,,,89,83,64,73,33,36,80,86,72,82,45,12,30,41,82,78,83,20,19,77,38,25,32,24,53,27,21,11,27,41,50,52,57,64,26,33,47,Default,45,87,71,82,77,66,39,35,39,45,49,53,38,78,70,35
m27-1,4755,Kevin,Knowles,Kevin Knowles,CB,Kansas City Chiefs,Chiefs,23,70,190,Florida State,1,35,9,4,2003,64,Manto Man - CB,Launch Ratings,1,,,,,,,,93,82,54,61,44,11,45,59,64,85,59,33,57,42,87,71,94,18,15,58,15,66,35,35,35,6,52,26,70,70,23,12,12,22,35,35,35,Long Stride Loose,63,90,63,87,34,54,54,6,6,6,6,25,10,84,31,67
m27-1,21422,Khalil,Dorsey,Khalil Dorsey,CB,Detroit Lions,Lions,28,69,188,N. Arizona,6,30,31,3,1998,64,Manto Man - CB,Launch Ratings,1,,,,,,,,91,87,59,70,54,10,52,60,64,85,59,35,68,50,84,75,84,13,14,65,17,64,35,35,35,6,56,32,67,74,26,37,32,34,35,35,35,Short Stride Loose,63,91,64,87,33,51,60,6,6,6,6,35,15,83,19,61
m27-1,21434,Kristian,Welch,Kristian Welch,WILL,Green Bay Packers,Packers,28,75,242,Iowa,6,54,24,5,1998,64,Run Stopper - OLB,Launch Ratings,1,,,,,,,,83,77,63,71,65,18,48,64,57,69,48,50,80,81,90,68,81,20,16,10,16,53,45,45,48,20,60,56,44,79,13,15,25,33,45,45,45,Default Stride Loose,50,85,58,81,51,75,79,17,21,25,15,20,21,86,43,61
m27-1,22596,Lance,McCutcheon,Lance McCutcheon,WR,Tennessee Titans,Titans,27,75,202,Montana State,4,89,28,2,1999,64,Deep Threat - WR,Launch Ratings,1,,,,,,,,90,89,45,71,25,26,73,75,74,82,83,29,45,49,87,73,89,12,15,64,24,39,25,24,37,15,33,27,35,35,76,62,65,64,23,25,46,Default Stride Loose,81,86,67,85,54,67,39,19,21,25,15,27,16,83,58,42
m27-1,22504,Liam,McCullough,Liam McCullough,LS,Atlanta Falcons,Falcons,29,74,247,Ohio State,5,49,5,6,1997,64,Accurate - LS,Launch Ratings,1,,,,,,,,78,63,55,29,44,11,27,66,55,54,49,10,52,68,90,36,72,17,19,10,59,20,54,49,55,7,35,10,15,48,20,34,38,45,39,43,45,Default Stride Awkward,44,75,29,72,44,64,56,10,18,24,5,39,12,74,38,20
m27-1,1335,Loren,Strickland,Loren Strickland,SS,Detroit Lions,Lions,26,69,202,Ball State,2,24,31,5,2000,64,Zone - S,Launch Ratings,1,,,,,,,,90,85,63,62,54,10,32,58,65,77,59,46,73,56,88,68,86,12,17,36,19,61,35,35,35,6,61,37,66,75,21,10,17,25,35,35,35,Default Stride Loose,62,87,64,86,30,62,63,6,6,6,6,25,19,84,29,66
m27-1,16301,Louis,Moore,Louis Moore,FS,Miami Dolphins,Dolphins,25,71,190,Indiana,0,41,29,1,2001,64,Run Support - S,Launch Ratings,1,,,,,,,,90,84,63,58,78,13,45,56,62,82,29,34,73,58,87,48,82,25,18,49,44,59,35,35,35,6,61,30,64,74,29,24,24,28,35,35,35,Default Stride Loose,57,87,55,87,44,63,68,6,6,6,6,20,11,87,40,63
m27-1,1239,Luke,Haggard,Luke Haggard,RG,Tampa Bay Buccaneers,Buccaneers,26,78,305,Indiana,3,72,3,1,2000,64,Power - G,Launch Ratings,1,,,,,,,,73,60,62,18,26,12,8,27,20,47,14,13,31,82,90,17,70,20,20,9,72,12,71,70,73,6,19,12,8,31,15,5,5,13,70,71,71,Long Stride Awkward,14,67,11,71,15,84,29,6,6,6,6,24,15,84,28,14
m27-1,21808,Luke,Farrell,Luke Farrell,TE,San Francisco 49ers,49ers,28,77,250,Ohio State,5,89,14,10,1997,64,Possession - TE,Launch Ratings,1,,,,,,,,79,78,63,62,44,15,53,75,78,72,75,12,44,67,90,55,84,19,24,15,55,12,62,60,61,6,18,17,19,43,65,49,56,62,60,64,64,Long Stride High and Tight,72,77,47,82,65,77,45,6,10,15,10,25,10,88,65,17
m27-1,15108,Luke,Lachey,Luke Lachey,TE,Green Bay Packers,Packers,25,78,250,Iowa,1,86,29,6,2001,64,Vertical Threat - TE,Launch Ratings,1,,,,,,,,81,78,70,67,39,26,64,72,78,74,75,31,42,64,84,65,84,23,24,24,48,25,56,57,58,26,31,34,17,44,68,55,59,65,55,55,55,Long Stride Default,77,77,61,83,61,74,45,15,20,9,21,28,36,85,68,29
m27-1,21791,Marcelino,McCrary-Ball,Marcelino McCrary-Ball,WILL,NY Jets,Jets,27,72,214,Indiana,3,41,23,3,1999,64,Pass Coverage - OLB,Launch Ratings,1,,,,,,,,91,83,64,63,58,15,44,63,68,82,56,52,76,70,87,69,85,17,18,35,22,57,35,35,35,6,61,42,64,78,25,10,10,20,35,35,35,Default,61,89,56,83,49,72,73,6,6,6,6,24,15,82,42,64
m27-1,16149,Marcus,Bryant,Marcus Bryant,LT,New England Patriots,Patriots,24,79,317,Missouri,1,52,22,6,2002,64,Power - OT,Launch Ratings,1,,,,,,,,73,66,65,12,24,23,10,34,23,56,25,10,28,81,87,10,71,13,14,10,78,27,68,71,69,6,29,11,10,21,18,5,5,16,68,70,69,Long Stride Awkward,29,68,10,86,10,85,22,6,6,6,6,22,15,87,25,14
m27-1,1277,Marcus,Banks,Marcus Banks,FS,Tampa Bay Buccaneers,Buccaneers,25,72,190,Mississippi St.,2,39,8,10,2000,64,Hybrid - S,Launch Ratings,1,,,,,,,,91,87,62,68,46,19,56,62,65,87,59,42,52,47,90,72,87,15,20,35,21,63,34,34,34,7,54,35,63,64,16,16,21,25,34,34,34,Default Stride Loose,58,91,65,78,43,63,64,10,13,16,16,26,8,84,46,63
m27-1,16173,Marlin,Klein,Marlin Klein,TE,Houston Texans,Texans,23,78,248,Michigan,0,83,17,9,2002,64,Possession - TE,Launch Ratings,1,,,,,,,,86,80,58,66,26,27,64,74,73,72,73,18,29,64,87,66,86,22,24,32,56,16,59,61,61,17,20,22,21,28,65,56,62,67,60,59,59,Long Stride Default,74,85,60,82,61,74,28,12,15,20,23,27,26,88,67,23
m27-1,4732,Marlowe,Wax,Marlowe Wax,MIKE,Los Angeles Chargers,Chargers,23,73,236,Syracuse,1,58,13,12,2002,64,Pass Coverage - MLB,Launch Ratings,1,,,,,,,,91,84,57,45,61,12,34,56,55,78,43,53,77,69,87,50,72,22,19,10,19,55,45,45,45,6,55,52,45,80,18,20,22,24,45,45,45,Default,46,85,42,85,43,71,82,6,6,6,6,24,10,86,44,63
m27-1,4692,Marquise,Robinson,Marquise Robinson,CB,Baltimore Ravens,Ravens,24,72,192,Arkansas,1,28,16,7,2002,64,Manto Man - CB,Launch Ratings,1,,,,,,,,93,79,56,65,42,11,50,58,66,81,60,33,56,53,92,68,83,15,13,50,15,67,30,30,30,6,54,25,68,72,25,12,15,28,35,35,35,Default,66,91,64,88,35,64,54,6,6,6,6,22,10,87,30,70
m27-1,22113,Matt,Waletzko,Matt Waletzko,RT,Kansas City Chiefs,Chiefs,26,80,305,North Dakota,4,73,15,12,1999,64,Power - OT,Launch Ratings,1,,,,,,,,79,73,68,14,31,9,10,31,20,58,14,30,32,77,86,10,68,11,15,10,83,10,71,65,68,6,22,25,10,26,18,10,12,13,68,65,67,Long Stride Awkward,18,71,10,82,14,85,28,6,6,6,6,21,8,79,20,11
m27-1,1831,Matt,Gulbin,Matt Gulbin,C,Washington Commanders,Commanders,23,76,312,Michigan St.,0,66,27,10,2002,64,Agile - C,Launch Ratings,1,,,,,,,,71,60,66,18,41,12,10,32,28,49,18,32,43,80,92,15,70,15,14,10,77,19,70,69,77,6,36,39,10,37,11,5,5,10,75,70,77,Long Stride Awkward,19,64,10,85,25,79,37,6,6,6,6,17,6,85,37,19
m27-1,10179,Matthew,Hibner,Matthew Hibner,TE,Baltimore Ravens,Ravens,24,76,251,SMU,0,88,9,3,2002,64,Vertical Threat - TE,Launch Ratings,1,,,,,,,,89,73,56,65,52,24,63,72,81,75,77,25,49,62,89,66,88,28,33,49,55,33,57,57,58,20,43,30,19,57,63,54,56,62,58,58,59,Long Stride Default,76,87,60,81,64,75,51,13,15,20,22,29,22,87,63,37
m27-1,16296,Miles,Scott,Miles Scott,FS,Denver Broncos,Broncos,24,72,210,Illinois,0,39,28,3,2002,64,Hybrid - S,Launch Ratings,1,,,,,,,,87,81,62,66,54,16,57,54,64,87,58,44,71,58,85,64,89,25,24,46,25,67,35,35,35,6,61,35,68,73,39,34,41,44,35,35,35,Default Stride Loose,68,87,58,91,46,64,62,6,6,6,6,26,12,93,55,69
m27-1,4773,Miles,Battle,Miles Battle,CB,Miami Dolphins,Dolphins,26,75,197,Utah,1,35,4,1,2000,64,Manto Man - CB,Launch Ratings,1,,,,,,,,90,88,56,63,42,14,45,63,69,87,60,33,59,47,88,70,88,14,15,45,15,65,35,35,35,6,54,25,69,72,31,25,30,35,35,35,35,Long Stride Loose,61,92,61,88,42,60,56,6,6,6,6,26,10,87,31,67
m27-1,10028,Mory,Bamba,Mory Bamba,CB,NY Jets,Jets,25,74,193,BYU,0,38,21,11,2000,64,Zone - CB,Launch Ratings,1,,,,,,,,93,87,58,59,48,10,57,60,61,80,54,35,57,53,87,71,87,12,15,46,11,62,35,35,35,6,54,30,64,71,32,14,17,20,35,35,35,Long Stride Loose,62,92,63,90,35,61,55,6,6,6,6,26,11,81,52,69
m27-1,21963,Myles,Adams,Myles Adams,DT,Detroit Lions,Lions,28,74,299,Rice,6,96,9,3,1998,64,Speed Rusher - DT,Launch Ratings,1,,,,,,,,74,64,70,24,71,12,22,34,29,56,20,62,79,80,87,24,71,10,15,10,29,18,45,45,45,6,68,73,14,78,20,4,8,15,45,45,45,Default Stride Awkward,16,65,22,71,32,80,75,6,6,6,6,25,14,75,27,23
m27-1,4681,Nikko,Reed,Nikko Reed,CB,Los Angeles Chargers,Chargers,23,70,180,Oregon,1,46,3,3,2003,64,Manto Man - CB,Launch Ratings,1,,,,,,,,91,85,56,66,42,11,50,57,65,80,62,34,57,48,86,72,78,15,17,50,15,67,30,30,30,6,55,23,71,71,24,11,18,28,35,35,35,Short Stride Loose,64,90,63,89,33,62,53,6,6,6,6,26,10,81,28,70
m27-1,23091,Patrick,McMorris,Patrick McMorris,FS,San Francisco 49ers,49ers,24,72,210,California,2,25,18,10,2001,64,Zone - S,Launch Ratings,1,,,,,,,,90,81,64,73,58,18,59,74,71,82,64,37,83,60,93,72,76,15,15,44,32,63,30,30,35,13,63,42,68,74,35,44,45,54,35,35,35,Default Stride Loose,67,87,67,84,59,63,63,22,27,32,20,41,25,80,61,67
m27-1,22844,Payne,Durham,Payne Durham,TE,Tampa Bay Buccaneers,Buccaneers,26,77,255,Purdue,3,87,15,6,2000,64,Possession - TE,Launch Ratings,1,,,,,,,,84,80,59,71,39,11,65,72,78,67,79,10,42,67,91,66,83,19,21,18,56,14,56,59,59,20,18,10,17,37,62,49,55,61,58,61,61,Long Stride Default,75,77,64,87,62,73,44,14,20,25,26,20,10,89,65,21
m27-1,22550,Qwuantrezz,Knight,Qwuantrezz Knight,SS,Washington Commanders,Commanders,28,72,199,UCLA,3,32,10,10,1997,64,Hybrid - S,Launch Ratings,1,,,,,,,,89,79,63,64,48,14,57,53,59,83,51,52,65,49,90,68,82,11,12,55,22,65,25,25,30,15,66,42,58,72,37,22,30,34,35,35,35,Default Stride Loose,54,85,63,84,42,57,69,11,13,16,14,29,11,79,33,65
m27-1,1276,Rashad,Wisdom,Rashad Wisdom,FS,Tampa Bay Buccaneers,Buccaneers,25,69,210,UTSA,2,38,6,6,2001,64,Run Support - S,Launch Ratings,1,,,,,,,,92,87,61,78,56,29,66,63,68,88,60,39,77,56,84,74,88,13,13,60,24,52,20,20,20,26,66,33,64,73,27,10,18,28,21,23,23,Default Stride Loose,64,87,65,83,55,57,67,10,12,23,24,25,24,85,66,63
m27-1,22446,Ryan,Van Demark,Ryan Van Demark,RT,Minnesota Vikings,Vikings,28,78,307,Connecticut,3,72,22,3,1998,64,Power - OT,Launch Ratings,1,,,,,,,,74,66,69,10,40,12,5,36,35,57,22,30,35,73,92,10,75,11,21,10,82,12,71,67,69,6,21,40,10,35,22,10,15,22,73,64,69,Long Stride Awkward,25,63,10,80,10,83,40,6,6,6,6,16,13,85,21,12
m27-1,15143,Seth,McLaughlin,Seth McLaughlin,C,Detroit Lions,Lions,25,76,304,Ohio State,1,65,27,8,2001,64,Power - C,Launch Ratings,1,,,,,,,,68,62,64,13,24,15,9,24,24,58,13,10,26,83,85,10,69,14,15,10,80,11,68,70,70,6,14,16,10,25,12,5,5,14,69,71,71,Default Stride Awkward,15,63,10,83,15,89,24,6,6,6,6,15,13,84,27,12
m27-1,22385,Skylar,Thompson,Skylar Thompson,QB,Baltimore Ravens,Ravens,29,74,219,Kansas State,4,11,4,6,1997,64,Strong Arm - QB,Launch Ratings,1,,,,,,,,84,83,59,75,22,65,53,56,34,79,16,10,20,17,85,60,76,19,23,10,22,10,12,12,15,78,14,10,10,30,14,12,14,15,22,19,20,Default,19,77,43,78,41,65,26,76,79,79,76,88,76,82,43,15
m27-1,21828,Stone,Forsythe,Stone Forsythe,LT,Carolina Panthers,Panthers,28,80,307,Florida,5,73,29,12,1997,64,Power - OT,Launch Ratings,1,,,,,,,,66,66,77,16,25,12,5,20,24,48,17,10,34,75,92,14,69,13,14,10,70,9,68,72,70,6,15,10,10,23,15,5,8,18,71,66,69,Default Stride Awkward,15,67,10,78,22,87,31,6,6,6,6,12,10,74,25,11
m27-1,4743,Swayze,Bozeman,Swayze Bozeman,MIKE,Cincinnati Bengals,Bengals,27,74,224,Southern Miss,1,47,2,11,1998,64,Field General - MLB,Launch Ratings,1,,,,,,,,91,78,58,43,63,21,33,43,51,80,47,55,80,74,86,52,86,18,21,10,22,54,45,45,45,6,56,51,43,80,27,17,20,23,45,45,45,Default Stride Loose,50,89,43,86,46,72,81,6,6,6,6,23,12,87,43,62
m27-1,22607,Tim,Jones,Tim Jones,WR,Jacksonville Jaguars,Jaguars,28,73,200,Southern Miss,5,13,15,5,1998,64,Deep Threat - WR,Launch Ratings,1,,,,,,,,86,82,63,74,35,18,65,74,79,83,78,10,40,47,90,75,93,13,18,73,21,22,17,20,27,6,25,10,27,41,73,65,69,72,22,19,48,Default Stride Loose,73,89,70,84,61,63,35,6,10,15,10,25,17,80,60,26
m27-1,16306,TJ,Hall,TJ Hall,CB,New Orleans Saints,Saints,22,73,188,Iowa,0,34,26,8,2004,64,Manto Man - CB,Launch Ratings,1,,,,,,,,88,79,61,67,46,16,56,58,62,88,60,41,57,45,84,70,86,16,18,59,14,67,35,35,35,24,60,34,73,69,29,34,40,41,35,35,35,Default Stride Loose,64,86,68,88,34,56,56,22,25,28,23,29,21,82,34,69
m27-1,1118,Travis,Glover,Travis Glover,RT,Green Bay Packers,Packers,26,78,317,Georgia State,2,79,17,8,2000,64,Power - OT,Launch Ratings,1,,,,,,,,69,50,69,10,37,9,11,22,25,51,10,35,40,80,94,10,69,8,9,10,79,9,68,70,69,6,24,42,10,38,12,5,7,10,69,68,73,Long Stride Awkward,12,63,10,83,24,86,44,6,8,11,7,19,5,87,21,8
m27-1,23370,Trevor,Nowaske,Trevor Nowaske,SAM,Detroit Lions,Lions,27,75,235,Saginaw Valley,3,53,7,11,1998,64,Run Stopper - OLB,Launch Ratings,1,,,,,,,,89,86,59,39,64,11,34,48,62,81,46,53,86,67,91,48,83,21,22,10,25,50,35,35,35,15,58,62,45,80,12,5,9,18,35,35,35,Default Stride High and Tight,53,88,44,79,52,74,74,12,16,19,14,24,14,77,47,55
m27-1,21555,Trey,Lance,Trey Lance,QB,Los Angeles Chargers,Chargers,26,76,226,North Dakota St.,5,5,9,5,2000,64,Strong Arm - QB,Launch Ratings,1,,,,,,,,90,89,33,85,38,76,77,68,51,85,31,22,50,37,86,77,82,18,29,43,26,32,17,15,18,83,34,20,32,54,21,14,18,27,15,18,27,Default,36,87,74,84,59,71,52,75,77,80,78,91,73,89,70,40
m27-1,4634,Tyler,Cooper,Tyler Cooper,RG,Washington Commanders,Commanders,25,77,302,Minnesota,1,63,20,4,2001,64,Power - G,Launch Ratings,1,,,,,,,,68,59,60,11,21,14,9,20,24,53,15,10,29,83,84,10,74,11,15,10,80,11,67,70,72,6,15,15,10,22,15,5,5,15,68,70,70,Default Stride Awkward,15,67,10,80,17,84,25,6,6,6,6,16,14,82,25,12
m27-1,16335,Wesley,Bissainthe,Wesley Bissainthe,MIKE,Kansas City Chiefs,Chiefs,22,69,230,Miami,0,59,23,5,2004,64,Pass Coverage - MLB,Launch Ratings,1,,,,,,,,89,79,55,55,62,12,24,60,64,71,49,48,80,67,81,65,80,31,34,52,45,65,45,45,44,6,54,52,44,80,14,5,5,15,46,45,47,Default Stride Loose,44,85,59,82,35,76,74,6,6,6,6,24,10,83,44,69
m27-1,14785,Will,Howard,Will Howard,QB,Pittsburgh Steelers,Steelers,24,76,236,Ohio State,1,18,24,9,2001,64,Field General - QB,Launch Ratings,1,,,,,,,,83,78,64,66,39,60,53,63,42,76,20,39,42,30,90,50,72,23,21,32,29,21,34,37,27,80,37,42,16,47,26,16,18,20,33,35,25,Default,19,81,46,86,31,68,41,78,77,82,81,86,76,92,38,21
m27-1,22984,Yasir,Abdullah,Yasir Abdullah,SAM,Jacksonville Jaguars,Jaguars,26,73,240,Louisville,3,56,12,4,2000,64,Run Stopper - OLB,Launch Ratings,1,,,,,,,,95,83,59,50,62,21,37,45,64,76,62,66,87,65,89,57,87,23,28,10,22,60,35,35,35,6,60,57,44,81,29,20,24,27,40,40,40,Default Stride Loose,59,90,52,74,32,70,75,6,7,9,7,20,10,76,40,50
m27-1,16321,Aiden,Fisher,Aiden Fisher,MIKE,Houston Texans,Texans,22,73,230,Indiana,0,59,23,12,2003,63,Field General - MLB,Launch Ratings,1,,,,,,,,87,81,62,32,67,34,38,58,67,70,34,55,79,73,89,52,85,15,17,15,21,57,46,45,52,29,60,52,45,81,11,17,22,27,45,52,40,Default Stride Awkward,29,85,47,90,47,68,78,32,35,38,28,28,26,85,45,64
m27-1,22987,Andre,Jones Jr,Andre Jones Jr,REDG,Buffalo Bills,Bills,27,77,258,UL Lafayette,3,59,25,10,1998,63,Power Rusher - DE,Launch Ratings,1,,,,,,,,90,78,62,48,71,22,44,44,49,71,43,57,81,69,91,47,76,22,24,25,42,36,35,35,35,10,61,66,45,82,32,33,35,38,40,40,40,Long Stride High and Tight,47,80,43,72,52,67,75,10,12,18,11,19,14,87,45,53
m27-1,4621,Austin,Keys,Austin Keys,WILL,Arizona Cardinals,Cardinals,24,74,247,Auburn,1,53,3,4,2002,63,Run Stopper - OLB,Launch Ratings,1,,,,,,,,86,70,62,44,62,24,42,58,35,72,45,57,79,71,83,49,87,17,21,10,22,56,45,45,45,6,58,56,44,80,20,16,19,22,45,45,45,Default Stride High and Tight,46,85,49,85,42,71,80,6,6,6,6,21,12,84,45,62
m27-1,15260,Bam,Martin-Scott,Bam Martin-Scott,WILL,Carolina Panthers,Panthers,26,74,231,South Carolina,1,54,4,7,2000,63,Run Stopper - OLB,Launch Ratings,1,,,,,,,,88,75,59,41,63,21,33,43,51,69,47,51,77,78,88,57,77,20,22,10,22,54,45,45,45,6,57,49,43,79,27,17,20,23,45,45,45,Default Stride Loose,50,85,43,86,48,74,77,6,6,6,6,23,12,87,43,61
m27-1,1849,Bauer,Sharp,Bauer Sharp,TE,Tampa Bay Buccaneers,Buccaneers,23,77,249,LSU,0,84,3,5,2003,63,Vertical Threat - TE,Launch Ratings,1,,,,,,,,83,82,57,69,25,37,68,66,77,75,75,20,25,58,92,71,84,26,27,58,53,19,55,54,55,36,29,20,18,28,65,53,57,63,56,55,56,Long Stride Default,79,85,65,88,62,71,25,31,34,40,36,57,35,91,59,21
m27-1,14952,Beau,Brade,Beau Brade,SS,NY Giants,Giants,24,72,209,Maryland,2,34,29,1,2002,63,Hybrid - S,Launch Ratings,1,,,,,,,,91,87,62,70,50,32,72,63,69,81,60,50,56,51,86,68,79,18,26,39,31,62,24,25,29,25,59,60,62,68,24,27,30,32,22,22,24,Default Stride Loose,60,84,66,83,68,61,69,39,37,42,32,36,23,89,58,65
m27-1,14784,Brady,Cook,Brady Cook,QB,NY Jets,Jets,24,74,214,Missouri,1,4,12,10,2001,63,Strong Arm - QB,Launch Ratings,1,,,,,,,,89,82,51,74,23,70,66,57,38,84,19,30,30,28,88,60,85,26,22,21,27,16,26,18,25,79,27,30,17,35,26,15,16,18,21,22,19,Default,18,85,56,88,42,67,32,71,77,79,80,88,72,88,47,17
m27-1,23298,Brandon,Pili,Brandon Pili,DT,Seattle Seahawks,Seahawks,27,75,334,USC,3,95,2,4,1999,63,Speed Rusher - DT,Launch Ratings,1,,,,,,,,72,60,68,14,73,12,16,23,22,49,13,55,77,86,80,17,72,9,10,10,26,12,40,40,40,5,67,62,11,70,12,5,8,10,45,45,45,Default Stride Awkward,12,61,16,72,25,82,73,5,6,7,6,18,5,88,30,14
m27-1,22578,Brandon,Walton,Brandon Walton,LT,Atlanta Falcons,Falcons,28,77,300,FAU,5,67,18,3,1998,63,Power - OT,Launch Ratings,1,,,,,,,,56,55,73,25,28,12,10,28,25,47,10,25,27,80,88,15,65,14,14,15,78,10,66,71,69,6,25,24,10,24,15,5,5,10,69,67,68,Long Stride Awkward,12,61,13,77,29,85,25,6,6,6,6,20,11,79,30,12
m27-1,22848,Brayden,Willis,Brayden Willis,TE,San Francisco 49ers,49ers,26,76,240,Oklahoma,3,9,11,11,1999,63,Possession - TE,Launch Ratings,1,,,,,,,,85,79,47,75,40,62,69,70,77,74,77,27,40,71,90,62,83,30,47,19,60,12,58,61,61,52,30,37,15,40,58,48,53,58,64,66,67,Long Stride Default,76,84,57,83,64,76,46,50,56,60,58,58,43,83,68,20
m27-1,4752,C.J.,Okoye,C.J. Okoye,DT,Baltimore Ravens,Ravens,24,78,370,No College,1,97,20,10,2001,63,Speed Rusher - DT,Launch Ratings,1,,,,,,,,61,56,62,23,70,12,15,32,35,46,22,62,79,89,88,21,66,11,17,10,26,16,45,45,45,6,60,69,15,71,15,5,7,15,45,45,45,Default Stride Awkward,19,58,17,82,24,89,78,6,6,6,6,20,10,88,32,20
m27-1,1569,Carlos,Washington Jr,Carlos Washington Jr,HB,Miami Dolphins,Dolphins,27,71,210,SE Louisiana,3,37,26,12,1998,63,Elusive Back - HB,Launch Ratings,1,,,,,,,,92,84,56,79,32,23,76,90,69,77,51,15,44,43,90,75,82,9,10,55,38,15,38,45,55,24,26,13,15,36,48,44,52,62,38,42,44,Default,53,86,71,84,74,73,38,17,21,24,23,25,15,87,80,21
m27-1,11222,Case,Keenum,Case Keenum,QB,Chicago Bears,Bears,38,73,220,Houston,14,11,17,2,1988,63,Strong Arm - QB,Launch Ratings,1,,,,,,,,71,72,63,65,22,75,54,62,33,70,10,10,12,25,84,53,78,24,22,10,15,10,20,27,21,78,22,10,10,24,15,10,10,10,10,10,17,Default,10,76,57,74,24,54,14,75,78,82,77,85,79,76,36,12
m27-1,23369,Chris,Glaser,Chris Glaser,RG,Dallas Cowboys,Cowboys,26,76,306,Virginia,4,64,1,10,1999,63,Agile - G,Launch Ratings,1,,,,,,,,69,68,64,23,35,8,31,26,28,56,21,23,39,75,91,21,69,11,11,10,80,10,69,67,68,7,30,33,10,25,14,9,10,13,68,66,67,Default Stride Awkward,23,65,20,79,30,86,32,6,8,10,6,20,7,80,30,10
m27-1,23088,D'Shawn,Jamison,D'Shawn Jamison,CB,Pittsburgh Steelers,Steelers,27,69,186,Texas,3,38,4,6,1999,63,Manto Man - CB,Launch Ratings,1,,,,,,,,91,91,61,79,38,11,75,59,68,85,61,35,53,39,87,83,80,9,10,80,15,67,25,25,30,11,56,25,59,67,15,12,17,27,35,35,35,Short Stride Loose,66,89,75,84,31,55,48,13,14,18,13,30,13,75,29,63
m27-1,1820,Dallen,Bentley,Dallen Bentley,TE,Denver Broncos,Broncos,25,76,253,Utah,0,89,31,12,2000,63,Vertical Threat - TE,Launch Ratings,1,,,,,,,,88,83,48,69,26,29,67,69,79,71,71,20,26,60,91,69,84,31,34,51,54,19,55,56,56,42,30,20,19,26,66,56,60,66,58,57,58,Long Stride Default,72,85,63,81,63,71,26,36,11,26,22,21,21,85,61,22
m27-1,10214,Dominic,DeLuca,Dominic DeLuca,WILL,Baltimore Ravens,Ravens,24,73,228,Penn State,0,42,20,7,2002,63,Run Stopper - OLB,Launch Ratings,1,,,,,,,,87,83,56,35,63,12,24,60,61,77,51,51,78,68,79,35,79,12,14,10,28,61,45,45,45,6,56,56,47,82,15,5,5,15,45,45,45,Default Stride Awkward,47,85,33,81,31,68,75,6,6,6,6,15,14,85,32,66
m27-1,23354,Dylan,Cook,Dylan Cook,RT,Pittsburgh Steelers,Steelers,28,78,305,Montana,4,60,11,1,1998,63,Power - OT,Launch Ratings,1,,,,,,,,64,61,67,22,55,9,14,23,22,50,15,34,55,76,90,12,76,11,15,10,81,10,74,69,72,6,34,41,10,45,10,5,11,15,69,63,66,Long Stride Awkward,21,69,12,79,39,80,45,6,6,6,6,19,6,86,30,12
m27-1,21868,Earnest,Brown IV,Earnest Brown IV,LEDG,Tennessee Titans,Titans,27,77,270,Northwestern,5,99,8,1,1999,63,Power Rusher - DE,Launch Ratings,1,,,,,,,,74,76,64,29,74,12,18,33,36,65,20,58,77,85,88,32,76,22,14,10,17,27,45,45,45,6,68,64,20,72,15,2,3,10,45,45,45,Long Stride Loose,22,72,26,71,39,83,72,6,6,6,6,11,16,80,28,40
m27-1,15192,Ethan,Downs,Ethan Downs,REDG,Kansas City Chiefs,Chiefs,23,76,263,Oklahoma,1,40,13,10,2002,63,Power Rusher - DE,Launch Ratings,1,,,,,,,,87,65,51,33,68,12,20,33,35,63,22,66,79,64,87,32,82,13,15,10,20,32,45,45,45,6,53,68,31,76,15,5,7,15,45,45,45,Long Stride High and Tight,22,83,27,77,35,83,76,6,6,6,6,21,10,86,31,42
m27-1,4674,Garmon,Randolph,Garmon Randolph,REDG,Los Angeles Chargers,Chargers,25,80,260,Baylor,1,97,5,10,2000,63,Smaller Speed Rusher - DE,Launch Ratings,1,,,,,,,,88,78,51,34,68,12,23,33,34,67,19,67,75,86,86,31,80,13,15,10,20,33,45,45,45,6,50,63,32,78,15,5,7,16,45,45,45,Long Stride Default,21,80,29,77,31,78,76,6,6,6,6,19,10,83,31,44
m27-1,16201,Garrett,Nussmeier,Garrett Nussmeier,QB,Kansas City Chiefs,Chiefs,24,74,203,LSU,0,14,6,2,2002,63,Field General - QB,Launch Ratings,1,,,,,,,,84,74,62,68,22,61,55,67,37,68,15,33,21,35,90,44,72,32,39,25,32,24,33,32,39,76,31,25,10,35,17,30,25,35,27,27,30,Long Stride Default,15,78,32,88,30,63,19,73,76,83,77,88,81,89,33,34
m27-1,21567,Gary,Brightwell,Gary Brightwell,HB,Cincinnati Bengals,Bengals,28,73,218,Arizona,5,32,28,2,1998,63,Elusive Back - HB,Launch Ratings,1,,,,,,,,86,81,66,78,33,25,76,84,59,82,48,15,34,41,90,77,83,14,19,75,39,17,37,41,47,17,16,13,19,39,43,35,45,55,25,19,38,Default Stride Loose,43,84,75,83,68,73,37,19,23,28,25,36,20,85,77,27
m27-1,4760,Greedy,Vance Jr,Greedy Vance Jr,CB,Las Vegas Raiders,Raiders,24,69,177,USC,1,22,8,10,2001,63,Manto Man - CB,Launch Ratings,1,,,,,,,,91,81,58,65,42,13,50,54,64,89,57,35,58,42,87,68,82,13,14,47,17,67,35,35,35,6,56,27,67,71,24,11,12,22,35,35,35,Default Stride Loose,65,87,60,88,33,55,52,6,6,6,6,35,10,84,29,69
m27-1,15154,Hayden,Conner,Hayden Conner,C,Arizona Cardinals,Cardinals,24,78,315,Texas,1,58,26,4,2002,63,Power - C,Launch Ratings,1,,,,,,,,75,63,65,33,39,12,35,38,21,57,32,38,41,80,89,18,52,22,19,20,77,10,67,70,69,6,29,42,10,28,28,26,27,31,69,71,71,Long Stride Awkward,33,65,20,88,35,86,35,6,6,6,6,23,6,88,35,11
m27-1,4733,Isaiah,Stalbird,Isaiah Stalbird,WILL,New Orleans Saints,Saints,26,73,215,S. Dakota St.,1,44,18,7,2000,63,Pass Coverage - OLB,Launch Ratings,1,,,,,,,,95,76,57,42,59,12,34,56,59,83,45,50,76,72,87,49,89,19,19,10,20,57,45,45,45,6,55,47,49,81,18,18,20,22,45,45,45,Default,45,89,42,88,41,66,78,6,6,6,6,25,10,85,42,64
m27-1,15145,Jack,Nelson,Jack Nelson,RT,Atlanta Falcons,Falcons,24,79,318,Wisconsin,1,69,15,1,2002,63,Power - OT,Launch Ratings,1,,,,,,,,71,64,66,17,35,17,6,34,27,53,24,33,30,80,87,11,69,18,17,10,77,11,71,69,70,6,28,34,10,30,16,5,5,16,70,68,69,Long Stride Awkward,19,67,12,86,15,84,25,6,6,6,6,17,11,87,27,12
m27-1,15251,Jackson,Woodard,Jackson Woodard,MIKE,Miami Dolphins,Dolphins,24,74,230,UNLV,1,42,2,7,2002,63,Field General - MLB,Launch Ratings,1,,,,,,,,87,77,62,46,62,12,37,52,52,76,50,52,77,73,88,47,86,20,20,10,24,56,45,45,45,6,60,51,43,79,27,19,20,21,45,45,45,Long Stride Loose,48,84,41,86,40,73,79,6,6,6,6,21,10,87,43,62
m27-1,10242,Jacob,Thomas,Jacob Thomas,SS,Minnesota Vikings,Vikings,22,73,212,J. Madison,0,39,30,5,2004,63,Zone - S,Launch Ratings,1,,,,,,,,87,86,61,64,55,17,49,57,63,82,26,37,68,50,87,72,87,14,13,45,20,58,35,35,35,6,59,32,65,74,21,29,21,24,35,35,35,Long Stride Default,55,91,54,86,45,63,63,6,6,6,6,24,9,84,39,64
m27-1,4782,Jahfari,Harvey,Jahfari Harvey,REDG,Las Vegas Raiders,Raiders,25,74,255,SMU,1,91,2,5,2001,63,Power Rusher - DE,Launch Ratings,1,,,,,,,,84,77,53,34,68,12,23,35,33,68,25,66,77,66,87,28,84,13,15,10,20,36,45,45,45,6,52,67,30,77,15,5,7,13,45,45,45,Long Stride Loose,24,80,27,79,31,78,77,6,6,6,6,19,10,85,29,49
m27-1,15107,Jake,Briningstool,Jake Briningstool,TE,Kansas City Chiefs,Chiefs,23,78,240,Clemson,1,88,9,12,2002,63,Vertical Threat - TE,Launch Ratings,1,,,,,,,,84,77,58,68,33,15,63,72,78,72,75,13,34,60,87,64,76,13,17,18,57,14,54,59,56,6,29,14,15,36,69,57,62,66,52,55,58,Long Stride High and Tight,76,81,55,82,62,71,37,6,10,15,10,24,10,81,64,19
m27-1,21652,James,Hudson III,James Hudson III,LT,New England Patriots,Patriots,27,77,313,Cincinnati,5,51,13,5,1999,63,Power - OT,Launch Ratings,1,,,,,,,,64,50,73,10,45,12,15,35,34,50,24,39,56,87,90,10,71,16,23,14,85,12,63,67,65,6,51,49,10,54,15,5,5,15,75,69,72,Default Stride Awkward,26,60,10,83,10,82,48,6,6,6,6,24,11,89,15,15
m27-1,4767,Jared,Bartlett,Jared Bartlett,WILL,Carolina Panthers,Panthers,25,74,237,Cincinnati,1,56,1,4,2001,63,Run Stopper - OLB,Launch Ratings,1,,,,,,,,90,81,59,45,63,22,35,52,54,73,45,54,78,71,86,51,78,11,20,10,33,54,45,45,45,6,57,51,46,80,20,15,24,15,45,45,45,Default Stride High and Tight,47,84,44,87,41,71,77,6,6,6,6,23,12,87,51,61
m27-1,22604,Joey,Blount,Joey Blount,FS,Arizona Cardinals,Cardinals,27,73,195,Virginia,4,32,16,11,1998,63,Hybrid - S,Launch Ratings,1,,,,,,,,93,86,62,79,51,27,74,61,62,80,54,40,77,49,85,75,90,14,15,40,18,58,29,29,29,15,63,35,65,65,25,19,24,28,33,33,33,Default Stride Loose,57,91,69,82,64,65,60,8,10,15,21,26,13,88,64,64
m27-1,15131,John,Williams,John Williams,LG,Green Bay Packers,Packers,24,76,322,Cincinnati,1,73,17,1,2002,63,Power - G,Launch Ratings,1,,,,,,,,71,54,65,11,27,12,8,21,22,57,16,14,26,78,88,11,62,13,18,10,77,10,66,68,70,6,29,29,10,21,18,5,5,11,68,67,68,Long Stride Awkward,17,67,15,86,13,87,29,6,6,6,6,20,13,87,27,10
m27-1,4786,Johnathan,Baldwin,Johnathan Baldwin,FS,Green Bay Packers,Packers,23,72,190,UNLV,1,37,8,2,2003,63,Zone - S,Launch Ratings,1,,,,,,,,93,80,60,62,49,20,52,59,64,81,55,34,73,52,88,65,78,17,18,50,25,61,35,35,35,6,58,31,62,72,25,15,20,25,35,35,35,Default Stride Loose,61,89,56,87,42,59,62,6,6,6,6,27,10,87,39,68
m27-1,21957,Jon,Rhattigan,Jon Rhattigan,MIKE,Chicago Bears,Bears,27,72,236,Army,5,46,2,2,1999,63,Field General - MLB,Launch Ratings,1,,,,,,,,84,75,55,45,65,12,48,58,59,71,37,55,75,78,83,41,78,20,20,10,54,50,49,49,49,6,65,51,40,81,34,20,31,34,51,52,51,Default Stride Loose,40,80,37,82,50,72,81,6,6,6,6,25,14,88,51,60
m27-1,15155,Jonah,Monheim,Jonah Monheim,C,Jacksonville Jaguars,Jaguars,24,76,310,USC,1,60,7,6,2002,63,Agile - C,Launch Ratings,1,,,,,,,,80,68,70,10,30,12,6,34,29,59,17,10,18,78,93,12,78,20,18,10,78,10,70,67,70,6,23,10,10,30,18,5,5,15,71,68,71,Long Stride Awkward,18,72,10,85,10,80,10,6,6,6,6,19,10,88,21,10
m27-1,4684,Jordan,Clark,Jordan Clark,CB,NY Jets,Jets,25,69,184,Notre Dame,1,33,22,4,2001,63,Manto Man - CB,Launch Ratings,1,,,,,,,,89,73,58,60,39,12,47,54,67,83,59,32,57,56,88,73,87,11,13,55,26,68,35,35,35,6,56,31,70,71,28,21,24,29,35,35,35,Default Stride Loose,62,88,61,87,29,60,56,6,6,6,6,23,10,86,31,68
m27-1,4710,Josh,Fryar,Josh Fryar,LT,Arizona Cardinals,Cardinals,24,77,320,Ohio State,1,78,12,2,2002,63,Power - OT,Launch Ratings,1,,,,,,,,78,61,58,12,25,12,13,24,21,56,15,10,25,79,86,10,72,15,15,10,77,12,68,71,71,6,12,14,10,23,12,5,5,13,67,69,68,Long Stride Awkward,16,70,10,80,14,86,26,6,6,6,6,12,10,81,22,11
m27-1,23351,Julian,Hill,Julian Hill,TE,New England Patriots,Patriots,26,76,251,Campbell Univ.,3,80,9,7,2000,63,Possession - TE,Launch Ratings,1,,,,,,,,85,72,55,76,37,52,62,70,74,73,76,10,26,67,87,69,83,15,15,35,62,15,55,54,60,45,23,10,21,36,65,51,60,64,59,57,60,Long Stride Loose,72,83,65,82,69,75,34,48,52,58,50,60,37,87,71,22
m27-1,10234,Justin,Pickett,Justin Pickett,RG,Las Vegas Raiders,Raiders,23,79,317,Duke,0,77,11,10,2002,63,Power - G,Launch Ratings,1,,,,,,,,78,65,60,21,29,12,12,40,22,59,16,28,35,74,89,10,69,11,15,10,71,8,69,71,71,6,21,41,10,35,15,5,5,15,72,70,69,Long Stride Awkward,15,72,10,82,15,86,44,6,6,6,6,21,10,86,30,9
m27-1,21821,Kayode,Awosika,Kayode Awosika,RG,Los Angeles Chargers,Chargers,27,77,315,Buffalo,5,74,27,10,1998,63,Power - G,Launch Ratings,1,,,,,,,,63,48,64,14,28,10,10,24,26,49,12,10,42,82,89,10,74,27,33,10,62,10,63,68,66,6,21,10,10,29,10,5,6,13,70,74,72,Default Stride Awkward,15,65,10,78,18,86,35,5,6,7,6,15,5,84,22,10
m27-1,16283,Kejon,Owens,Kejon Owens,HB,Minnesota Vikings,Vikings,24,71,210,FIU,0,35,5,12,2001,63,Power Back - HB,Launch Ratings,1,,,,,,,,91,75,64,80,35,24,78,89,67,76,49,28,37,46,91,77,80,27,35,74,43,25,30,33,50,25,28,31,24,32,48,43,51,59,33,35,42,Default,49,85,70,85,72,74,31,15,17,21,22,31,22,89,77,33
m27-1,1497,Kendell,Brooks,Kendell Brooks,FS,Tennessee Titans,Titans,26,72,206,Michigan St.,3,30,3,3,2000,63,Hybrid - S,Launch Ratings,1,,,,,,,,92,77,57,66,54,15,60,55,58,81,52,40,74,53,82,72,85,13,17,50,28,62,35,35,35,5,58,35,66,78,23,13,21,25,35,35,35,Default Stride Loose,56,91,65,84,55,63,65,6,6,6,5,31,5,83,51,67
m27-1,22646,Kendric,Pryor,Kendric Pryor,WR,Cincinnati Bengals,Bengals,28,71,189,Wisconsin,4,19,6,1,1998,63,Deep Threat - WR,Launch Ratings,1,,,,,,,,91,84,49,74,20,32,64,69,76,84,73,14,29,40,90,81,90,15,17,63,24,22,15,13,25,23,25,12,17,35,52,61,64,63,33,29,45,Default Stride Loose,80,92,74,82,40,52,27,24,26,31,35,30,21,81,37,29
m27-1,10208,Kevin,Cline,Kevin Cline,RT,Miami Dolphins,Dolphins,25,78,316,Boston College,0,79,29,5,2001,63,Power - OT,Launch Ratings,1,,,,,,,,71,49,55,12,31,12,18,26,26,53,17,30,44,77,85,10,71,12,10,10,76,12,69,70,70,6,18,29,10,24,13,5,5,13,73,71,71,Long Stride Awkward,13,55,10,84,15,89,39,6,6,6,6,15,10,89,24,13
m27-1,14802,Kurtis,Rourke,Kurtis Rourke,QB,San Francisco 49ers,49ers,25,76,220,Indiana,1,14,25,10,2000,63,Field General - QB,Launch Ratings,1,,,,,,,,78,75,67,69,30,61,57,59,49,72,17,30,30,30,82,52,70,30,25,23,28,20,34,35,24,75,48,28,17,24,27,17,18,18,33,33,23,Long Stride Default,18,76,51,87,35,67,35,71,75,80,74,90,71,81,45,21
m27-1,24426,Kyle,Hinton,Kyle Hinton,LG,Atlanta Falcons,Falcons,28,74,315,Washburn,6,68,27,2,1998,63,Agile - G,Launch Ratings,1,,,,,,,,75,59,63,10,30,12,5,40,39,55,10,22,38,81,89,10,83,25,25,10,83,12,69,65,67,6,30,33,10,29,12,5,13,21,66,63,64,Default Stride Awkward,12,74,10,81,10,87,37,6,6,6,6,30,13,86,15,15
m27-1,1404,Levelle,Bailey,Levelle Bailey,WILL,Denver Broncos,Broncos,25,74,225,Fresno State,2,56,4,12,2000,63,Run Stopper - OLB,Launch Ratings,1,,,,,,,,78,76,66,45,65,12,27,62,68,75,57,54,76,70,91,48,77,16,10,10,17,58,45,45,45,6,64,65,51,79,16,6,11,21,45,45,45,Default,59,81,40,85,32,69,77,6,6,6,6,36,10,83,36,64
m27-1,23278,Lew,Nichols,Lew Nichols,HB,Pittsburgh Steelers,Steelers,25,70,220,Central Michigan,3,35,16,8,2001,63,Elusive Back - HB,Launch Ratings,1,,,,,,,,92,81,65,80,25,26,69,86,64,83,60,10,39,46,90,74,88,11,12,56,34,19,44,46,45,15,12,10,18,37,44,40,46,54,40,40,40,Default Stride Loose,65,85,67,85,79,68,32,18,20,22,14,32,11,89,79,21
m27-1,10233,Lincoln,Pare,Lincoln Pare,HB,Indianapolis Colts,Colts,25,68,200,Texas State,0,36,29,6,2001,63,Elusive Back - HB,Launch Ratings,1,,,,,,,,90,79,56,79,22,23,75,92,69,77,51,25,28,40,89,78,88,23,21,55,40,17,25,28,48,22,23,31,23,25,54,50,54,62,34,38,41,Default,51,87,71,82,68,71,26,15,20,24,26,33,24,87,70,22
m27-1,15134,Logan,Brown,Logan Brown,RT,Seattle Seahawks,Seahawks,25,78,311,Kansas,1,73,17,4,2001,63,Power - OT,Launch Ratings,1,,,,,,,,75,60,61,12,31,12,9,25,22,64,14,14,32,80,84,10,78,13,15,10,79,11,68,69,68,6,16,20,10,29,13,5,5,12,69,69,70,Long Stride Awkward,14,66,10,81,15,86,32,6,6,6,6,17,13,80,25,12
m27-1,22346,Lucas,Krull,Lucas Krull,TE,Denver Broncos,Broncos,28,78,260,Pittsburgh,3,85,11,7,1998,63,Vertical Threat - TE,Launch Ratings,1,,,,,,,,87,78,67,74,23,29,57,72,78,69,70,14,39,58,87,64,84,11,15,25,53,13,52,54,58,23,25,12,17,32,64,51,60,64,52,48,56,Long Stride Loose,76,84,57,79,69,68,36,32,39,47,21,65,22,77,63,14
m27-1,16157,Major,Burns,Major Burns,SS,Miami Dolphins,Dolphins,24,74,200,LSU,1,43,22,5,2002,63,Hybrid - S,Launch Ratings,1,,,,,,,,92,79,60,67,52,25,52,60,64,77,53,34,77,56,85,67,89,15,19,42,25,63,34,33,35,16,57,33,61,73,25,17,20,27,34,33,35,Default,57,89,58,89,45,61,68,13,17,21,21,32,18,86,49,65
m27-1,21685,Malik,Herring,Malik Herring,LEDG,Tennessee Titans,Titans,27,75,275,Georgia,5,93,9,11,1998,63,Power Rusher - DE,Launch Ratings,1,,,,,,,,78,68,59,42,71,12,34,42,34,53,27,65,83,86,85,41,74,10,14,10,24,15,45,45,45,6,56,72,19,73,26,17,21,24,45,45,45,Long Stride Loose,34,74,34,72,42,78,78,6,6,6,6,12,10,78,33,21
m27-1,22134,Marquis,Hayes,Marquis Hayes,LG,NY Jets,Jets,27,77,318,Oklahoma,4,77,14,2,1999,63,Power - G,Launch Ratings,1,,,,,,,,67,53,58,18,35,10,15,20,21,51,11,18,38,84,90,17,63,12,15,10,69,10,62,69,65,6,19,20,10,24,8,8,10,12,67,74,71,Default Stride Awkward,16,62,16,83,30,86,28,6,6,6,6,20,10,86,30,10
m27-1,21059,Mason,Kinsey,Mason Kinsey,WR,Tennessee Titans,Titans,28,70,203,Berry College,6,12,29,8,1998,63,Deep Threat - WR,Launch Ratings,1,,,,,,,,84,77,55,78,30,21,69,73,81,77,77,10,28,37,87,77,87,15,17,78,21,20,10,10,26,6,23,10,22,33,63,72,71,72,12,15,35,Short Stride Default,80,85,70,83,41,60,31,6,10,15,10,26,17,79,31,28
m27-1,1880,Michael,Trigg,Michael Trigg,TE,Dallas Cowboys,Cowboys,24,76,240,Baylor,0,46,27,6,2002,63,Vertical Threat - TE,Launch Ratings,1,,,,,,,,88,80,57,70,43,20,64,70,75,72,78,40,57,61,82,70,75,28,26,43,52,18,54,56,55,18,44,43,18,40,65,57,57,63,57,55,56,Long Stride Default,81,85,64,81,65,73,50,13,15,20,21,31,20,81,61,22
m27-1,22537,Mike,Brown,Mike Brown,FS,New England Patriots,Patriots,27,73,222,Miami Univ.,4,33,7,4,1999,63,Run Support - S,Launch Ratings,1,,,,,,,,87,83,62,63,60,14,35,63,65,77,49,50,83,54,90,64,80,11,12,35,15,58,35,35,35,6,63,44,63,76,15,10,10,15,35,35,35,Default Stride Loose,55,88,59,84,49,66,65,6,7,9,7,30,5,88,52,65
m27-1,4679,Myles,Purchase,Myles Purchase,CB,Los Angeles Chargers,Chargers,23,71,205,Iowa State,1,41,26,11,2002,63,Manto Man - CB,Launch Ratings,1,,,,,,,,92,71,57,63,43,14,49,55,64,77,58,35,57,48,87,70,84,13,14,52,15,69,30,30,30,6,56,29,69,72,24,17,19,22,35,35,35,Short Stride Loose,62,89,60,85,33,61,50,6,6,6,6,25,10,76,30,68
m27-1,4613,Nate,Valcarcel,Nate Valcarcel,SS,Los Angeles Rams,Rams,24,72,194,N. Illinois,1,43,23,5,2002,63,Hybrid - S,Launch Ratings,1,,,,,,,,92,87,59,63,50,14,53,62,65,89,57,33,76,59,87,63,83,14,18,42,25,62,35,35,35,6,57,33,59,73,23,16,21,26,35,35,35,Long Stride Loose,57,88,59,87,45,58,64,6,6,6,6,24,12,86,50,64
m27-1,1444,Natrone,Brooks,Natrone Brooks,CB,Atlanta Falcons,Falcons,26,70,175,Southern Miss,3,35,11,12,1999,63,Zone - CB,Launch Ratings,1,,,,,,,,90,82,66,64,45,16,51,63,71,79,62,34,57,43,90,72,76,12,14,50,10,63,25,25,25,15,63,26,63,71,20,21,23,27,30,30,30,Default Stride Loose,68,88,64,85,29,50,56,18,24,29,22,29,16,82,30,65
m27-1,22860,Nick,Broeker,Nick Broeker,LG,Buffalo Bills,Bills,25,76,305,Ole Miss,3,65,7,10,2000,63,Power - G,Launch Ratings,1,,,,,,,,74,60,72,24,32,14,26,42,35,56,30,26,29,73,92,24,68,15,19,10,78,11,67,71,69,6,32,38,10,35,15,18,21,24,70,66,68,Default Stride Awkward,33,63,23,85,21,81,26,6,8,10,6,25,10,81,30,12
m27-1,22111,Nick,Zakelj,Nick Zakelj,LG,San Francisco 49ers,49ers,27,78,316,Fordham,4,63,22,6,1999,63,Agile - G,Launch Ratings,1,,,,,,,,82,59,70,33,40,12,27,35,37,56,25,32,39,78,92,25,71,14,17,10,79,10,70,64,67,6,33,37,10,41,31,22,26,30,66,61,63,Long Stride Awkward,32,67,22,85,38,85,35,6,6,6,6,17,14,84,32,10
m27-1,10029,Nick,Andersen,Nick Andersen,FS,Los Angeles Rams,Rams,24,71,197,Wake Forest,0,45,28,1,2002,63,Hybrid - S,Launch Ratings,1,,,,,,,,89,86,55,62,45,14,51,60,64,77,26,36,76,53,89,75,84,16,15,51,25,62,35,35,35,6,55,30,68,76,24,18,23,25,35,35,35,Default Stride Loose,54,87,61,88,33,63,71,6,6,6,6,28,10,84,49,67
m27-1,10222,Nikhai,Hill-Green,Nikhai Hill-Green,WILL,Los Angeles Rams,Rams,25,74,235,Alabama,0,54,30,12,2000,63,Pass Coverage - OLB,Launch Ratings,1,,,,,,,,88,81,54,54,61,12,37,50,64,74,56,47,82,70,93,65,83,19,26,35,16,68,45,45,45,6,56,52,49,81,15,5,5,15,45,45,45,Default Stride Loose,50,84,55,87,38,71,73,6,6,6,6,24,10,85,41,73
m27-1,4719,PJ,Jules,PJ Jules,SS,Cincinnati Bengals,Bengals,25,72,203,S. Illinois,2,37,18,5,2001,63,Hybrid - S,Launch Ratings,1,,,,,,,,92,78,60,63,47,14,46,61,67,81,53,34,73,59,89,61,83,14,18,65,12,65,35,35,35,6,58,32,66,74,30,24,29,33,35,35,35,Long Stride Loose,60,89,58,88,43,65,61,6,6,6,6,25,18,84,35,67
m27-1,14799,Quinn,Ewers,Quinn Ewers,QB,Miami Dolphins,Dolphins,23,74,214,Texas,1,14,15,3,2003,63,Field General - QB,Launch Ratings,1,,,,,,,,77,74,65,60,30,57,54,54,41,74,27,27,23,26,86,49,70,32,33,18,25,38,23,21,27,86,46,27,30,46,28,23,18,25,17,20,19,Default,33,78,37,89,29,66,23,72,78,81,78,86,77,85,30,19
m27-1,21625,Quintin,Morris,Quintin Morris,TE,Jacksonville Jaguars,Jaguars,27,74,243,Bowling Green St.,5,80,21,1,1999,63,Vertical Threat - TE,Launch Ratings,1,,,,,,,,85,77,62,77,35,31,66,73,80,65,77,32,33,56,89,71,82,14,15,44,45,22,51,47,53,12,33,38,24,41,66,54,57,56,56,53,57,Default Stride Loose,80,82,65,83,65,72,42,10,15,24,20,29,11,76,64,28
m27-1,22981,Robert,Beal Jr,Robert Beal Jr,LEDG,Miami Dolphins,Dolphins,27,76,250,Georgia,3,51,18,8,1999,63,Power Rusher - DE,Launch Ratings,1,,,,,,,,92,75,66,47,67,15,37,45,44,71,35,57,79,81,88,48,77,14,14,10,43,34,45,45,45,6,61,67,48,77,38,22,31,33,45,45,45,Default Stride Loose,41,90,44,69,50,68,70,6,6,6,6,21,11,75,40,50
m27-1,21090,Sean,McKeon,Sean McKeon,TE,Indianapolis Colts,Colts,28,77,255,Michigan,6,49,28,12,1997,63,Vertical Threat - TE,Launch Ratings,1,,,,,,,,83,74,59,61,38,14,52,68,79,72,76,36,43,63,84,60,84,19,21,18,55,14,54,58,59,6,38,41,17,40,64,55,60,64,55,58,59,Long Stride Default,78,83,58,82,61,72,52,6,10,15,10,30,10,81,60,21
m27-1,16344,Seydou,Traore,Seydou Traore,TE,Miami Dolphins,Dolphins,24,76,235,Mississippi St.,0,49,12,8,2002,63,Vertical Threat - TE,Launch Ratings,1,,,,,,,,85,80,53,68,26,28,67,71,82,78,72,20,22,56,82,69,91,32,34,54,52,18,54,53,54,37,47,20,20,28,64,55,59,65,55,54,55,Default,73,85,64,87,61,72,29,21,34,33,25,25,27,92,58,21
m27-1,10247,Silas,Walters,Silas Walters,FS,Baltimore Ravens,Ravens,24,71,199,Miami Univ.,0,36,20,7,2002,63,Hybrid - S,Launch Ratings,1,,,,,,,,89,85,56,66,51,11,53,54,61,86,58,44,71,56,86,64,91,14,24,50,25,62,35,35,35,6,57,33,68,76,22,21,23,25,35,35,35,Default Stride Loose,62,88,57,87,45,62,66,6,6,6,6,23,12,87,53,67
m27-1,4730,Smith,Vilbert,Smith Vilbert,DT,Minnesota Vikings,Vikings,25,78,282,North Carolina,0,91,11,5,2001,63,Speed Rusher - DT,Launch Ratings,1,,,,,,,,79,60,62,11,72,19,19,32,34,58,24,57,79,81,80,29,73,17,15,16,21,16,45,45,45,6,61,65,18,74,12,7,7,15,45,45,45,Long Stride Awkward,27,69,24,77,17,79,77,6,6,6,6,19,10,80,40,18
m27-1,22714,Stetson,Bennett IV,Stetson Bennett IV,QB,Los Angeles Rams,Rams,28,71,190,Georgia,3,13,28,10,1997,63,Strong Arm - QB,Launch Ratings,1,,,,,,,,90,84,61,79,11,66,49,55,27,84,10,9,16,25,86,62,80,22,28,10,22,9,14,12,14,79,13,10,10,26,13,10,10,10,20,17,24,Default,13,84,44,81,39,55,20,73,74,81,78,87,75,85,36,13
m27-1,13013,Storm,Norton,Storm Norton,LT,Atlanta Falcons,Falcons,32,79,310,Toledo,9,77,16,5,1994,63,Power - OT,Launch Ratings,1,,,,,,,,70,67,79,14,39,12,8,22,27,52,22,15,20,81,90,10,71,21,22,10,83,13,62,65,63,6,20,25,10,29,21,15,15,15,75,68,72,Default Stride Awkward,15,64,10,85,27,82,29,6,6,6,6,30,10,86,33,15
m27-1,1347,Storm,Duck,Storm Duck,CB,Miami Dolphins,Dolphins,25,72,195,Louisville,2,29,15,12,2000,63,Zone - CB,Launch Ratings,1,,,,,,,,92,80,62,63,47,14,55,62,71,86,62,42,59,46,85,71,92,15,20,69,15,60,25,25,25,5,60,35,63,69,27,20,26,30,25,25,25,Default Stride Loose,64,91,66,83,32,63,52,6,7,11,6,17,9,79,35,64
m27-1,4771,Tanner,Ingle,Tanner Ingle,FS,Los Angeles Rams,Rams,26,68,186,N.C. State,1,34,29,10,1999,63,Zone - S,Launch Ratings,1,,,,,,,,92,85,60,64,43,15,55,55,63,81,59,33,72,49,89,70,88,11,15,73,11,67,35,35,35,6,58,31,64,73,25,10,15,20,35,35,35,Default Stride Loose,65,86,58,87,35,59,60,6,6,6,6,27,11,87,31,68
m27-1,22349,Teagan,Quitoriano,Teagan Quitoriano,TE,Arizona Cardinals,Cardinals,26,78,258,Oregon State,4,47,15,3,2000,63,Possession - TE,Launch Ratings,1,,,,,,,,73,72,57,64,44,18,61,75,76,65,79,32,43,68,91,60,78,19,24,15,50,10,55,56,56,6,36,38,10,45,60,52,61,66,56,62,61,Long Stride Default,78,74,55,83,65,78,46,6,10,15,10,25,9,82,67,12
m27-1,16195,Tim,Keenan III,Tim Keenan III,DT,Los Angeles Rams,Rams,23,73,327,Alabama,0,96,9,12,2002,63,Power Rusher - DT,Launch Ratings,1,,,,,,,,67,61,60,24,75,12,15,40,26,51,24,65,78,87,86,24,74,19,15,10,22,24,45,45,45,6,58,71,15,76,28,3,12,14,45,45,45,Default Stride Awkward,24,62,24,74,41,83,76,6,6,6,6,14,10,85,42,15
m27-1,21896,Tomon,Fox,Tomon Fox,REDG,Los Angeles Rams,Rams,28,75,245,North Carolina,4,51,16,3,1998,63,Smaller Speed Rusher - DE,Launch Ratings,1,,,,,,,,84,77,55,32,67,12,23,40,36,69,25,69,72,73,90,42,79,16,15,20,21,38,45,45,45,6,58,63,39,83,30,4,8,15,45,45,45,Default Stride Loose,29,81,35,74,35,77,71,6,6,6,6,28,12,76,34,46
m27-1,1130,Travis,Clayton,Travis Clayton,LT,Buffalo Bills,Bills,25,79,301,No College,2,67,17,2,2001,63,Power - OT,Launch Ratings,1,,,,,,,,82,72,51,25,35,21,14,41,39,58,35,23,46,75,87,33,66,46,53,10,84,9,74,64,69,12,25,31,7,41,28,24,26,31,72,68,70,Long Stride Awkward,37,79,30,74,47,79,33,16,22,24,11,29,7,81,41,9
m27-1,4671,Treven,Ma'ae,Treven Ma'ae,DT,Las Vegas Raiders,Raiders,25,75,291,Baylor,1,68,26,2,2001,63,Speed Rusher - DT,Launch Ratings,1,,,,,,,,86,69,56,22,70,12,14,36,34,61,22,61,76,85,87,19,80,12,18,10,27,16,45,45,45,6,54,64,17,70,15,5,7,15,45,45,45,Default Stride Awkward,21,77,18,85,28,83,77,6,6,6,6,20,10,86,31,20
m27-1,4747,Trevian,Thomas,Trevian Thomas,CB,Jacksonville Jaguars,Jaguars,24,71,196,Arkansas St.,1,34,4,3,2002,63,Manto Man - CB,Launch Ratings,1,,,,,,,,91,81,55,63,43,11,49,55,65,78,56,33,57,43,87,69,86,18,12,50,15,67,30,30,30,6,53,28,69,69,24,12,18,24,35,35,35,Default Stride Loose,63,90,61,86,32,62,52,6,6,6,6,25,10,82,27,68
m27-1,1119,Tylan,Grable,Tylan Grable,LT,Buffalo Bills,Bills,26,77,309,UCF,2,68,4,10,1999,63,Power - OT,Launch Ratings,1,,,,,,,,81,73,68,52,45,49,34,57,51,65,49,46,52,79,88,46,87,13,13,10,79,12,69,70,69,35,42,57,10,51,51,33,35,43,70,67,70,Long Stride Awkward,55,74,44,81,57,81,48,45,48,52,39,57,35,79,58,13
m27-1,15196,Tyler,Batty,Tyler Batty,LEDG,Minnesota Vikings,Vikings,27,78,271,BYU,1,92,2,5,1999,63,Power Rusher - DE,Launch Ratings,1,,,,,,,,81,77,52,30,69,12,21,35,36,65,20,67,77,62,84,31,82,13,15,10,20,35,45,45,45,6,54,66,31,77,15,5,7,13,45,45,45,Long Stride Loose,21,80,29,76,32,83,77,6,6,6,6,20,10,83,29,44
m27-1,1886,Vincent,Anthony Jr.,Vincent Anthony Jr.,LEDG,Kansas City Chiefs,Chiefs,22,78,260,Duke,0,98,26,4,2004,63,Smaller Speed Rusher - DE,Launch Ratings,1,,,,,,,,85,79,60,35,70,15,32,43,53,67,45,65,75,81,84,35,79,28,16,10,35,35,45,45,45,6,58,66,36,79,16,10,10,10,45,45,45,Long Stride Loose,43,78,31,82,34,69,74,6,6,6,6,17,14,80,32,50
m27-1,15022,Walter,Rouse,Walter Rouse,RT,Minnesota Vikings,Vikings,25,78,330,Oklahoma,2,73,9,3,2001,63,Power - OT,Launch Ratings,1,,,,,,,,66,55,64,15,22,12,10,25,38,53,15,15,38,81,90,20,80,21,25,10,80,8,70,71,72,6,10,15,9,21,20,5,5,10,71,70,71,Long Stride Awkward,15,64,22,81,15,83,37,6,7,10,7,22,8,86,35,8
m27-1,21689,William,Bradley-King,William Bradley-King,LEDG,San Francisco 49ers,49ers,28,75,265,Baylor,5,69,22,12,1997,63,Smaller Speed Rusher - DE,Launch Ratings,1,,,,,,,,86,73,69,24,65,12,18,31,28,62,25,65,70,71,91,37,83,11,16,10,21,20,45,45,45,6,56,55,22,77,14,6,7,17,45,45,45,Default Stride Awkward,23,78,38,72,34,70,72,6,6,6,6,23,10,68,25,32
m27-1,4704,William,Wagner,William Wagner,LS,Cincinnati Bengals,Bengals,25,74,240,Michigan,1,46,20,12,2000,63,Accurate - LS,Launch Ratings,1,,,,,,,,75,66,54,27,38,10,15,61,51,62,51,10,46,64,90,27,72,15,14,10,48,15,45,48,52,6,32,10,11,49,21,25,31,39,43,44,47,Default Stride Awkward,47,73,22,75,46,71,51,6,6,10,6,35,9,81,34,19
m27-1,10232,Xavier,Nwankpa,Xavier Nwankpa,FS,Kansas City Chiefs,Chiefs,22,74,213,Iowa,0,29,8,12,2003,63,Zone - S,Launch Ratings,1,,,,,,,,88,85,57,63,53,14,51,60,66,78,26,35,71,50,89,61,89,15,19,42,25,58,35,35,35,6,55,36,67,73,21,24,28,23,35,35,35,Default Stride Loose,60,90,56,88,41,62,69,6,6,6,6,24,12,86,43,66
m27-1,10245,Zelmar,Vedder,Zelmar Vedder,CB,Kansas City Chiefs,Chiefs,23,75,195,Houston,0,47,20,8,2003,63,Zone - CB,Launch Ratings,1,,,,,,,,91,87,59,54,46,21,56,64,68,88,67,34,56,46,87,78,91,17,15,45,19,63,35,35,35,6,56,30,66,68,39,15,19,22,35,35,35,Default Stride Loose,70,89,63,87,35,56,57,6,6,6,6,25,13,85,35,64
m27-1,4745,Zion,Childress,Zion Childress,SS,Dallas Cowboys,Cowboys,24,71,203,Kentucky,1,48,21,1,2002,63,Hybrid - S,Launch Ratings,1,,,,,,,,91,81,60,61,43,24,49,56,62,80,58,33,57,48,89,70,81,13,14,52,15,70,30,30,30,16,58,27,68,72,24,17,19,27,35,35,35,Short Stride Loose,62,88,60,87,33,57,55,16,20,26,22,35,23,83,30,69
m27-1,23111,Alex,Ward,Alex Ward,LS,Las Vegas Raiders,Raiders,27,76,236,UCF,3,47,21,4,1999,62,Accurate - LS,Launch Ratings,1,,,,,,,,77,72,52,45,40,16,25,52,48,71,48,25,49,62,90,52,74,12,14,25,46,16,45,44,45,6,25,20,20,43,25,39,42,44,49,44,48,Default Stride Awkward,47,69,47,74,42,66,46,9,15,24,6,31,10,78,48,24
m27-1,1346,Andrew,Meyer,Andrew Meyer,C,Miami Dolphins,Dolphins,26,75,295,UTEP,2,60,14,1,2000,62,Power - C,Launch Ratings,1,,,,,,,,73,52,58,17,29,10,8,21,22,60,11,10,30,79,92,10,74,10,10,10,78,10,70,73,72,6,10,10,10,33,10,5,7,12,68,71,69,Default Stride Awkward,13,70,10,82,25,86,25,6,6,6,6,17,10,85,25,10
m27-1,22657,Arron,Mosby,Arron Mosby,REDG,Green Bay Packers,Packers,27,76,245,Fresno State,4,53,13,4,1999,62,Smaller Speed Rusher - DE,Launch Ratings,1,,,,,,,,85,67,58,50,73,17,44,53,54,61,46,67,80,76,90,62,74,13,14,30,24,49,35,35,35,15,55,58,61,78,16,6,14,24,45,45,45,Long Stride Default,50,81,55,76,42,76,75,10,10,15,15,31,13,82,42,57
m27-1,10201,Athan,Kaliakmanis,Athan Kaliakmanis,QB,Washington Commanders,Commanders,23,74,216,Rutgers,0,16,20,8,2003,62,Field General - QB,Launch Ratings,1,,,,,,,,76,83,61,63,23,70,63,71,52,78,21,22,26,19,97,59,73,23,20,31,20,10,15,15,15,75,14,17,14,26,19,29,25,32,10,15,21,Default Stride High and Tight,25,75,50,95,44,65,17,74,75,79,83,87,75,96,48,13
m27-1,22870,Atonio,Mafi,Atonio Mafi,LG,Las Vegas Raiders,Raiders,25,75,329,UCLA,3,56,20,10,2000,62,Power - G,Launch Ratings,1,,,,,,,,54,53,60,20,55,15,15,40,30,50,10,45,69,73,92,10,61,22,27,10,76,10,62,70,65,6,56,66,10,60,20,5,5,10,68,71,72,Default Stride Awkward,10,55,10,75,30,84,67,6,6,6,7,22,11,87,20,14
m27-1,1842,Austin,Brown,Austin Brown,FS,Indianapolis Colts,Colts,22,71,199,Wisconsin,0,31,5,10,2003,62,Run Support - S,Launch Ratings,1,,,,,,,,89,82,57,63,68,16,45,51,64,84,26,31,77,57,87,64,92,15,16,51,47,55,35,35,53,6,54,37,62,72,25,29,22,25,35,35,35,Default Stride Loose,41,89,57,87,44,66,72,6,6,6,6,31,11,85,42,61
m27-1,22834,Ben,Sims,Ben Sims,TE,Miami Dolphins,Dolphins,26,77,250,Baylor,3,89,16,5,2000,62,Vertical Threat - TE,Launch Ratings,0,,,,,,,,88,69,57,75,25,19,58,76,77,71,75,10,33,56,92,65,86,13,18,10,61,12,51,52,53,7,22,10,10,34,57,54,62,65,57,53,55,Long Stride High and Tight,79,85,63,78,62,69,28,7,10,15,11,27,12,79,57,14
m27-1,4665,Benjamin,Yurosek,Benjamin Yurosek,TE,Minnesota Vikings,Vikings,24,76,251,Georgia,1,85,17,3,2002,62,Vertical Threat - TE,Launch Ratings,1,,,,,,,,91,78,55,66,31,15,62,68,76,74,72,12,35,61,85,62,77,14,17,13,54,14,57,59,58,6,20,12,15,35,66,54,58,64,54,52,56,Long Stride Default,74,84,53,80,59,72,37,6,10,15,10,25,10,80,67,16
m27-1,22838,Blake,Whiteheart,Blake Whiteheart,TE,Cleveland Browns,Browns,26,76,247,Wake Forest,3,86,22,3,2000,62,Vertical Threat - TE,Launch Ratings,1,,,,,,,,88,82,61,74,32,14,60,71,75,77,72,15,44,63,91,70,85,14,20,40,61,10,55,49,58,15,26,20,17,43,64,51,56,61,55,52,60,Long Stride Loose,76,82,65,80,65,72,42,21,24,30,16,33,15,88,62,12
m27-1,21753,Brandon,Smith,Brandon Smith,WR,Pittsburgh Steelers,Steelers,27,73,218,Iowa,5,87,10,12,1998,62,Deep Threat - WR,Launch Ratings,1,,,,,,,,90,74,52,77,33,22,78,73,74,71,74,10,37,59,90,74,92,11,17,50,40,16,30,29,44,17,22,10,20,41,76,57,61,62,27,33,51,Default Stride Loose,82,83,65,84,56,70,35,19,22,27,28,33,19,81,62,24
m27-1,4629,Branson,Combs,Branson Combs,MIKE,Jacksonville Jaguars,Jaguars,26,75,228,Wake Forest,1,50,14,7,2000,62,Field General - MLB,Launch Ratings,1,,,,,,,,93,81,59,45,65,21,41,53,58,73,49,53,77,69,86,53,82,18,22,10,23,55,45,45,45,6,57,51,45,80,22,18,21,24,45,45,45,Default Stride Loose,53,83,50,88,44,71,77,6,6,6,6,23,12,86,44,61
m27-1,13448,Brett,Toth,Brett Toth,C,San Francisco 49ers,49ers,30,78,304,Army,7,78,1,9,1996,62,Agile - C,Launch Ratings,1,,,,,,,,68,67,68,10,20,12,8,40,33,52,15,10,24,79,84,10,64,15,20,10,80,12,67,65,66,6,15,10,10,24,15,15,15,15,73,70,72,Default Stride Awkward,15,67,10,79,19,81,32,6,6,6,6,30,16,85,25,15
m27-1,22057,Brittain,Brown,Brittain Brown,HB,Chicago Bears,Bears,28,73,205,UCLA,4,38,10,10,1997,62,Power Back - HB,Launch Ratings,1,,,,,,,,84,77,73,77,32,23,78,87,65,78,45,10,35,39,84,76,83,17,16,43,33,20,37,30,39,10,23,10,20,41,43,35,44,50,34,28,36,Short Stride Default,46,82,68,81,73,73,37,10,15,20,10,25,13,81,78,27
m27-1,4746,Carl,Jones,Carl Jones,MIKE,Baltimore Ravens,Ravens,25,72,230,UCLA,1,48,8,8,2001,62,Field General - MLB,Launch Ratings,1,,,,,,,,88,79,60,45,64,22,31,55,55,71,43,53,79,72,88,50,82,19,19,10,23,54,45,45,45,6,58,52,42,79,23,20,23,26,45,45,45,Short Stride Loose,42,89,42,87,41,70,80,6,6,6,6,23,12,87,43,60
m27-1,10205,Carsen,Ryan,Carsen Ryan,TE,Cleveland Browns,Browns,23,75,255,BYU,0,48,21,8,2003,62,Possession - TE,Launch Ratings,1,,,,,,,,87,82,62,67,53,24,65,73,80,76,73,45,52,62,90,67,81,32,35,47,56,38,57,58,58,45,42,49,24,55,63,47,51,59,59,58,59,Long Stride High and Tight,71,82,61,83,65,77,53,34,21,12,25,25,34,86,63,38
m27-1,4762,Chris,Edmonds,Chris Edmonds,SS,Cleveland Browns,Browns,25,74,215,Arizona St.,1,41,16,7,2001,62,Hybrid - S,Launch Ratings,1,,,,,,,,89,79,59,61,55,15,52,62,63,80,57,33,75,54,88,65,78,15,16,45,15,65,35,35,35,6,57,32,71,71,23,17,22,31,35,35,35,Default Stride Loose,59,90,59,87,45,59,62,6,6,6,6,25,10,87,45,68
m27-1,23286,Chris,Stoll,Chris Stoll,LS,Seattle Seahawks,Seahawks,28,74,255,Penn State,3,41,3,8,1998,62,Accurate - LS,Launch Ratings,1,,,,,,,,74,61,49,33,43,10,15,61,46,53,44,10,60,67,91,34,71,12,13,10,55,15,53,50,52,6,32,10,14,39,32,34,38,40,55,49,54,Default Stride Awkward,42,75,29,72,45,65,48,6,9,16,7,33,10,80,42,14
m27-1,13643,Christian,Kuntz,Christian Kuntz,LS,Pittsburgh Steelers,Steelers,32,73,228,Duquesne,6,46,13,4,1994,62,Power - LS,Launch Ratings,1,,,,,,,,85,78,50,50,62,12,40,44,61,75,46,53,80,65,90,49,78,20,20,15,25,39,45,45,45,6,51,58,45,76,16,22,24,29,45,45,45,Default Stride Loose,42,79,45,77,46,76,76,6,6,15,6,25,10,85,45,49
m27-1,15111,CJ,Dippre,CJ Dippre,TE,New England Patriots,Patriots,24,77,256,Alabama,1,81,29,4,2002,62,Possession - TE,Launch Ratings,1,,,,,,,,85,75,61,64,31,25,62,67,74,63,71,14,32,67,88,60,83,14,17,15,57,13,59,60,60,16,25,11,16,35,67,47,52,58,64,63,67,Long Stride High and Tight,72,83,54,81,60,78,34,16,20,25,20,35,20,82,62,14
m27-1,15254,Cody,Lindenberg,Cody Lindenberg,MIKE,Las Vegas Raiders,Raiders,24,74,236,Minnesota,1,55,15,1,2002,62,Field General - MLB,Launch Ratings,1,,,,,,,,81,79,64,42,64,30,34,55,57,77,48,50,78,72,83,48,87,18,21,10,23,54,45,45,45,14,63,48,46,79,24,21,24,27,45,45,45,Default Stride Loose,51,82,39,86,37,71,77,17,20,23,28,26,17,83,40,62
m27-1,21357,Cole,Christiansen,Cole Christiansen,WILL,Kansas City Chiefs,Chiefs,29,73,230,Army,6,48,30,7,1997,62,Run Stopper - OLB,Launch Ratings,1,,,,,,,,82,66,60,57,66,12,40,60,57,54,40,50,77,77,90,47,80,13,18,42,24,47,45,45,48,6,64,56,40,80,12,10,17,30,45,45,45,Default Stride Loose,35,82,40,82,39,73,79,6,6,6,6,25,16,87,48,53
m27-1,4636,Dalton,Cooper,Dalton Cooper,LT,Green Bay Packers,Packers,25,79,326,Oklahoma St.,1,78,15,3,2001,62,Power - OT,Launch Ratings,1,,,,,,,,72,55,60,13,29,13,9,26,23,59,15,13,25,78,88,10,70,11,14,10,82,11,69,66,69,6,15,19,10,31,14,5,5,15,70,67,71,Long Stride Awkward,15,73,10,81,16,86,24,6,6,6,6,15,11,82,25,11
m27-1,16407,Dan,Villari,Dan Villari,TE,Los Angeles Rams,Rams,24,76,243,Syracuse,0,38,29,6,2002,62,Vertical Threat - TE,Launch Ratings,1,,,,,,,,84,82,58,67,40,59,69,74,82,77,73,37,43,59,90,70,85,33,33,35,56,22,55,56,55,63,38,36,17,36,61,50,54,60,58,56,57,Long Stride Loose,74,80,65,85,63,74,35,59,64,66,64,76,57,88,67,39
m27-1,1378,David,Martin-Robinson,David Martin-Robinson,TE,Tennessee Titans,Titans,26,75,247,Temple,2,88,26,12,1999,62,Vertical Threat - TE,Launch Ratings,1,,,,,,,,87,81,52,74,39,11,65,72,78,81,74,10,30,68,87,68,84,19,21,18,57,14,60,56,60,20,18,10,17,37,64,52,54,60,61,56,60,Long Stride Default,75,85,58,80,64,70,39,14,20,25,26,20,10,84,65,21
m27-1,22152,DeAngelo,Malone,DeAngelo Malone,MIKE,Atlanta Falcons,Falcons,27,76,240,W. Kentucky,4,50,12,7,1999,62,Field General - MLB,Launch Ratings,1,,,,,,,,89,81,67,30,68,15,22,32,37,73,29,71,80,72,91,43,85,27,32,10,21,40,45,45,45,6,63,63,44,78,12,6,8,15,45,45,45,Long Stride Loose,31,86,35,76,31,72,75,6,6,6,6,21,10,78,32,50
m27-1,10228,Delby,Lemieux,Delby Lemieux,RG,Minnesota Vikings,Vikings,22,77,305,Dartmouth,0,62,6,11,2003,62,Agile - G,Launch Ratings,1,,,,,,,,79,67,59,18,34,12,17,29,36,54,15,27,42,74,88,10,66,15,12,10,70,12,68,70,71,6,26,33,10,29,12,5,5,11,69,68,72,Default Stride Awkward,15,72,10,85,16,85,38,6,6,6,6,15,10,88,37,15
m27-1,21403,Demetrius,Flannigan-Fowles,Demetrius Flannigan-Fowles,MIKE,Buffalo Bills,Bills,29,74,223,Arizona,7,50,4,9,1996,62,Pass Coverage - MLB,Launch Ratings,1,,,,,,,,84,76,66,54,61,15,45,55,67,74,57,58,77,69,91,69,83,24,28,40,10,58,35,35,30,6,63,43,60,79,24,22,27,37,35,35,30,Default Stride Loose,66,86,61,82,51,65,74,6,6,6,6,27,12,81,48,65
m27-1,1166,Devin,Culp,Devin Culp,TE,Tampa Bay Buccaneers,Buccaneers,26,76,237,Washington,2,82,2,2,2000,62,Vertical Threat - TE,Launch Ratings,1,,,,,,,,92,74,69,71,29,14,67,71,76,77,73,17,27,57,90,68,85,15,18,18,51,14,51,49,50,6,22,17,17,28,64,47,51,58,53,50,51,Long Stride Default,72,89,62,81,64,68,33,6,10,15,10,30,10,84,65,21
m27-1,4612,Donovan,McMillon,Donovan McMillon,FS,Cleveland Browns,Browns,24,74,203,Pittsburgh,1,31,18,6,2002,62,Zone - S,Launch Ratings,1,,,,,,,,86,84,58,61,51,14,51,61,69,87,56,32,75,57,88,61,84,15,19,78,25,61,35,35,35,6,55,35,57,74,22,12,14,24,35,35,35,Default Stride Loose,57,90,57,87,43,65,65,6,6,6,6,24,12,87,48,64
m27-1,4620,Dorian,Mausi Jr,Dorian Mausi Jr,WILL,Tennessee Titans,Titans,24,73,234,Auburn,1,54,5,3,2002,62,Run Stopper - OLB,Launch Ratings,1,,,,,,,,83,77,61,44,63,23,35,57,53,76,44,51,77,70,86,55,80,21,27,10,25,54,45,45,45,6,58,48,45,79,18,14,19,24,45,45,45,Default Stride Loose,52,83,43,85,41,68,78,6,6,6,6,21,12,85,47,60
m27-1,4709,Drew,Moss,Drew Moss,LG,Tennessee Titans,Titans,23,75,303,Colorado St.,1,67,21,5,2003,62,Agile - G,Launch Ratings,1,,,,,,,,80,63,57,14,28,12,9,27,21,61,14,10,23,77,89,11,79,14,13,10,78,11,69,66,68,6,15,10,10,29,15,5,5,13,70,67,69,Default Stride Awkward,14,72,10,85,15,84,24,6,6,6,6,12,10,87,22,12
m27-1,10231,Drey,Norwood,Drey Norwood,CB,Los Angeles Rams,Rams,23,72,187,Missouri,0,26,27,1,2003,62,Zone - CB,Launch Ratings,1,,,,,,,,90,80,61,58,46,14,52,59,64,80,60,38,57,43,85,69,79,12,14,48,14,64,35,35,35,6,55,35,67,69,32,15,19,22,35,35,35,Default Stride Loose,65,89,62,86,39,63,59,6,6,6,6,24,10,82,32,65
m27-1,20335,Easton,Stick,Easton Stick,QB,Indianapolis Colts,Colts,30,73,224,North Dakota St.,7,4,15,9,1995,62,Strong Arm - QB,Launch Ratings,1,,,,,,,,85,89,65,77,23,74,68,65,27,85,22,10,20,22,93,65,78,28,29,10,14,11,13,13,14,78,17,10,10,30,16,14,16,21,12,16,21,Default,18,84,68,79,43,65,23,72,75,78,77,83,72,90,55,17
m27-1,22990,Eku,Leota,Eku Leota,REDG,Arizona Cardinals,Cardinals,27,75,252,Auburn,3,54,11,5,1999,62,Power Rusher - DE,Launch Ratings,1,,,,,,,,81,74,55,52,72,11,35,59,58,72,54,52,82,78,85,50,75,28,31,10,40,45,40,40,40,6,56,65,35,76,44,24,35,43,45,45,45,Default Stride Loose,57,78,45,77,54,78,78,5,6,10,7,22,7,87,51,51
m27-1,1341,Elias,Neal,Elias Neal,MIKE,Los Angeles Rams,Rams,24,72,221,Marshall,2,58,11,9,2001,62,Field General - MLB,Launch Ratings,1,,,,,,,,88,75,63,55,65,23,42,64,68,76,60,41,79,76,87,64,84,15,20,15,15,47,45,45,45,37,65,46,48,80,12,6,12,22,45,45,45,Default Stride Loose,57,84,56,83,45,70,77,17,22,27,21,31,22,85,50,56
m27-1,13522,Elijah,Campbell,Elijah Campbell,FS,NY Giants,Giants,31,71,195,Northern Iowa,8,28,24,8,1995,62,Hybrid - S,Launch Ratings,1,,,,,,,,83,84,62,64,48,15,55,60,70,80,45,41,54,46,84,74,92,17,18,56,15,65,34,33,33,6,60,35,65,69,27,11,16,26,34,33,34,Short Stride Loose,62,89,65,86,29,61,60,6,6,6,6,27,10,76,28,66
m27-1,4720,Elijah,Williams,Elijah Williams,DT,Minnesota Vikings,Vikings,23,75,298,Morgan St.,1,99,9,9,2002,62,Power Rusher - DT,Launch Ratings,1,,,,,,,,72,71,58,20,71,12,15,35,37,59,15,59,76,87,86,15,76,13,16,10,27,18,45,45,45,6,56,67,15,71,15,5,7,15,45,45,45,Default Stride Awkward,20,65,15,83,25,84,77,6,6,6,6,20,10,86,25,22
m27-1,4717,Eric,Rogers,Eric Rogers,CB,Los Angeles Chargers,Chargers,24,74,189,Rutgers,1,39,2,4,2002,62,Manto Man - CB,Launch Ratings,1,,,,,,,,90,84,58,60,43,12,51,54,63,81,59,31,58,45,81,72,83,13,15,50,16,66,30,30,30,6,56,27,68,70,25,14,16,26,35,35,35,Long Stride Loose,62,86,64,88,32,59,55,6,6,6,6,25,10,83,28,68
m27-1,14737,Ethan,Driskell,Ethan Driskell,LT,Kansas City Chiefs,Chiefs,26,80,313,Marshall,2,75,29,6,2000,62,Power - OT,Launch Ratings,1,,,,,,,,58,69,56,28,37,20,34,26,28,52,25,10,25,79,83,33,67,25,29,36,76,11,63,68,67,15,22,10,12,31,17,5,10,15,67,72,71,Long Stride Awkward,24,64,28,79,36,87,34,10,15,20,15,15,19,84,25,10
m27-1,21683,Garret,Wallow,Garret Wallow,MIKE,San Francisco 49ers,49ers,27,74,230,TCU,5,49,25,1,1999,62,Field General - MLB,Launch Ratings,1,,,,,,,,84,79,68,45,63,12,29,53,47,64,36,56,75,69,91,41,79,26,30,25,15,60,42,43,42,6,67,52,48,76,25,6,10,20,45,45,44,Default Stride Awkward,39,83,35,82,34,69,78,6,6,6,6,24,10,84,33,58
m27-1,1814,Garrett,DiGiorgio,Garrett DiGiorgio,RG,Jacksonville Jaguars,Jaguars,23,79,320,UCLA,0,74,3,4,2003,62,Power - G,Launch Ratings,1,,,,,,,,64,55,62,12,32,12,15,32,31,51,19,31,47,76,87,10,73,15,16,10,70,15,70,71,70,6,26,56,10,28,11,5,5,12,72,69,71,Long Stride Awkward,12,60,10,86,12,84,41,6,6,6,6,15,10,88,39,32
m27-1,1815,Gary,Smith III,Gary Smith III,DT,Las Vegas Raiders,Raiders,24,73,319,UCLA,0,75,1,11,2001,62,Speed Rusher - DT,Launch Ratings,1,,,,,,,,65,53,63,24,71,17,44,37,22,42,24,57,78,85,86,24,70,18,13,16,27,15,45,45,45,6,62,65,11,76,13,4,7,15,45,45,45,Long Stride Awkward,24,57,24,72,25,81,81,6,6,6,6,25,10,81,42,17
m27-1,10203,Gavin,Gerhardt,Gavin Gerhardt,C,Minnesota Vikings,Vikings,24,76,309,Cincinnati,0,58,21,3,2002,62,Agile - C,Launch Ratings,1,,,,,,,,66,63,64,17,46,12,10,32,31,58,18,26,34,77,93,18,65,14,14,10,77,13,71,70,71,6,39,24,10,36,14,5,5,10,72,69,72,Long Stride Awkward,14,65,10,87,26,84,36,6,6,6,6,17,6,89,35,13
m27-1,15136,Hollin,Pierce,Hollin Pierce,RG,Philadelphia Eagles,Eagles,25,80,341,Rutgers,1,63,19,4,2001,62,Power - G,Launch Ratings,1,,,,,,,,64,51,59,11,25,14,9,22,23,45,13,10,25,79,87,10,61,12,13,10,77,12,66,68,67,6,15,15,10,25,13,5,5,13,67,69,68,Long Stride Awkward,15,60,10,81,13,88,27,6,6,6,6,12,14,83,31,13
m27-1,10223,Isaiah,Jatta,Isaiah Jatta,RT,Las Vegas Raiders,Raiders,22,78,315,BYU,0,72,27,5,2004,62,Power - OT,Launch Ratings,1,,,,,,,,68,54,58,17,24,15,17,24,28,49,15,10,28,77,86,10,69,11,15,10,76,12,69,70,69,6,15,10,10,27,15,5,5,15,72,69,70,Long Stride Loose,15,68,10,89,18,84,23,6,6,6,6,13,10,85,25,15
m27-1,13846,J.T.,Gray,J.T. Gray,SS,Philadelphia Eagles,Eagles,30,72,202,Mississippi St.,8,48,18,1,1996,62,Zone - S,Launch Ratings,1,,,,,,,,89,80,57,58,54,27,51,58,62,79,51,46,76,53,91,66,81,14,17,60,10,56,35,35,35,6,54,40,61,80,26,15,20,30,35,35,35,Default Stride Loose,62,90,59,86,61,65,72,6,6,6,6,31,10,81,54,63
m27-1,22521,Jack,Cochrane,Jack Cochrane,SAM,Kansas City Chiefs,Chiefs,27,75,236,South Dakota,4,43,9,2,1999,62,Run Stopper - OLB,Launch Ratings,1,,,,,,,,89,74,51,64,62,34,52,63,62,75,54,51,74,67,90,61,92,15,21,25,38,49,49,45,50,22,55,45,36,82,45,39,44,47,45,45,45,Default,50,83,52,76,55,70,78,24,26,29,32,35,21,75,52,62
m27-1,22636,Jacob,Hummel,Jacob Hummel,MIKE,Houston Texans,Texans,27,73,229,Iowa State,4,33,4,1,1999,62,Field General - MLB,Launch Ratings,1,,,,,,,,87,84,64,48,60,17,41,56,65,76,55,43,79,67,92,55,78,15,20,10,31,53,45,45,45,6,65,45,46,80,21,14,24,31,45,45,45,Default,58,86,46,80,42,67,76,6,6,6,6,22,15,88,33,59
m27-1,10240,Jacob,Spomer,Jacob Spomer,C,Los Angeles Chargers,Chargers,23,75,290,Fresno State,0,60,10,10,2002,62,Power - C,Launch Ratings,1,,,,,,,,70,69,61,10,29,15,6,31,26,61,14,27,37,76,87,10,70,21,15,10,73,12,70,71,72,6,10,31,10,27,13,5,5,12,73,71,71,Default Stride Awkward,13,68,10,83,10,86,30,6,6,6,6,19,10,85,25,12
m27-1,10236,Jacob,Rizy,Jacob Rizy,C,New England Patriots,Patriots,24,77,306,Florida State,0,64,13,1,2002,62,Power - C,Launch Ratings,1,,,,,,,,79,71,60,11,10,11,12,32,31,63,14,10,25,72,87,10,75,14,19,10,73,12,70,71,72,6,18,10,10,15,14,5,5,11,71,69,70,Default Stride Awkward,13,66,10,83,12,89,33,6,6,6,6,16,10,82,21,12
m27-1,10218,Jacobian,Guillory,Jacobian Guillory,DT,Los Angeles Chargers,Chargers,25,74,318,LSU,0,95,12,10,2000,62,Speed Rusher - DT,Launch Ratings,1,,,,,,,,62,54,62,16,72,12,14,34,22,45,23,58,77,82,90,16,69,15,15,15,23,13,45,45,45,6,61,66,14,74,12,3,5,15,45,45,45,Default Stride Awkward,13,60,13,75,26,82,80,6,6,6,6,15,10,82,35,15
m27-1,22631,Jalen,Virgil,Jalen Virgil,WR,Buffalo Bills,Bills,28,73,210,Appalach. St.,4,87,13,7,1998,62,Deep Threat - WR,Launch Ratings,1,,,,,,,,92,80,46,79,28,22,76,75,73,79,75,11,35,47,84,82,87,16,19,79,28,16,19,21,38,14,21,11,22,34,75,58,61,60,19,25,44,Default Stride Loose,72,94,76,80,59,65,32,16,18,21,18,24,19,82,54,18
m27-1,4781,Jarius,Monroe,Jarius Monroe,FS,NY Jets,Jets,25,74,205,Tulane,1,25,6,10,2000,62,Hybrid - S,Launch Ratings,1,,,,,,,,89,78,60,63,48,11,50,59,63,81,53,35,77,54,89,64,83,17,18,48,15,66,35,35,35,6,58,32,66,72,25,17,20,25,35,35,35,Default Stride Loose,57,86,58,88,42,59,65,6,6,6,6,27,10,88,41,67
m27-1,10230,Jaxson,Moi,Jaxson Moi,DT,Los Angeles Rams,Rams,22,74,305,Tennessee,0,98,11,1,2004,62,Speed Rusher - DT,Launch Ratings,1,,,,,,,,68,59,63,14,71,12,25,32,24,55,25,57,75,82,88,10,69,12,13,10,29,14,45,45,45,6,62,65,12,74,10,4,7,15,45,45,45,Default Stride Awkward,15,66,10,73,15,81,77,6,6,6,6,17,10,80,36,16
m27-1,15135,Joe,Huber,Joe Huber,RG,Minnesota Vikings,Vikings,24,77,310,Wisconsin,1,60,2,5,2002,62,Power - G,Launch Ratings,1,,,,,,,,70,61,55,13,25,12,9,23,22,55,15,10,28,79,83,10,70,12,11,10,78,11,68,70,69,6,13,17,10,24,12,5,5,14,67,68,68,Long Stride Awkward,14,66,10,75,16,86,27,6,6,6,6,14,12,81,30,12
m27-1,1846,John Michael,Gyllenborg,John Michael Gyllenborg,TE,Kansas City Chiefs,Chiefs,24,77,251,Wyoming,0,84,7,8,2002,62,Vertical Threat - TE,Launch Ratings,1,,,,,,,,90,79,55,66,35,27,65,73,76,78,77,34,44,58,85,66,85,28,29,32,54,27,54,55,54,25,27,34,16,46,63,51,56,61,54,55,55,Long Stride Default,76,86,60,80,65,76,45,21,33,36,28,15,26,82,63,37
m27-1,28334,Josh,Johnson,Josh Johnson,QB,Cincinnati Bengals,Bengals,40,75,219,San Diego,17,11,15,5,1986,62,Field General - QB,Launch Ratings,1,,,,,,,,81,81,67,77,24,71,61,60,54,74,41,10,12,30,91,70,81,25,25,10,20,15,15,25,15,66,15,10,10,20,43,19,25,32,20,30,15,Default Stride Loose,34,80,73,72,30,53,30,67,72,80,79,84,75,70,24,20
m27-1,10149,Kahlil,Benson,Kahlil Benson,RT,Kansas City Chiefs,Chiefs,24,78,321,Indiana,0,70,20,8,2002,62,Power - OT,Launch Ratings,1,,,,,,,,70,58,61,10,28,12,5,26,24,55,10,10,31,79,89,10,75,12,11,10,75,12,67,68,68,6,10,10,10,16,12,5,5,10,72,71,71,Default Stride Awkward,12,70,10,86,15,83,38,6,6,6,6,15,10,86,26,15
m27-1,15259,Karene,Reid,Karene Reid,MIKE,Denver Broncos,Broncos,26,72,226,Utah,1,47,19,2,2000,62,Field General - MLB,Launch Ratings,1,,,,,,,,89,78,61,47,62,23,35,53,51,73,42,52,78,70,85,49,79,43,47,10,23,56,45,45,45,6,58,49,49,80,21,18,20,22,45,45,45,Default Stride Loose,45,83,44,86,43,70,78,6,6,6,6,21,12,87,35,62
m27-1,1263,Karsen,Barnhart,Karsen Barnhart,LG,Green Bay Packers,Packers,25,77,306,Michigan,2,61,2,3,2001,62,Agile - G,Launch Ratings,1,,,,,,,,75,57,63,17,20,12,8,29,19,57,10,10,62,77,90,10,74,14,14,15,79,10,69,69,66,6,22,20,10,27,15,5,5,10,69,68,68,Long Stride Awkward,12,65,10,78,15,82,55,6,6,6,6,22,15,88,29,17
m27-1,22637,Keir,Thomas II,Keir Thomas II,LEDG,Los Angeles Rams,Rams,28,74,260,Florida State,4,11,25,1,1998,62,Power Rusher - DE,Launch Ratings,1,,,,,,,,84,69,52,35,66,12,32,45,44,67,31,52,85,80,88,30,75,12,13,10,29,16,40,40,40,7,51,72,27,81,14,5,5,15,45,45,45,Default Stride Loose,34,77,25,72,40,75,74,7,6,6,8,25,7,84,48,24
m27-1,4785,Keleki,Latu,Keleki Latu,TE,Buffalo Bills,Bills,24,79,244,Washington,1,83,13,8,2002,62,Possession - TE,Launch Ratings,1,,,,,,,,87,81,62,64,35,13,62,70,75,73,73,12,35,61,87,63,74,14,17,13,55,15,58,62,60,6,25,11,15,37,64,51,58,63,55,59,61,Default Stride Loose,74,76,52,82,60,67,32,6,10,15,10,25,10,83,59,17
m27-1,22354,Kevin,Austin Jr,Kevin Austin Jr,WR,New Orleans Saints,Saints,26,74,200,Notre Dame,4,81,30,3,2000,62,Deep Threat - WR,Launch Ratings,1,,,,,,,,94,90,48,73,34,23,65,71,75,85,76,11,42,48,85,69,92,22,23,50,30,38,19,21,40,6,42,11,43,39,72,63,65,66,18,23,46,Default Stride Loose,75,91,64,82,49,67,38,6,10,15,10,32,21,86,38,35
m27-1,1407,Kyle,Hergel,Kyle Hergel,RG,Chicago Bears,Bears,26,75,315,Boston College,2,60,7,10,1999,62,Power - G,Launch Ratings,1,,,,,,,,69,57,66,14,28,12,7,27,26,60,14,10,33,81,93,11,76,14,13,10,74,12,67,71,69,6,25,10,8,29,15,5,5,13,67,63,65,Default Stride Awkward,14,59,10,85,15,88,34,5,6,10,7,22,10,82,22,11
m27-1,21851,Landon,Young,Landon Young,RT,NY Jets,Jets,29,79,321,Kentucky,5,67,21,8,1997,62,Power - OT,Launch Ratings,1,,,,,,,,76,60,68,14,36,12,8,22,28,43,26,17,35,76,83,13,75,22,20,10,72,12,64,68,66,6,21,22,10,33,21,7,13,22,70,66,68,Default Stride Awkward,23,65,10,80,10,90,32,6,6,12,6,35,10,89,24,12
m27-1,1446,Liam,Anderson,Liam Anderson,WILL,Cincinnati Bengals,Bengals,26,75,226,Holy Cross,3,45,30,4,2000,62,Run Stopper - OLB,Launch Ratings,1,,,,,,,,88,80,56,64,63,15,50,62,65,76,53,49,79,70,87,58,81,13,14,10,25,57,45,45,45,6,55,57,58,77,21,8,14,17,45,45,45,Default Stride Loose,56,87,47,84,43,70,76,6,6,6,6,22,10,86,44,66
m27-1,22467,Luke,Tenuta,Luke Tenuta,RT,Indianapolis Colts,Colts,27,80,314,Virginia Tech,4,67,1,9,1999,62,Power - OT,Launch Ratings,1,,,,,,,,63,59,70,15,57,12,11,35,34,54,15,43,47,75,89,10,78,13,21,10,83,10,74,67,70,6,42,54,10,51,15,5,5,20,66,64,65,Long Stride Awkward,15,58,10,82,19,81,49,6,6,6,6,23,8,75,25,12
m27-1,1272,Maema,Njongmeta,Maema Njongmeta,MIKE,Carolina Panthers,Panthers,25,72,232,Wisconsin,2,45,9,3,2001,62,Field General - MLB,Launch Ratings,1,,,,,,,,84,73,64,27,65,12,23,46,53,65,44,44,83,77,90,37,83,14,18,10,19,52,45,45,45,6,67,48,49,78,20,5,6,10,45,45,45,Long Stride Loose,41,80,30,78,31,66,79,6,6,6,6,23,12,85,30,63
m27-1,16358,Marcus,Allen,Marcus Allen,CB,Minnesota Vikings,Vikings,22,73,197,North Carolina,0,29,27,4,2004,62,Manto Man - CB,Launch Ratings,1,,,,,,,,88,83,61,55,45,18,39,60,68,89,52,34,57,51,88,73,92,16,19,42,16,63,35,35,35,6,60,33,62,69,39,14,17,20,35,35,35,Default Stride Loose,64,89,61,90,37,57,52,6,6,6,6,26,13,82,39,65
m27-1,22662,Maurice,Alexander,Maurice Alexander,WR,Chicago Bears,Bears,29,71,173,FIU,5,13,10,1,1997,62,Deep Threat - WR,Launch Ratings,1,,,,,,,,87,87,52,81,26,59,67,67,73,83,70,14,27,35,87,82,82,17,23,84,22,25,12,10,25,48,32,15,21,32,52,60,62,64,11,13,29,Default Stride Loose,72,89,75,80,38,43,24,49,51,54,62,61,34,72,34,33
m27-1,22913,Michael,Jurgens,Michael Jurgens,C,Minnesota Vikings,Vikings,26,77,307,Wake Forest,2,65,1,1,2000,62,Agile - C,Launch Ratings,1,,,,,,,,70,67,69,19,20,8,9,20,26,54,15,10,29,71,90,13,78,22,23,10,79,12,68,68,70,5,17,10,10,26,15,7,11,13,74,71,71,Default Stride Awkward,15,58,10,80,24,80,30,6,6,6,8,23,8,85,28,15
m27-1,22568,Michael,Bandy,Michael Bandy,WR,Denver Broncos,Broncos,28,70,190,San Diego,5,83,5,12,1997,62,Slot - WR,Launch Ratings,1,,,,,,,,88,86,55,80,22,24,72,71,77,84,76,10,19,40,89,76,78,20,21,60,20,18,19,20,30,24,24,10,10,35,55,65,64,69,29,31,41,Short Stride Default,72,86,67,87,39,49,25,14,19,29,23,32,12,80,37,25
m27-1,15110,Moliki,Matavao,Moliki Matavao,TE,New Orleans Saints,Saints,23,78,260,UCLA,1,80,17,3,2003,62,Possession - TE,Launch Ratings,1,,,,,,,,80,76,66,66,40,28,65,69,77,69,72,28,37,63,89,61,79,29,21,29,58,30,53,54,54,23,23,32,11,39,64,53,55,62,60,63,63,Long Stride Default,72,79,60,83,57,76,40,10,20,16,19,17,24,88,67,23
m27-1,23348,Nate,Adkins,Nate Adkins,TE,Denver Broncos,Broncos,27,75,252,South Carolina,3,45,9,7,1999,62,Possession - TE,Launch Ratings,1,,,,,,,,79,75,52,61,36,22,54,73,79,71,76,21,40,69,89,59,77,19,21,15,60,20,59,61,62,13,28,24,17,39,59,49,55,61,62,63,62,Long Stride Default,78,77,53,82,56,74,38,14,20,25,21,28,10,85,61,26
m27-1,1149,Nick,Samac,Nick Samac,C,Carolina Panthers,Panthers,25,76,314,Michigan St.,2,60,21,8,2001,62,Power - C,Launch Ratings,1,,,,,,,,72,64,70,32,34,11,30,35,24,54,22,31,44,77,87,21,63,13,21,10,78,14,68,67,66,10,46,41,10,33,11,5,5,10,71,69,70,Default Stride Awkward,27,65,15,81,25,84,42,15,14,21,11,24,15,88,35,18
m27-1,10225,Rohan,Jones,Rohan Jones,TE,Los Angeles Rams,Rams,23,75,236,Arkansas,0,46,7,10,2002,62,Possession - TE,Launch Ratings,1,,,,,,,,78,79,64,65,19,18,64,69,77,70,74,10,12,60,88,65,81,14,19,30,55,15,55,56,56,20,21,10,10,25,62,52,56,62,57,58,58,Long Stride Default,75,81,59,86,64,75,33,10,15,20,10,25,14,86,60,13
m27-1,15340,Sebastian,Castro,Sebastian Castro,FS,Pittsburgh Steelers,Steelers,25,71,203,Iowa,1,49,14,10,2000,62,Zone - S,Launch Ratings,1,,,,,,,,90,80,60,63,48,27,53,64,64,81,55,34,75,54,88,64,78,18,19,54,25,64,35,35,35,19,58,31,63,71,27,19,18,27,35,35,35,Default Stride Loose,59,86,56,88,46,59,63,19,22,25,25,34,26,87,47,68
m27-1,1163,Solomon,Byrd,Solomon Byrd,LEDG,Houston Texans,Texans,26,75,255,USC,2,50,1,12,1999,62,Smaller Speed Rusher - DE,Launch Ratings,1,,,,,,,,76,67,66,32,72,17,21,38,39,63,25,61,74,81,84,48,78,12,14,10,26,30,35,35,35,8,67,63,33,77,7,5,7,14,40,40,40,Long Stride Loose,32,72,42,74,35,73,74,6,7,9,6,22,10,83,43,32
m27-1,10229,Tamon,Lynum,Tamon Lynum,CB,Pittsburgh Steelers,Steelers,24,74,185,Pittsburgh,0,42,23,4,2002,62,Manto Man - CB,Launch Ratings,1,,,,,,,,89,74,61,57,47,16,58,61,67,84,60,38,60,67,86,68,77,14,16,48,15,66,35,35,35,6,57,32,65,68,33,15,18,21,35,35,35,Long Stride Loose,62,89,68,85,36,55,50,6,6,6,6,21,10,83,36,64
m27-1,4670,TeRah,Edwards,TeRah Edwards,DT,Los Angeles Chargers,Chargers,25,74,305,Illinois,1,96,3,6,2001,62,Power Rusher - DT,Launch Ratings,1,,,,,,,,70,61,58,23,72,12,15,37,36,58,23,61,79,84,87,19,65,12,18,10,26,17,45,45,45,6,56,69,16,68,15,5,7,15,45,45,45,Long Stride Loose,19,65,17,87,29,87,76,6,6,6,6,20,10,88,32,23
m27-1,10235,Tomas,Rimac,Tomas Rimac,RG,Minnesota Vikings,Vikings,23,78,317,Virginia Tech,0,67,20,1,2003,62,Power - G,Launch Ratings,1,,,,,,,,77,61,61,15,23,12,9,26,25,61,15,10,23,74,86,10,75,11,11,10,72,12,69,70,69,6,11,16,10,25,15,5,5,15,68,67,67,Default Stride Awkward,15,71,10,82,15,89,24,6,6,6,6,13,10,82,25,13
m27-1,4695,Trey,Washington,Trey Washington,FS,Indianapolis Colts,Colts,23,70,205,Ole Miss,1,41,9,12,2002,62,Hybrid - S,Launch Ratings,1,,,,,,,,92,77,60,59,45,16,56,58,64,72,57,33,76,57,86,71,86,14,18,74,12,63,35,35,35,6,58,35,60,71,14,10,13,23,35,35,35,Default Stride Loose,55,89,63,87,31,67,64,6,6,6,6,25,13,84,32,66
m27-1,22509,Tristin,McCollum,Tristin McCollum,FS,Las Vegas Raiders,Raiders,27,75,195,Sam Houston,4,27,3,5,1999,62,Hybrid - S,Launch Ratings,1,,,,,,,,93,91,51,72,47,32,63,61,65,89,57,35,62,50,89,75,89,14,15,45,18,65,29,29,29,15,50,29,62,73,25,19,24,28,33,33,33,Default Stride Loose,63,89,65,83,47,57,60,8,10,15,21,26,13,76,42,67
m27-1,4751,Vershon,Lee,Vershon Lee,LG,Minnesota Vikings,Vikings,24,76,318,South Carolina,1,66,7,12,2001,62,Power - G,Launch Ratings,1,,,,,,,,77,52,59,15,27,12,9,21,21,51,15,10,22,78,87,10,76,11,11,10,79,12,65,67,68,6,13,15,10,27,12,5,5,10,67,70,70,Default Stride Awkward,14,67,10,81,10,85,24,6,6,6,6,13,10,82,28,13
m27-1,16204,West,Weeks,West Weeks,MIKE,Indianapolis Colts,Colts,24,73,230,LSU,0,47,13,8,2002,62,Pass Coverage - MLB,Launch Ratings,1,,,,,,,,89,80,57,32,62,12,45,68,63,70,50,48,79,75,88,39,77,21,22,10,56,60,45,45,45,6,55,52,40,79,14,5,5,15,45,45,45,Default Stride High and Tight,49,87,36,85,45,71,76,6,6,6,6,24,10,84,46,65
m27-1,22484,A.J.,Arcuri,A.J. Arcuri,LT,Los Angeles Rams,Rams,29,79,312,Michigan St.,4,61,13,8,1997,61,Power - OT,Launch Ratings,1,,,,,,,,60,57,66,12,22,12,13,30,22,52,15,10,35,82,91,10,81,12,10,10,84,10,65,61,63,6,15,10,10,25,13,10,12,15,71,69,70,Long Stride Awkward,15,56,10,81,10,87,27,6,6,6,6,12,14,85,20,11
m27-1,16332,Alan,Herron,Alan Herron,RT,New Orleans Saints,Saints,23,75,308,Maryland,0,70,10,3,2003,61,Power - OT,Launch Ratings,1,,,,,,,,67,47,59,15,29,12,19,31,32,44,15,29,41,74,83,10,78,14,14,10,72,11,70,72,72,6,24,51,10,30,14,5,5,15,70,67,67,Default Stride Awkward,11,69,10,85,17,83,38,6,6,6,6,19,10,81,38,14
m27-1,10226,Bangally,Kamara,Bangally Kamara,WILL,Minnesota Vikings,Vikings,24,74,235,Kansas,0,59,13,10,2001,61,Run Stopper - OLB,Launch Ratings,1,,,,,,,,87,79,58,45,66,12,34,56,60,75,43,54,81,69,87,50,75,22,19,10,19,60,45,45,45,6,54,59,45,79,18,5,5,15,45,45,45,Default,46,83,42,85,43,69,70,6,6,6,6,24,10,86,44,65
m27-1,4770,Barry,Wesley,Barry Wesley,LT,New Orleans Saints,Saints,27,79,310,Colorado St.,1,69,14,7,1999,61,Power - OT,Launch Ratings,1,,,,,,,,66,54,64,15,22,12,8,22,24,53,12,10,23,78,87,22,63,12,15,10,77,11,68,69,70,6,13,15,10,24,12,6,9,19,67,68,69,Default Stride Awkward,15,60,13,82,19,81,26,6,6,6,6,13,14,81,22,12
m27-1,15157,Brandon,Crenshaw-Dickson,Brandon Crenshaw-Dickson,RT,Tennessee Titans,Titans,25,79,316,Florida,1,78,22,2,2001,61,Power - OT,Launch Ratings,1,,,,,,,,63,60,59,27,24,28,12,25,19,54,16,10,25,78,88,10,63,11,16,10,79,11,70,68,69,6,14,13,10,23,12,5,5,17,69,67,67,Long Stride Awkward,18,61,10,82,13,86,25,6,6,8,6,12,14,83,25,15
m27-1,1442,Cam,Grandy,Cam Grandy,TE,Cincinnati Bengals,Bengals,26,77,253,Illinois St.,2,85,19,11,1999,61,Possession - TE,Launch Ratings,1,,,,,,,,84,72,53,76,29,21,68,73,78,67,77,16,32,63,88,66,73,22,24,35,56,18,55,60,60,5,32,14,25,32,65,47,53,59,59,57,60,Long Stride Default,77,76,60,78,69,77,38,6,10,13,10,23,6,85,69,25
m27-1,4697,Esa,Pole,Esa Pole,LT,Kansas City Chiefs,Chiefs,25,79,319,Wash. St.,1,79,4,7,2001,61,Power - OT,Launch Ratings,1,,,,,,,,65,52,57,17,25,12,6,24,27,57,24,10,25,78,87,11,72,13,12,10,74,11,68,71,70,6,13,14,10,25,16,5,5,16,71,69,70,Long Stride Awkward,19,63,12,82,15,83,25,6,6,6,6,17,11,84,27,12
m27-1,4694,Federico,Maranges,Federico Maranges,C,Seattle Seahawks,Seahawks,24,74,302,FAU,1,62,5,10,2001,61,Power - C,Launch Ratings,1,,,,,,,,75,58,60,25,37,12,12,29,33,57,10,25,42,79,85,24,76,24,20,10,79,13,67,69,68,6,20,32,10,33,12,5,5,10,67,70,71,Default Stride Awkward,12,66,18,83,31,86,32,6,6,6,6,22,15,84,30,15
m27-1,14634,Frank,Gore Jr,Frank Gore Jr,HB,Buffalo Bills,Bills,24,68,201,Southern Miss,2,20,13,3,2002,61,Elusive Back - HB,Launch Ratings,1,,,,,,,,87,81,73,77,23,35,70,81,64,80,54,10,30,43,90,76,75,31,29,44,22,13,30,22,35,29,23,10,20,32,49,39,46,50,22,20,26,Default,53,84,68,90,70,66,28,32,39,43,48,46,33,92,69,12
m27-1,15230,Howard,Cross III,Howard Cross III,DT,Cincinnati Bengals,Bengals,25,73,285,Notre Dame,1,95,31,7,2001,61,Power Rusher - DT,Launch Ratings,1,,,,,,,,70,66,57,25,69,12,17,43,35,52,22,59,78,86,89,19,71,14,18,10,28,18,45,45,45,6,56,65,16,68,15,5,7,15,45,45,45,Default Stride Awkward,25,64,18,84,30,85,79,6,6,6,6,20,10,87,30,23
m27-1,16354,Isaiah,World,Isaiah World,LT,Los Angeles Chargers,Chargers,22,80,318,Oregon,0,67,16,9,2003,61,Power - OT,Launch Ratings,1,,,,,,,,71,53,62,19,34,13,18,54,29,51,15,29,55,73,84,27,72,13,42,10,70,11,68,68,69,6,23,54,10,28,17,5,5,14,72,70,69,Long Stride Awkward,16,63,10,88,12,83,42,6,6,6,6,10,10,84,22,18
m27-1,4756,Ja'Markis,Weston,Ja'Markis Weston,MIKE,Seattle Seahawks,Seahawks,26,75,235,Florida,1,46,10,8,2000,61,Field General - MLB,Launch Ratings,1,,,,,,,,83,74,61,48,60,12,44,54,65,74,49,50,78,72,86,50,72,20,20,10,18,57,45,45,45,6,59,49,63,79,25,27,30,33,45,45,45,Default Stride Awkward,57,84,51,87,46,72,79,6,6,6,6,21,10,87,46,64
m27-1,15261,Jay,Higgins IV,Jay Higgins IV,MIKE,Baltimore Ravens,Ravens,24,72,230,Iowa,1,49,14,2,2002,61,Field General - MLB,Launch Ratings,1,,,,,,,,84,83,62,45,63,22,31,56,53,76,41,51,80,73,88,51,80,19,23,10,24,53,45,45,45,6,60,53,42,78,26,22,25,28,45,45,45,Default Stride Loose,51,78,43,88,41,68,79,6,6,6,6,23,12,87,42,61
m27-1,10209,Jerand,Bradley,Jerand Bradley,TE,Los Angeles Chargers,Chargers,23,77,223,Kansas State,0,36,10,10,2002,61,Vertical Threat - TE,Launch Ratings,1,,,,,,,,84,77,48,70,35,17,68,72,79,73,77,10,41,54,87,72,79,19,21,59,50,16,53,52,53,20,17,10,23,33,66,52,59,65,54,52,54,Long Stride Default,80,85,66,84,62,69,37,10,15,20,10,25,10,84,58,20
m27-1,4778,Jeremiah,Byers,Jeremiah Byers,RT,Cleveland Browns,Browns,25,76,320,Florida State,1,63,23,3,2001,61,Power - OT,Launch Ratings,1,,,,,,,,71,54,60,12,28,13,9,22,22,53,15,10,24,79,88,10,73,14,13,10,78,11,67,68,68,6,15,12,10,27,13,5,5,12,68,69,70,Default Stride Awkward,13,65,10,82,11,81,28,6,6,6,6,16,11,80,23,12
m27-1,10190,Joey,Aguilar,Joey Aguilar,QB,Jacksonville Jaguars,Jaguars,25,75,225,Tennessee,0,17,16,6,2001,61,Field General - QB,Launch Ratings,1,,,,,,,,83,75,44,69,22,71,64,66,34,73,23,20,23,21,89,62,77,29,27,31,17,18,15,15,15,78,27,20,11,24,17,17,20,23,10,10,20,Long Stride Default,25,80,56,91,43,63,20,76,76,80,78,88,76,90,51,23
m27-1,4643,Josh,Priebe,Josh Priebe,LG,Miami Dolphins,Dolphins,25,77,306,Michigan,1,68,30,7,2001,61,Power - G,Launch Ratings,1,,,,,,,,70,60,59,12,28,14,9,23,25,56,14,10,28,78,86,10,71,11,15,10,76,10,65,67,67,6,15,17,10,29,10,5,5,10,66,68,69,Long Stride Awkward,15,65,10,80,14,86,26,6,6,6,6,14,11,85,30,12
m27-1,23326,Kahlef,Hailassie,Kahlef Hailassie,SS,Minnesota Vikings,Vikings,25,73,195,W. Kentucky,3,25,9,11,2000,61,Hybrid - S,Launch Ratings,1,,,,,,,,90,92,56,66,47,21,51,53,70,88,61,43,66,47,91,73,79,11,11,55,26,62,30,30,30,15,55,35,73,72,27,14,21,28,35,35,35,Default Stride Loose,63,88,67,85,52,53,55,10,10,15,15,25,11,87,44,67
m27-1,16207,Lake,McRee,Lake McRee,TE,Pittsburgh Steelers,Steelers,23,76,243,USC,0,81,4,9,2002,61,Possession - TE,Launch Ratings,1,,,,,,,,80,75,52,66,42,30,66,68,81,62,76,30,42,59,88,69,77,28,33,45,54,24,56,55,56,40,35,28,23,45,64,53,58,64,57,56,57,Long Stride Default,77,79,63,87,63,76,39,11,26,26,29,32,35,85,60,35
m27-1,22718,Malik,Cunningham,Malik Cunningham,WR,Detroit Lions,Lions,27,72,198,Louisville,3,15,6,10,1998,61,Slot - WR,Launch Ratings,1,,,,,,,,90,90,53,86,19,75,76,67,76,85,70,10,22,27,91,76,82,11,17,45,21,10,10,10,21,82,15,10,10,27,56,54,56,60,7,7,32,Default Stride Loose,72,88,76,82,47,63,29,69,73,74,77,87,75,92,45,12
m27-1,10180,Mark,Gronowski,Mark Gronowski,QB,Miami Dolphins,Dolphins,24,74,226,Iowa,0,16,5,10,2001,61,Strong Arm - QB,Launch Ratings,1,,,,,,,,86,83,41,79,42,76,72,66,57,78,35,35,38,40,92,68,89,29,33,46,42,37,15,15,15,77,41,33,41,48,31,31,28,38,39,32,35,Default Stride Loose,38,82,62,90,60,68,40,75,77,80,77,85,75,91,68,42
m27-1,20842,Matt,Orzech,Matt Orzech,LS,Green Bay Packers,Packers,31,75,245,Azusa Pacific,7,42,12,4,1995,61,Accurate - LS,Launch Ratings,1,,,,,,,,76,76,59,43,40,10,15,64,56,70,44,10,61,71,88,37,84,14,11,10,54,15,40,50,50,10,37,10,25,45,41,25,30,35,35,40,43,Default Stride Awkward,45,77,25,77,45,73,44,10,10,10,10,26,10,88,29,25
m27-1,1336,Michael,Niese,Michael Niese,C,Detroit Lions,Lions,28,75,295,Temple,3,62,13,1,1998,61,Agile - C,Launch Ratings,1,,,,,,,,84,68,64,17,34,12,11,36,25,61,21,20,36,77,89,26,73,10,15,5,80,12,69,65,68,5,25,30,10,35,15,7,15,25,70,65,69,Long Stride Awkward,25,70,13,81,28,82,33,6,7,8,6,16,5,86,26,12
m27-1,4776,Nick,Jackson,Nick Jackson,MIKE,Tampa Bay Buccaneers,Buccaneers,25,73,235,Iowa,1,53,5,1,2001,61,Field General - MLB,Launch Ratings,1,,,,,,,,85,80,61,44,64,12,34,55,54,72,45,54,79,72,87,54,83,20,20,15,23,56,45,45,45,6,59,49,57,79,15,15,20,25,45,45,45,Default,45,81,46,87,41,64,79,6,6,6,6,27,13,86,43,62
m27-1,13834,Nick,Mullens,Nick Mullens,QB,Jacksonville Jaguars,Jaguars,31,72,210,Southern Miss,9,14,21,3,1995,61,Field General - QB,Launch Ratings,1,,,,,,,,78,71,60,58,29,52,49,57,34,70,25,26,28,38,85,57,76,13,18,10,28,15,15,25,16,79,15,10,10,19,24,10,16,21,20,20,28,Default Stride Loose,32,74,58,77,50,57,26,74,78,81,78,84,75,95,42,20
m27-1,1840,Nolan,Rucci,Nolan Rucci,LT,Indianapolis Colts,Colts,24,80,314,Penn State,0,76,5,8,2002,61,Power - OT,Launch Ratings,1,,,,,,,,58,55,58,19,35,15,18,35,37,52,17,52,46,79,87,10,74,14,18,10,77,13,68,70,69,6,23,45,10,29,13,5,5,14,73,69,71,Long Stride Awkward,13,58,10,88,19,84,35,6,6,6,6,18,10,86,27,15
m27-1,10238,Paul,Rubelt,Paul Rubelt,RT,Tampa Bay Buccaneers,Buccaneers,25,82,313,UCF,0,76,28,4,2001,61,Power - OT,Launch Ratings,1,,,,,,,,71,52,59,12,31,12,15,43,22,58,17,36,38,73,86,10,78,10,14,10,69,13,68,71,70,6,29,44,10,21,14,5,5,12,70,67,67,Long Stride Awkward,15,73,10,86,12,84,30,6,6,6,6,19,10,86,21,15
m27-1,1488,Princeton,Fant,Princeton Fant,TE,Dallas Cowboys,Cowboys,27,74,235,Tennessee,3,85,11,3,1999,61,Vertical Threat - TE,Launch Ratings,1,,,,,,,,86,84,51,69,30,15,64,72,74,77,74,10,15,64,86,68,81,14,15,30,50,15,54,56,56,15,20,10,15,31,61,52,57,62,56,53,56,Long Stride Default,75,87,61,78,70,72,35,14,17,19,16,30,15,83,67,20
m27-1,22594,Raheem,Layne,Raheem Layne,FS,NY Giants,Giants,27,71,192,Indiana,4,43,2,7,1999,61,Zone - S,Launch Ratings,1,,,,,,,,92,75,59,70,54,15,65,60,54,75,49,41,76,53,87,71,83,17,19,35,25,60,35,35,35,6,55,35,66,76,15,19,22,25,35,35,35,Default Stride Loose,52,86,65,83,39,60,64,6,6,6,6,26,14,85,44,66
m27-1,1845,Riley,Nowakowski,Riley Nowakowski,TE,Pittsburgh Steelers,Steelers,24,74,250,Indiana,0,37,30,6,2002,61,Possession - TE,Launch Ratings,1,,,,,,,,80,72,59,64,58,26,61,70,80,66,76,40,50,61,85,64,82,25,27,50,53,45,56,56,57,25,41,36,33,56,62,50,54,60,58,57,58,Long Stride High and Tight,73,84,58,84,63,72,56,10,15,20,20,24,24,89,62,49
m27-1,22009,Sam,Kamara,Sam Kamara,DT,Cleveland Browns,Browns,28,73,272,Stony Brook,5,92,21,12,1997,61,Power Rusher - DT,Launch Ratings,1,,,,,,,,67,69,60,35,72,12,23,45,38,64,23,59,80,79,88,25,72,26,30,10,35,29,45,45,45,6,58,71,45,76,15,5,5,10,45,45,45,Default Stride Loose,27,72,20,74,48,78,75,6,6,6,6,16,18,82,56,34
m27-1,1495,Sebastian,Gutierrez,Sebastian Gutierrez,LG,New England Patriots,Patriots,28,77,308,Minot State,3,61,6,7,1998,61,Power - G,Launch Ratings,1,,,,,,,,70,65,57,15,30,15,10,25,20,57,10,10,38,84,87,12,73,8,10,10,77,8,61,65,64,5,16,18,9,26,12,5,6,12,63,67,67,Default Stride Awkward,15,68,10,80,14,88,33,6,7,9,6,21,5,85,30,9
m27-1,10246,Tanner,Wall,Tanner Wall,FS,Las Vegas Raiders,Raiders,26,73,205,BYU,0,41,12,12,1999,61,Zone - S,Launch Ratings,1,,,,,,,,90,87,58,63,57,27,49,60,64,85,24,37,69,57,88,68,89,12,14,45,24,56,35,35,35,6,56,32,64,72,27,20,21,22,35,35,35,Default Stride Loose,60,88,53,89,46,60,64,6,6,6,6,32,12,85,54,63
m27-1,23368,Tommy,DeVito,Tommy DeVito,QB,New England Patriots,Patriots,28,74,210,Illinois,3,16,7,8,1998,61,Strong Arm - QB,Launch Ratings,1,,,,,,,,87,82,63,76,14,69,57,65,32,80,13,10,20,23,91,66,80,21,22,10,17,10,10,10,10,75,20,10,9,26,10,11,14,15,12,12,12,Default Stride Loose,15,84,63,75,70,62,21,69,76,80,76,83,73,84,45,10
m27-1,22605,Tre,Avery,Tre Avery,CB,Cleveland Browns,Browns,29,71,181,Rutgers,4,11,26,2,1997,61,Zone - CB,Launch Ratings,1,,,,,,,,91,90,54,72,35,17,67,53,68,93,56,31,55,35,87,77,90,11,13,64,14,62,35,35,35,6,53,25,54,65,25,25,30,35,35,35,35,Default Stride Loose,64,90,70,82,26,60,44,6,6,6,6,24,10,73,28,67
m27-1,4639,Willie,Lampkin IV,Willie Lampkin IV,C,Philadelphia Eagles,Eagles,24,71,290,North Carolina,1,61,22,1,2002,61,Agile - C,Launch Ratings,1,,,,,,,,74,59,65,15,26,12,9,22,20,59,15,10,22,75,86,10,61,11,11,10,79,12,68,65,69,6,15,15,10,27,12,5,5,10,71,68,70,Default Stride Awkward,14,65,10,81,15,82,23,6,6,6,6,17,14,81,30,12
m27-1,15148,Xavier,Truss,Xavier Truss,RT,New Orleans Saints,Saints,25,79,320,Georgia,1,74,13,7,2001,61,Power - OT,Launch Ratings,1,,,,,,,,68,57,57,11,27,13,9,21,23,47,13,10,23,78,86,10,66,12,14,10,77,11,65,68,68,6,15,16,10,22,11,5,5,11,66,69,69,Long Stride Awkward,13,64,10,80,17,88,27,6,6,6,6,14,12,84,31,12
m27-1,4700,Amari,Kight,Amari Kight,RT,Seattle Seahawks,Seahawks,25,77,299,UCF,1,79,21,12,2000,60,Power - OT,Launch Ratings,1,,,,,,,,64,48,59,14,23,12,10,25,22,47,14,10,25,77,85,10,71,13,14,10,76,11,73,71,71,6,14,19,10,25,12,5,5,13,69,68,68,Default Stride Awkward,12,64,10,82,16,78,23,6,6,6,6,13,10,79,23,11
m27-1,1805,Behren,Morton,Behren Morton,QB,New England Patriots,Patriots,24,73,218,Texas Tech,0,15,17,1,2002,60,Field General - QB,Launch Ratings,1,,,,,,,,81,78,47,66,23,65,61,66,44,76,27,20,22,42,88,53,75,22,20,33,34,10,15,15,15,78,19,20,15,27,18,15,20,25,10,15,15,Default,30,76,46,93,36,61,29,72,78,82,79,86,77,90,59,13
m27-1,4713,Benjamin,Chukwuma,Benjamin Chukwuma,LT,Tampa Bay Buccaneers,Buccaneers,25,78,310,Georgia State,1,70,8,5,2001,60,Power - OT,Launch Ratings,1,,,,,,,,66,52,57,15,26,12,15,25,22,46,16,10,25,78,88,10,62,11,15,10,78,10,66,69,69,6,15,14,10,25,12,5,5,16,67,68,68,Long Stride Awkward,13,61,10,82,11,82,24,6,6,6,6,12,10,82,25,12
m27-1,22659,Benton,Whitley,Benton Whitley,LEDG,Cleveland Browns,Browns,27,75,260,Holy Cross,4,61,12,2,1999,60,Smaller Speed Rusher - DE,Launch Ratings,1,,,,,,,,86,79,49,45,67,13,36,45,47,70,42,66,73,67,91,55,80,13,16,10,25,34,35,35,35,5,51,60,35,76,25,21,24,30,40,40,40,Long Stride Awkward,51,78,52,74,39,76,72,5,6,7,7,21,9,86,31,41
m27-1,15115,Bryson,Nesbit,Bryson Nesbit,TE,Minnesota Vikings,Vikings,23,77,228,North Carolina,1,83,25,9,2002,60,Possession - TE,Launch Ratings,1,,,,,,,,82,74,60,64,32,15,62,72,77,71,74,13,33,61,85,63,79,15,17,17,54,16,54,58,59,6,26,12,15,35,62,52,57,63,55,55,58,Long Stride High and Tight,77,76,56,80,58,71,36,6,10,15,10,23,10,78,65,18
m27-1,4609,Caleb,Lohner,Caleb Lohner,TE,Denver Broncos,Broncos,24,79,250,Utah,1,84,1,10,2001,60,Vertical Threat - TE,Launch Ratings,1,,,,,,,,81,79,59,64,41,13,60,70,74,65,77,10,38,61,87,60,88,14,18,24,45,19,60,57,60,10,18,10,17,43,57,53,57,64,53,52,53,Long Stride Loose,77,83,56,79,56,75,37,10,10,15,10,25,15,83,58,22
m27-1,4607,Cam,Miller,Cam Miller,QB,Miami Dolphins,Dolphins,25,73,210,North Dakota St.,1,15,18,6,2001,60,Field General - QB,Launch Ratings,1,,,,,,,,78,83,53,77,28,53,62,60,30,80,22,10,25,32,95,61,78,26,30,10,26,10,10,12,16,78,15,10,10,33,15,15,19,19,10,15,29,Default,25,78,53,93,43,64,32,76,79,82,79,85,75,95,43,12
m27-1,4708,Corey,Bullock,Corey Bullock,C,Baltimore Ravens,Ravens,24,75,320,Maryland,2,67,9,12,2001,60,Power - C,Launch Ratings,1,,,,,,,,65,61,58,17,23,12,9,25,25,54,13,12,23,81,88,10,69,13,12,10,78,12,66,68,67,6,12,15,10,27,12,5,9,10,67,71,70,Default Stride Awkward,11,62,10,82,17,85,26,6,6,6,6,12,15,82,25,13
m27-1,16357,Diego,Pounds,Diego Pounds,LT,Baltimore Ravens,Ravens,23,78,335,Ole Miss,0,61,12,12,2002,60,Power - OT,Launch Ratings,1,,,,,,,,73,55,61,16,26,14,14,31,24,55,15,24,33,72,86,10,74,13,19,10,69,14,69,71,71,6,26,60,10,25,15,5,5,15,69,67,67,Long Stride Awkward,17,67,10,82,16,81,42,6,6,6,6,11,10,89,22,14
m27-1,1374,Evan,Deckers,Evan Deckers,LS,Tampa Bay Buccaneers,Buccaneers,27,75,252,Duke,3,86,23,2,1999,60,Power - LS,Launch Ratings,1,,,,,,,,62,56,55,39,41,10,20,65,67,63,62,10,12,54,93,45,70,18,29,10,43,14,45,55,50,6,34,10,32,24,33,24,38,43,34,39,44,Default,60,67,35,79,40,62,39,6,6,6,6,35,10,82,46,23
m27-1,14803,Graham,Mertz,Graham Mertz,QB,Houston Texans,Texans,25,75,212,Florida,1,18,6,12,2000,60,Field General - QB,Launch Ratings,1,,,,,,,,75,78,52,53,18,58,54,55,27,77,23,24,19,26,84,46,65,18,32,21,26,17,31,27,28,80,35,15,18,18,25,18,16,22,30,27,22,Long Stride Default,24,77,40,83,28,60,21,70,80,84,73,86,79,83,35,21
m27-1,16309,James,Neal III,James Neal III,LT,Houston Texans,Texans,23,78,325,Iowa State,0,70,18,3,2003,60,Power - OT,Launch Ratings,1,,,,,,,,72,49,59,14,27,11,15,30,28,51,14,24,36,73,85,10,80,13,13,10,75,18,67,68,67,6,27,63,10,24,13,5,5,14,71,68,69,Long Stride Awkward,14,66,10,83,16,86,44,6,6,6,6,13,10,81,24,15
m27-1,4630,Jared,Penning,Jared Penning,LG,Baltimore Ravens,Ravens,25,77,319,Northern Iowa,1,68,17,9,2000,60,Agile - G,Launch Ratings,1,,,,,,,,63,57,58,12,23,12,9,22,21,52,15,10,24,77,86,10,66,14,13,10,78,11,68,67,68,6,15,16,10,29,11,5,5,14,69,68,69,Default Stride Awkward,15,61,10,84,15,82,23,6,6,6,6,12,15,85,20,12
m27-1,16372,Jaren,Kanak,Jaren Kanak,TE,Tennessee Titans,Titans,22,74,234,Oklahoma,0,81,10,2,2004,60,Vertical Threat - TE,Launch Ratings,1,,,,,,,,88,77,56,65,55,35,63,68,79,78,74,43,66,57,92,65,86,30,25,59,52,56,52,55,55,35,61,47,52,62,60,46,51,58,53,56,55,Long Stride Default,75,88,59,82,64,76,66,30,34,39,41,54,36,90,63,62
m27-1,10157,Jim,Bonifas,Jim Bonifas,C,Miami Dolphins,Dolphins,23,77,318,Iowa State,0,62,27,6,2003,60,Power - C,Launch Ratings,1,,,,,,,,72,52,59,19,33,11,14,30,32,49,16,21,37,77,85,10,78,12,14,10,70,9,70,71,71,6,28,28,10,28,12,5,5,11,71,69,69,Default Stride Awkward,14,68,10,84,16,84,40,6,6,6,6,10,10,82,28,12
m27-1,2605,Joe,Cardona,Joe Cardona,LS,Los Angeles Rams,Rams,34,75,245,Navy,11,49,16,4,1992,60,Accurate - LS,Launch Ratings,1,,,,,,,,72,68,48,35,40,10,15,70,56,60,44,10,61,69,94,25,80,14,11,10,53,15,40,50,57,10,24,10,25,35,42,25,30,35,35,40,45,Default Stride Awkward,45,74,25,69,45,80,44,10,10,10,10,35,10,88,29,25
m27-1,4628,Johnny,Walker Jr,Johnny Walker Jr,WILL,Denver Broncos,Broncos,24,75,250,Missouri,1,59,12,12,2001,60,Run Stopper - OLB,Launch Ratings,1,,,,,,,,78,61,62,45,64,23,41,59,52,65,43,52,79,72,85,51,78,16,18,10,24,54,45,45,45,6,59,49,45,78,26,22,25,28,45,45,45,Default Stride Loose,46,78,45,85,42,73,78,6,6,6,6,22,12,87,45,60
m27-1,10243,Josh,Thompson,Josh Thompson,RG,Kansas City Chiefs,Chiefs,23,76,315,LSU,0,62,9,10,2002,60,Agile - G,Launch Ratings,1,,,,,,,,65,54,60,17,36,12,9,28,23,54,13,20,47,73,88,10,71,13,48,10,69,12,70,71,72,6,29,24,10,34,15,5,5,11,69,67,67,Default Stride Awkward,15,62,10,85,18,85,37,6,6,6,6,21,10,83,28,14
m27-1,22643,Josh,Sills,Josh Sills,RG,Indianapolis Colts,Colts,28,78,325,Oklahoma St.,4,66,26,1,1998,60,Power - G,Launch Ratings,1,,,,,,,,65,63,61,18,33,9,15,40,35,53,24,23,35,72,90,22,64,38,43,10,78,11,62,68,66,5,23,31,10,31,15,14,16,22,66,71,68,Long Stride Awkward,30,63,20,79,32,78,25,5,5,5,5,25,7,87,25,11
m27-1,22800,Justin,Shorter,Justin Shorter,WR,Las Vegas Raiders,Raiders,26,76,223,Florida,3,88,17,4,2000,60,Slot - WR,Launch Ratings,1,,,,,,,,88,77,52,75,38,21,70,72,80,74,76,10,35,51,84,71,88,11,16,40,35,21,54,51,53,6,25,10,30,37,64,66,65,68,51,48,51,Long Stride Default,78,87,63,85,51,69,39,6,10,15,10,34,15,84,61,27
m27-1,22000,Kemon,Hall,Kemon Hall,CB,Tampa Bay Buccaneers,Buccaneers,29,71,190,North Texas,6,37,2,6,1997,60,Manto Man - CB,Launch Ratings,1,,,,,,,,87,78,58,75,44,15,59,53,71,75,63,33,44,45,88,80,84,10,11,50,15,64,35,35,35,6,62,31,68,69,24,10,10,10,35,35,35,Short Stride Loose,67,86,72,87,30,58,55,6,6,6,6,25,10,68,26,66
m27-1,4675,Keondre,Jackson,Keondre Jackson,SS,Baltimore Ravens,Ravens,24,74,215,Illinois St.,1,39,2,5,2002,60,Hybrid - S,Launch Ratings,1,,,,,,,,83,86,57,62,45,14,51,60,64,82,61,36,61,53,89,75,85,16,15,51,15,69,30,30,30,6,60,30,72,68,24,18,23,30,35,35,35,Default Stride Loose,64,83,62,88,33,65,57,6,6,6,6,28,10,84,29,65
m27-1,13691,Kyle,Allen,Kyle Allen,QB,Buffalo Bills,Bills,30,75,210,Houston,8,11,8,3,1996,60,Field General - QB,Launch Ratings,1,,,,,,,,76,73,62,52,21,60,33,56,24,75,18,9,11,22,89,49,71,15,18,11,12,12,18,14,17,74,21,9,9,28,19,15,17,18,10,10,16,Default Stride Loose,66,81,70,71,42,53,28,74,77,82,74,84,73,84,27,18
m27-1,1382,Messiah,Swinson,Messiah Swinson,TE,Green Bay Packers,Packers,26,79,259,Arizona St.,2,43,20,4,2000,60,Possession - TE,Launch Ratings,1,,,,,,,,75,66,61,67,42,21,52,73,76,60,77,13,46,62,87,65,73,22,24,35,52,28,59,60,61,5,45,18,35,44,65,51,55,62,58,53,57,Long Stride Default,76,77,60,78,68,72,41,6,10,13,10,23,6,81,64,35
m27-1,4729,Nick,Kallerup,Nick Kallerup,TE,Seattle Seahawks,Seahawks,25,77,266,Minnesota,1,89,27,3,2001,60,Possession - TE,Launch Ratings,1,,,,,,,,83,65,62,62,26,11,48,69,73,64,76,17,35,70,92,56,81,19,21,15,63,14,55,57,58,16,20,17,15,30,58,45,50,57,66,64,66,Long Stride Default,76,81,49,81,53,72,31,11,20,25,12,30,10,85,59,18
m27-1,10089,Noah,Avinger,Noah Avinger,FS,Los Angeles Chargers,Chargers,24,72,190,Utah State,0,31,28,9,2001,60,Zone - S,Launch Ratings,1,,,,,,,,89,79,56,63,47,14,46,61,67,81,24,34,64,59,89,61,91,14,18,65,22,61,35,35,35,6,53,32,67,75,25,24,29,23,35,35,35,Long Stride Loose,60,87,59,88,43,61,59,6,6,6,6,25,13,84,45,66
m27-1,23016,Shaka,Heyward,Shaka Heyward,MIKE,Cincinnati Bengals,Bengals,26,75,238,Duke,3,50,19,4,2000,60,Field General - MLB,Launch Ratings,1,,,,,,,,89,73,57,44,65,12,32,52,51,73,50,42,77,77,88,31,76,12,15,15,15,54,45,45,45,6,53,55,43,77,12,6,12,22,45,45,45,Short Stride Default,51,88,24,78,27,74,77,5,6,10,7,22,10,84,40,60
m27-1,20890,Stephen,Carlson,Stephen Carlson,TE,Chicago Bears,Bears,29,76,248,Princeton,7,88,12,12,1996,60,Possession - TE,Launch Ratings,1,,,,,,,,82,81,54,65,35,17,52,74,76,75,76,10,45,62,84,65,79,19,21,39,49,19,59,55,60,6,19,10,23,33,62,50,54,59,60,57,60,Long Stride Default,77,78,59,79,67,70,37,6,10,15,10,25,10,83,65,23
m27-1,13723,Trent,Scott,Trent Scott,RT,Washington Commanders,Commanders,32,77,320,Grambling St.,8,73,25,1,1994,60,Power - OT,Launch Ratings,1,,,,,,,,57,53,65,12,28,12,7,32,27,43,15,20,24,78,90,11,66,19,18,9,76,11,67,68,67,6,19,26,10,29,16,5,5,14,62,70,67,Default Stride Awkward,15,67,12,83,15,80,28,6,6,6,6,22,11,88,20,14
m27-1,14898,Amari,Gainer,Amari Gainer,MIKE,New England Patriots,Patriots,26,75,236,North Carolina,2,99,22,6,2000,59,Field General - MLB,Launch Ratings,1,,,,,,,,85,76,64,31,67,16,46,53,53,77,50,62,81,80,90,46,81,17,17,20,23,56,14,15,33,19,57,60,46,78,28,5,5,15,20,21,41,Long Stride Loose,52,85,51,82,40,67,71,5,10,15,16,40,18,81,43,62
m27-1,14735,Andrew,Coker,Andrew Coker,RT,Cincinnati Bengals,Bengals,25,79,315,TCU,2,79,23,3,2001,59,Power - OT,Launch Ratings,1,,,,,,,,66,54,61,15,29,9,18,29,29,50,20,10,36,78,88,21,65,8,7,5,76,10,67,68,66,9,31,19,10,30,13,10,15,20,68,67,63,Long Stride Awkward,16,60,23,78,19,84,30,10,11,13,8,12,7,80,17,10
m27-1,4617,Cam'Ron,Silmon-Craig,Cam'Ron Silmon-Craig,SS,Jacksonville Jaguars,Jaguars,23,71,185,Colorado,1,42,30,10,2002,59,Zone - S,Launch Ratings,1,,,,,,,,83,76,60,63,47,14,63,60,67,78,59,30,73,50,87,63,75,14,18,75,25,63,35,35,35,6,57,31,62,74,21,12,14,24,35,35,35,Default Stride Loose,58,83,61,91,43,59,64,6,6,6,6,24,12,87,49,67
m27-1,4666,Carter,Runyon,Carter Runyon,TE,Las Vegas Raiders,Raiders,25,77,243,Towson,1,84,23,7,2001,59,Vertical Threat - TE,Launch Ratings,1,,,,,,,,81,77,60,65,38,15,61,71,75,77,70,15,32,60,86,64,87,11,17,13,53,12,56,59,58,6,26,14,14,36,60,49,54,60,53,53,59,Long Stride Default,71,85,52,81,58,74,35,6,10,15,10,24,10,80,64,18
m27-1,15009,Carter,Bradley,Carter Bradley,QB,Jacksonville Jaguars,Jaguars,26,75,221,South Alabama,2,10,9,3,2000,59,Strong Arm - QB,Launch Ratings,1,,,,,,,,88,79,42,79,18,69,60,58,30,75,14,10,16,19,87,57,81,19,21,23,15,12,10,10,13,78,30,10,13,23,13,10,10,13,25,25,16,Default Stride Loose,17,78,57,78,33,63,22,71,76,77,74,87,78,85,45,15
m27-1,10237,Corey,Robinson II,Corey Robinson II,RT,Cincinnati Bengals,Bengals,23,77,311,Arkansas,0,77,4,8,2003,59,Power - OT,Launch Ratings,1,,,,,,,,56,51,60,18,23,12,18,24,23,53,16,10,43,74,86,10,73,12,10,10,72,14,68,69,70,6,21,10,10,21,12,5,5,12,69,67,68,Long Stride Awkward,14,60,10,85,15,83,28,6,6,6,6,14,10,89,28,17
m27-1,21907,Curtis,Robinson,Curtis Robinson,WILL,Dallas Cowboys,Cowboys,28,75,235,Stanford,5,42,2,6,1998,59,Run Stopper - OLB,Launch Ratings,1,,,,,,,,84,82,57,40,59,12,29,56,51,76,47,44,75,67,88,42,89,17,18,10,18,45,45,45,45,6,55,43,52,74,12,5,5,15,45,45,45,Default Stride Loose,49,84,40,79,36,74,77,6,6,6,6,24,10,76,40,58
m27-1,21392,Dan,Chisena,Dan Chisena,WR,Carolina Panthers,Panthers,29,75,202,Penn State,6,88,25,2,1997,59,Deep Threat - WR,Launch Ratings,1,,,,,,,,87,87,62,68,50,22,62,67,75,84,71,10,60,56,86,72,86,11,11,40,36,20,22,24,42,6,36,10,10,63,62,62,59,61,28,34,51,Long Stride Default,76,90,66,86,49,57,59,6,10,15,10,30,21,80,54,25
m27-1,22422,Devin,Cochran,Devin Cochran,RT,Detroit Lions,Lions,28,79,310,Georgia Tech,4,77,17,7,1998,59,Power - OT,Launch Ratings,1,,,,,,,,73,60,64,14,42,15,19,35,24,52,21,28,35,81,88,10,74,14,18,10,75,10,59,65,63,6,32,33,10,34,11,10,12,15,64,66,65,Long Stride Awkward,22,68,10,78,20,83,32,6,6,6,6,16,10,79,21,10
m27-1,10244,Geno,VanDeMark,Geno VanDeMark,C,Indianapolis Colts,Colts,24,77,326,Alabama,0,63,22,6,2002,59,Power - C,Launch Ratings,1,,,,,,,,66,63,59,10,30,12,5,44,30,53,15,15,15,74,86,10,68,12,18,10,73,15,69,70,70,6,30,19,10,32,15,5,5,15,73,70,69,Default Stride Awkward,15,64,10,81,10,81,41,6,6,6,6,22,10,89,15,15
m27-1,15137,Jake,Majors,Jake Majors,C,Philadelphia Eagles,Eagles,24,75,304,Texas,1,75,17,1,2002,59,Power - C,Launch Ratings,0,,,,,,,,70,60,57,10,27,13,9,21,23,60,15,10,28,79,88,10,67,13,14,10,78,12,67,68,67,6,13,15,10,29,13,5,5,15,68,69,69,Default Stride Awkward,15,65,10,82,16,83,25,6,6,6,6,16,13,82,29,13
m27-1,15187,Jared,Ivey,Jared Ivey,LEDG,Seattle Seahawks,Seahawks,24,78,274,Ole Miss,1,51,5,12,2001,59,Power Rusher - DE,Launch Ratings,1,,,,,,,,66,66,60,32,72,12,21,34,35,58,20,71,77,77,87,34,75,13,15,10,20,36,45,45,45,6,58,64,32,79,15,5,7,15,45,45,45,Default Stride Awkward,21,67,28,78,33,74,76,6,6,6,6,20,10,84,31,46
m27-1,4668,Jayson,Jones,Jayson Jones,DT,Tampa Bay Buccaneers,Buccaneers,24,78,335,Auburn,1,93,29,10,2001,59,Speed Rusher - DT,Launch Ratings,1,,,,,,,,62,51,60,24,72,12,15,38,35,49,21,58,80,88,86,20,60,13,17,10,26,16,45,45,45,6,58,68,17,67,15,5,7,15,45,45,45,Long Stride Awkward,20,62,17,84,30,78,78,6,6,6,6,20,10,87,32,21
m27-1,21843,Jimmy,Morrissey,Jimmy Morrissey,C,Indianapolis Colts,Colts,28,75,303,Pittsburgh,5,65,9,6,1998,59,Agile - C,Launch Ratings,1,,,,,,,,80,68,70,10,24,12,5,36,35,59,10,22,31,82,90,10,76,25,25,10,80,12,63,61,62,6,32,31,10,29,12,5,5,10,68,64,66,Default Stride Awkward,12,61,10,82,10,81,37,6,6,6,6,30,13,82,15,15
m27-1,16275,Joe,Fagnano,Joe Fagnano,QB,Baltimore Ravens,Ravens,25,75,226,Connecticut,0,12,31,3,2001,59,Field General - QB,Launch Ratings,1,,,,,,,,82,82,55,65,24,66,60,67,33,79,26,20,24,21,82,56,84,26,30,27,23,18,15,15,15,75,20,15,10,27,18,18,20,23,10,15,21,Long Stride Default,22,78,47,89,46,64,24,71,75,80,76,86,74,86,50,19
m27-1,14792,Max,Brosmer,Max Brosmer,QB,Minnesota Vikings,Vikings,25,74,218,Minnesota,1,12,28,3,2001,59,Strong Arm - QB,Launch Ratings,1,,,,,,,,80,77,51,60,36,68,67,55,31,75,18,33,29,28,87,63,71,33,25,20,30,18,27,27,39,76,33,34,15,42,25,13,15,18,20,22,20,Default,16,79,57,84,45,70,32,70,80,77,75,87,73,86,49,14
m27-1,16362,Pete,Nygra,Pete Nygra,C,Kansas City Chiefs,Chiefs,24,76,300,Louisville,0,51,29,8,2002,59,Power - C,Launch Ratings,1,,,,,,,,74,47,62,11,44,11,15,25,30,51,12,37,43,76,88,10,75,11,17,10,78,18,69,71,72,6,26,43,10,32,14,5,5,13,72,69,69,Long Stride Awkward,12,66,10,82,14,74,43,6,6,6,6,22,10,83,32,17
m27-1,21973,Scott,Daly,Scott Daly,LS,Tampa Bay Buccaneers,Buccaneers,32,74,245,Notre Dame,6,71,7,2,1994,59,Accurate - LS,Launch Ratings,1,,,,,,,,70,64,51,27,38,10,15,63,49,61,51,10,46,63,91,27,69,15,14,10,44,15,55,53,54,6,38,10,11,51,21,25,31,39,46,44,46,Default Stride Awkward,47,71,22,68,46,72,51,6,6,10,6,35,9,74,34,19
m27-1,22900,Tyson,Bagent,Tyson Bagent,QB,Chicago Bears,Bears,26,75,212,Shepherd Univ.,3,17,8,6,2000,59,Field General - QB,Launch Ratings,1,,,,,,,,86,85,60,62,20,66,39,60,25,77,10,10,14,23,90,45,84,26,32,10,14,11,19,14,19,76,15,10,10,26,12,10,10,10,15,15,19,Long Stride Default,14,79,26,76,27,59,20,67,74,79,75,86,74,87,26,14
m27-1,5004,Uar,Bernard,Uar Bernard,DT,Philadelphia Eagles,Eagles,21,77,306,No College,0,93,10,10,2004,59,Speed Rusher - DT,Launch Ratings,1,,,,,,,,90,54,55,23,60,12,11,40,24,61,17,45,77,86,88,22,92,19,15,10,25,22,45,45,45,6,52,56,22,75,17,2,12,14,45,45,45,Long Stride Awkward,17,84,21,76,27,91,65,6,6,6,6,22,10,85,33,29
m27-1,5001,Will,Putnam,Will Putnam,C,Las Vegas Raiders,Raiders,26,76,301,Clemson,2,67,13,8,2000,59,Power - C,Launch Ratings,1,,,,,,,,69,56,58,10,26,12,9,25,24,58,19,10,18,78,87,10,67,15,15,10,78,10,67,68,68,6,19,10,10,26,15,5,5,13,68,69,69,Default Stride Awkward,15,62,10,84,10,86,12,6,6,6,6,14,10,85,24,10
m27-1,21930,Will,Sherman,Will Sherman,RG,New Orleans Saints,Saints,27,76,300,Colorado,5,66,27,5,1999,59,Power - G,Launch Ratings,1,,,,,,,,62,60,66,15,31,12,12,25,31,43,10,30,25,84,90,20,66,17,12,10,74,11,59,64,62,6,15,30,10,23,15,5,5,10,61,67,64,Long Stride Awkward,15,65,25,79,17,81,36,6,6,6,6,12,14,75,24,12
m27-1,4647,Ben,Scott,Ben Scott,C,Tampa Bay Buccaneers,Buccaneers,25,77,310,Nebraska,1,66,9,1,2001,58,Agile - C,Launch Ratings,1,,,,,,,,70,62,57,14,22,13,9,23,23,58,15,10,23,77,87,10,68,12,14,10,77,11,67,66,68,6,14,15,10,22,15,5,5,15,68,67,69,Long Stride Awkward,15,68,10,81,17,84,24,6,6,6,6,13,13,83,29,12
m27-1,10216,Courtland,Ford,Courtland Ford,LT,NY Jets,Jets,24,78,315,UCLA,0,75,6,9,2001,58,Power - OT,Launch Ratings,1,,,,,,,,67,51,59,12,24,12,18,24,28,48,17,10,46,73,88,10,68,12,10,10,72,11,67,68,67,6,22,10,10,21,13,5,5,11,68,67,67,Long Stride Awkward,17,59,10,86,13,80,26,6,6,6,6,14,10,86,24,16
m27-1,10241,Evan,Svoboda,Evan Svoboda,TE,Los Angeles Chargers,Chargers,23,77,251,Wyoming,0,49,31,3,2003,58,Vertical Threat - TE,Launch Ratings,1,,,,,,,,90,87,45,68,28,73,66,71,74,78,72,10,21,60,90,64,83,12,14,35,57,13,53,54,53,71,14,10,13,31,58,47,51,57,57,60,60,Long Stride Default,72,86,59,90,62,75,31,70,70,76,73,83,70,89,64,16
m27-1,10213,Greg,Crippen,Greg Crippen,C,Pittsburgh Steelers,Steelers,24,76,309,Michigan,0,61,17,2,2002,58,Power - C,Launch Ratings,1,,,,,,,,75,55,58,19,33,11,14,30,32,57,16,21,37,74,86,10,70,12,14,10,71,9,69,70,71,6,28,28,10,29,12,5,5,11,70,68,68,Default Stride Awkward,14,58,10,84,16,82,40,6,6,6,6,10,10,82,28,12
m27-1,14742,Kingsley,Eguakun,Kingsley Eguakun,C,Cleveland Browns,Browns,25,76,304,Florida,2,65,23,3,2001,58,Agile - C,Launch Ratings,1,,,,,,,,68,65,60,26,29,19,31,34,40,64,33,10,36,78,78,23,78,23,22,11,79,12,66,67,69,10,25,10,12,24,23,37,38,38,68,67,67,Long Stride Awkward,15,61,20,80,20,84,29,6,10,15,15,25,22,84,28,12
m27-1,22676,Nikola,Kalinic,Nikola Kalinic,TE,Chicago Bears,Bears,29,76,245,York University,5,86,21,1,1997,58,Possession - TE,Launch Ratings,1,,,,,,,,79,68,57,65,53,21,49,73,73,68,73,41,56,67,90,54,75,28,34,35,60,20,52,56,57,7,42,41,28,54,64,48,55,60,54,59,62,Long Stride Awkward,74,78,49,76,66,65,50,6,10,15,7,24,8,85,68,21
m27-1,21311,Rex,Sunahara,Rex Sunahara,LS,Cleveland Browns,Browns,29,78,242,West Virginia,2,50,9,10,1996,58,Accurate - LS,Launch Ratings,1,,,,,,,,77,67,50,29,25,17,25,58,55,59,46,25,48,59,88,21,72,18,29,10,44,15,53,58,60,12,28,34,21,62,26,29,34,40,35,39,53,Default,42,69,21,78,22,62,38,12,12,12,12,38,15,82,33,25
m27-1,14615,Sam,Hartman,Sam Hartman,QB,Washington Commanders,Commanders,27,73,211,Notre Dame,2,15,29,7,1999,58,Field General - QB,Launch Ratings,1,,,,,,,,84,77,46,70,26,63,59,63,28,80,14,10,24,25,93,60,73,26,30,18,25,10,12,16,25,76,14,10,10,28,20,10,15,20,19,19,25,Default,18,79,50,92,34,58,29,73,75,80,75,86,75,93,37,15
m27-1,22728,Sean,Clifford,Sean Clifford,QB,Cincinnati Bengals,Bengals,28,74,212,Penn State,3,4,14,7,1998,58,Field General - QB,Launch Ratings,1,,,,,,,,87,87,50,74,22,67,55,61,43,79,21,12,18,26,86,61,75,22,26,11,18,12,18,14,18,74,14,10,12,28,17,12,16,26,14,10,19,Long Stride Default,22,84,41,81,42,59,28,67,75,75,77,84,72,85,42,18
m27-1,15151,Torricelli,Simpkins III,Torricelli Simpkins III,C,New Orleans Saints,Saints,24,77,312,South Carolina,1,68,6,6,2002,58,Power - C,Launch Ratings,1,,,,,,,,66,41,61,15,26,15,9,24,24,51,16,10,24,77,88,10,72,14,13,10,79,12,67,69,68,6,13,17,10,23,14,5,5,11,68,70,70,Default Stride High and Tight,15,57,10,81,18,78,26,6,6,6,6,13,14,85,29,13
m27-1,10150,Austin,Blaske,Austin Blaske,C,Los Angeles Rams,Rams,24,77,310,North Carolina,0,64,29,11,2001,57,Agile - C,Launch Ratings,1,,,,,,,,77,63,58,15,34,12,8,25,26,56,15,16,33,74,86,10,72,13,17,10,71,12,67,69,69,6,15,21,10,25,15,5,5,10,72,68,68,Default Stride Awkward,15,66,10,85,15,77,39,6,6,6,6,13,10,85,33,13
m27-1,4775,Connor,Bazelak,Connor Bazelak,QB,Tampa Bay Buccaneers,Buccaneers,25,75,225,Bowling Green St.,1,16,22,9,2000,57,Strong Arm - QB,Launch Ratings,1,,,,,,,,82,79,50,63,23,58,64,55,27,76,18,24,19,26,85,56,80,18,27,21,26,17,26,22,28,75,35,25,18,23,25,14,16,18,20,27,22,Long Stride Default,17,79,54,83,40,67,21,70,78,78,73,87,73,87,41,16
m27-1,22461,Josh,Ross,Josh Ross,MIKE,Minnesota Vikings,Vikings,26,72,229,Michigan,4,52,31,10,1999,57,Field General - MLB,Launch Ratings,1,,,,,,,,85,71,60,43,58,10,37,55,59,68,54,60,82,69,88,52,81,13,12,40,24,55,45,45,44,6,56,50,37,82,15,5,5,15,45,45,45,Default Stride Loose,52,79,46,82,35,65,77,6,6,6,6,25,8,83,41,56
m27-1,23382,Patrick,O'Connell,Patrick O'Connell,MIKE,Seattle Seahawks,Seahawks,27,73,227,Montana,3,52,31,12,1998,57,Field General - MLB,Launch Ratings,1,,,,,,,,87,83,59,55,56,12,42,53,60,78,48,65,78,63,90,55,89,15,15,25,24,46,45,45,45,12,60,55,45,79,20,5,10,15,45,45,45,Default Stride Loose,52,82,51,80,47,62,76,11,15,21,11,31,8,75,48,51
m27-1,23344,Ricky,Lee,Ricky Lee,RT,Jacksonville Jaguars,Jaguars,26,77,305,N.C. AT,3,66,16,11,1999,57,Power - OT,Launch Ratings,1,,,,,,,,73,52,54,13,31,12,13,24,23,49,20,18,33,75,89,10,64,12,18,10,82,12,65,61,63,5,15,12,10,34,15,10,15,20,71,63,67,Long Stride Awkward,19,58,10,77,10,78,36,5,5,5,5,16,10,84,25,12
m27-1,21554,Sam,Ehlinger,Sam Ehlinger,QB,Denver Broncos,Broncos,27,73,222,Texas,5,4,30,9,1998,57,Strong Arm - QB,Launch Ratings,1,,,,,,,,79,80,53,78,23,71,70,65,70,76,45,10,17,31,86,69,85,14,18,10,27,10,16,14,18,77,18,10,10,29,21,23,27,36,10,15,25,Default Stride Loose,46,84,72,86,53,67,27,68,71,77,74,83,70,90,63,13
m27-1,21181,Julian,Good-Jones,Julian Good-Jones,C,Washington Commanders,Commanders,29,77,313,Iowa State,3,61,2,3,1997,56,Agile - C,Launch Ratings,1,,,,,,,,70,64,60,10,32,7,15,33,35,50,22,21,33,72,93,10,72,11,12,5,81,10,69,63,66,5,25,24,10,33,14,6,10,15,65,59,62,Long Stride Awkward,15,64,10,79,19,80,32,9,13,22,7,24,6,86,20,10
m27-1,2691,Trevor,Siemian,Trevor Siemian,QB,Atlanta Falcons,Falcons,34,75,220,Northwestern,10,13,26,12,1991,56,Field General - QB,Launch Ratings,1,,,,,,,,72,66,61,68,25,39,43,62,45,60,16,5,27,14,81,54,78,15,20,5,10,7,21,21,21,76,23,5,9,34,13,10,10,10,19,19,14,Default,17,72,40,69,35,59,31,69,75,79,68,82,71,77,30,7
m27-1,22680,Tucker,Addington,Tucker Addington,LS,Miami Dolphins,Dolphins,29,74,230,Sam Houston,4,46,16,7,1997,56,Accurate - LS,Launch Ratings,1,,,,,,,,65,62,54,33,38,15,22,65,54,51,50,10,47,65,90,26,66,23,26,10,52,14,45,48,54,6,27,10,10,52,49,40,42,47,47,48,53,Default Stride Awkward,49,70,23,73,31,62,47,11,13,15,6,41,11,74,23,14
m27-1,22429,Xavier,Newman,Xavier Newman,C,NY Jets,Jets,27,74,297,Baylor,4,65,4,8,1999,56,Agile - C,Launch Ratings,1,,,,,,,,75,43,60,15,26,11,14,25,20,43,14,13,35,81,89,11,68,12,15,10,68,10,64,60,62,6,15,18,10,22,11,5,8,10,71,63,67,Default Stride Awkward,13,66,12,79,22,81,31,6,6,10,6,15,10,88,29,10
m27-1,22480,Chris,Oladokun,Chris Oladokun,QB,Kansas City Chiefs,Chiefs,28,74,213,S. Dakota St.,4,19,3,9,1997,55,Strong Arm - QB,Launch Ratings,1,,,,,,,,83,80,45,68,23,65,52,60,41,76,21,10,18,28,90,58,79,23,23,22,21,9,12,16,12,73,15,10,9,32,17,13,16,19,23,18,21,Default,21,81,55,76,35,60,28,67,72,75,76,85,72,87,37,10
m27-1,21622,Feleipe,Franks,Feleipe Franks,TE,Carolina Panthers,Panthers,28,78,228,Arkansas,5,81,22,12,1997,55,Vertical Threat - TE,Launch Ratings,1,,,,,,,,83,77,62,73,22,65,59,70,76,78,71,9,24,52,87,66,79,53,61,40,52,12,49,47,49,75,15,9,10,28,56,48,51,56,51,46,50,Default,67,83,63,78,50,65,26,74,71,78,70,89,69,88,49,18
m27-1,21848,Foster,Sarell,Foster Sarell,LT,Washington Commanders,Commanders,28,78,322,Stanford,5,79,28,8,1998,55,Power - OT,Launch Ratings,1,,,,,,,,59,53,65,10,25,12,11,31,23,47,14,10,20,70,91,10,68,12,17,10,72,10,61,57,59,6,15,10,10,28,13,10,12,16,62,67,64,Long Stride Awkward,21,53,10,78,15,86,35,6,6,6,6,22,14,76,25,10
m27-1,17606,Brandon,Allen,Brandon Allen,QB,NY Giants,Giants,33,74,219,Arkansas,10,12,5,9,1992,54,Field General - QB,Launch Ratings,1,,,,,,,,69,75,61,52,21,56,30,59,26,73,20,9,11,21,85,47,70,20,21,13,11,12,18,14,17,75,21,9,9,28,19,15,17,18,10,10,16,Default,20,74,28,65,31,56,24,68,71,78,72,82,72,75,29,18
m27-1,21841,Ryan,McCollum,Ryan McCollum,C,Pittsburgh Steelers,Steelers,28,77,300,Texas AM,5,62,4,3,1998,54,Agile - C,Launch Ratings,1,,,,,,,,59,60,60,17,25,11,16,29,30,53,15,10,33,72,86,11,73,13,16,10,67,11,66,62,64,6,11,10,10,30,15,5,5,15,67,63,65,Default Stride Awkward,15,61,10,82,23,80,37,6,6,6,6,12,13,79,33,11
m27-1,4667,Nash,Hutmacher,Nash Hutmacher,LG,Tampa Bay Buccaneers,Buccaneers,25,76,312,Nebraska,1,64,15,5,2001,53,Power - G,Launch Ratings,1,,,,,,,,71,66,58,23,74,12,15,36,36,55,21,62,79,84,88,21,73,15,17,10,62,16,56,59,58,6,56,70,16,69,15,5,7,15,57,60,60,Long Stride Loose,20,66,17,84,30,84,78,6,6,6,6,20,10,87,33,22
m27-1,21710,Shane,Buechele,Shane Buechele,QB,Buffalo Bills,Bills,28,72,210,SMU,5,6,8,1,1998,52,Field General - QB,Launch Ratings,1,,,,,,,,75,71,57,64,11,50,37,61,32,68,21,9,18,32,89,55,74,21,24,10,25,15,20,20,20,66,15,10,10,20,19,10,16,18,20,20,24,Default Stride Loose,24,73,42,76,29,51,19,69,73,77,71,82,65,86,28,16
